# ************************************************************
# Sequel Pro SQL dump
# Version 4096
#
# http://www.sequelpro.com/
# http://code.google.com/p/sequel-pro/
#
# Host: 127.0.0.1 (MySQL 5.6.19-0ubuntu0.14.04.1)
# Database: llpm
# Generation Time: 2015-08-31 22:53:31 +0000
# ************************************************************


/*!40101 SET @OLD_CHARACTER_SET_CLIENT=@@CHARACTER_SET_CLIENT */;
/*!40101 SET @OLD_CHARACTER_SET_RESULTS=@@CHARACTER_SET_RESULTS */;
/*!40101 SET @OLD_COLLATION_CONNECTION=@@COLLATION_CONNECTION */;
/*!40101 SET NAMES utf8 */;
/*!40014 SET @OLD_FOREIGN_KEY_CHECKS=@@FOREIGN_KEY_CHECKS, FOREIGN_KEY_CHECKS=0 */;
/*!40101 SET @OLD_SQL_MODE=@@SQL_MODE, SQL_MODE='NO_AUTO_VALUE_ON_ZERO' */;
/*!40111 SET @OLD_SQL_NOTES=@@SQL_NOTES, SQL_NOTES=0 */;


# Dump of table cargo_container
# ------------------------------------------------------------

DROP TABLE IF EXISTS `cargo_container`;

CREATE TABLE `cargo_container` (
  `id` int(10) unsigned NOT NULL AUTO_INCREMENT,
  `cargo_id` int(10) unsigned NOT NULL,
  `container_id` int(10) unsigned NOT NULL,
  `created_at` timestamp NOT NULL DEFAULT '0000-00-00 00:00:00',
  `updated_at` timestamp NOT NULL DEFAULT '0000-00-00 00:00:00',
  PRIMARY KEY (`id`),
  KEY `cargo_container_cargo_id_index` (`cargo_id`),
  KEY `cargo_container_container_id_index` (`container_id`),
  CONSTRAINT `cargo_container_cargo_id_foreign` FOREIGN KEY (`cargo_id`) REFERENCES `cargoes` (`id`) ON DELETE CASCADE,
  CONSTRAINT `cargo_container_container_id_foreign` FOREIGN KEY (`container_id`) REFERENCES `containers` (`id`) ON DELETE CASCADE
) ENGINE=InnoDB AUTO_INCREMENT=85 DEFAULT CHARSET=utf8 COLLATE=utf8_unicode_ci;

LOCK TABLES `cargo_container` WRITE;
/*!40000 ALTER TABLE `cargo_container` DISABLE KEYS */;

INSERT INTO `cargo_container` (`id`, `cargo_id`, `container_id`, `created_at`, `updated_at`)
VALUES
	(1,33,38,'2015-08-30 21:06:36','2015-08-30 21:06:36'),
	(2,69,73,'2015-08-30 21:06:36','2015-08-30 21:06:36'),
	(3,34,66,'2015-08-30 21:06:36','2015-08-30 21:06:36'),
	(4,36,34,'2015-08-30 21:06:36','2015-08-30 21:06:36'),
	(5,53,5,'2015-08-30 21:06:36','2015-08-30 21:06:36'),
	(6,8,47,'2015-08-30 21:06:36','2015-08-30 21:06:36'),
	(7,88,134,'2015-08-30 21:06:36','2015-08-30 21:06:36'),
	(8,65,147,'2015-08-30 21:06:36','2015-08-30 21:06:36'),
	(9,13,142,'2015-08-30 21:06:36','2015-08-30 21:06:36'),
	(10,19,104,'2015-08-30 21:06:36','2015-08-30 21:06:36'),
	(11,27,25,'2015-08-30 21:06:36','2015-08-30 21:06:36'),
	(12,67,110,'2015-08-30 21:06:36','2015-08-30 21:06:36'),
	(13,70,121,'2015-08-30 21:06:36','2015-08-30 21:06:36'),
	(14,45,40,'2015-08-30 21:06:36','2015-08-30 21:06:36'),
	(15,55,60,'2015-08-30 21:06:36','2015-08-30 21:06:36'),
	(16,49,114,'2015-08-30 21:06:36','2015-08-30 21:06:36'),
	(17,49,113,'2015-08-30 21:06:36','2015-08-30 21:06:36'),
	(18,41,19,'2015-08-30 21:06:36','2015-08-30 21:06:36'),
	(19,54,126,'2015-08-30 21:06:36','2015-08-30 21:06:36'),
	(20,93,34,'2015-08-30 21:06:36','2015-08-30 21:06:36'),
	(21,81,40,'2015-08-30 21:06:36','2015-08-30 21:06:36'),
	(22,19,38,'2015-08-30 21:06:36','2015-08-30 21:06:36'),
	(23,44,119,'2015-08-30 21:06:36','2015-08-30 21:06:36'),
	(24,25,125,'2015-08-30 21:06:36','2015-08-30 21:06:36'),
	(25,28,6,'2015-08-30 21:06:36','2015-08-30 21:06:36'),
	(26,82,58,'2015-08-30 21:06:36','2015-08-30 21:06:36'),
	(27,2,122,'2015-08-30 21:06:37','2015-08-30 21:06:37'),
	(28,68,84,'2015-08-30 21:06:37','2015-08-30 21:06:37'),
	(29,3,128,'2015-08-30 21:06:37','2015-08-30 21:06:37'),
	(30,28,46,'2015-08-30 21:06:37','2015-08-30 21:06:37'),
	(31,1,73,'2015-08-30 21:06:37','2015-08-30 21:06:37'),
	(32,43,32,'2015-08-30 21:06:37','2015-08-30 21:06:37'),
	(33,48,107,'2015-08-30 21:06:37','2015-08-30 21:06:37'),
	(34,69,7,'2015-08-30 21:06:37','2015-08-30 21:06:37'),
	(35,57,135,'2015-08-30 21:06:37','2015-08-30 21:06:37'),
	(36,86,33,'2015-08-30 21:06:37','2015-08-30 21:06:37'),
	(37,49,120,'2015-08-30 21:06:37','2015-08-30 21:06:37'),
	(38,26,123,'2015-08-30 21:06:37','2015-08-30 21:06:37'),
	(39,5,136,'2015-08-30 21:06:37','2015-08-30 21:06:37'),
	(40,2,28,'2015-08-30 21:06:37','2015-08-30 21:06:37'),
	(41,63,85,'2015-08-30 21:06:37','2015-08-30 21:06:37'),
	(42,88,14,'2015-08-30 21:06:37','2015-08-30 21:06:37'),
	(43,5,39,'2015-08-30 21:06:37','2015-08-30 21:06:37'),
	(44,83,24,'2015-08-30 21:06:37','2015-08-30 21:06:37'),
	(45,7,136,'2015-08-30 21:06:37','2015-08-30 21:06:37'),
	(46,55,66,'2015-08-30 21:06:37','2015-08-30 21:06:37'),
	(47,87,132,'2015-08-30 21:06:37','2015-08-30 21:06:37'),
	(48,8,38,'2015-08-30 21:06:37','2015-08-30 21:06:37'),
	(49,86,104,'2015-08-30 21:06:37','2015-08-30 21:06:37'),
	(50,65,27,'2015-08-30 21:06:37','2015-08-30 21:06:37'),
	(51,54,105,'2015-08-30 21:06:37','2015-08-30 21:06:37'),
	(52,36,120,'2015-08-30 21:06:37','2015-08-30 21:06:37'),
	(53,49,48,'2015-08-30 21:06:37','2015-08-30 21:06:37'),
	(54,8,24,'2015-08-30 21:06:37','2015-08-30 21:06:37'),
	(55,99,132,'2015-08-30 21:06:37','2015-08-30 21:06:37'),
	(56,46,89,'2015-08-30 21:06:38','2015-08-30 21:06:38'),
	(57,80,91,'2015-08-30 21:06:38','2015-08-30 21:06:38'),
	(58,54,130,'2015-08-30 21:06:38','2015-08-30 21:06:38'),
	(59,89,52,'2015-08-30 21:06:38','2015-08-30 21:06:38'),
	(60,43,34,'2015-08-30 21:06:38','2015-08-30 21:06:38'),
	(61,48,55,'2015-08-30 21:06:38','2015-08-30 21:06:38'),
	(62,2,117,'2015-08-30 21:06:38','2015-08-30 21:06:38'),
	(63,56,100,'2015-08-30 21:06:38','2015-08-30 21:06:38'),
	(64,50,133,'2015-08-30 21:06:38','2015-08-30 21:06:38'),
	(65,9,150,'2015-08-30 21:06:38','2015-08-30 21:06:38'),
	(66,3,98,'2015-08-30 21:06:38','2015-08-30 21:06:38'),
	(67,39,132,'2015-08-30 21:06:38','2015-08-30 21:06:38'),
	(68,57,17,'2015-08-30 21:06:38','2015-08-30 21:06:38'),
	(69,95,34,'2015-08-30 21:06:38','2015-08-30 21:06:38'),
	(70,2,94,'2015-08-30 21:06:38','2015-08-30 21:06:38'),
	(71,85,14,'2015-08-30 21:06:38','2015-08-30 21:06:38'),
	(72,48,118,'2015-08-30 21:06:38','2015-08-30 21:06:38'),
	(73,13,48,'2015-08-30 21:06:38','2015-08-30 21:06:38'),
	(74,59,64,'2015-08-30 21:06:38','2015-08-30 21:06:38'),
	(75,30,89,'2015-08-30 21:06:38','2015-08-30 21:06:38'),
	(76,53,39,'2015-08-30 21:06:38','2015-08-30 21:06:38'),
	(77,92,63,'2015-08-30 21:06:38','2015-08-30 21:06:38'),
	(78,6,63,'2015-08-30 21:06:38','2015-08-30 21:06:38'),
	(79,14,107,'2015-08-30 21:06:38','2015-08-30 21:06:38'),
	(80,50,1,'2015-08-30 21:06:38','2015-08-30 21:06:38'),
	(81,101,152,'2015-09-01 05:08:34','2015-09-01 05:08:34'),
	(82,102,151,'2015-09-01 05:09:44','2015-09-01 05:09:44'),
	(83,103,155,'2015-09-01 05:41:37','2015-09-01 05:41:37'),
	(84,104,56,'2015-09-01 05:55:10','2015-09-01 05:55:10');

/*!40000 ALTER TABLE `cargo_container` ENABLE KEYS */;
UNLOCK TABLES;


# Dump of table cargo_items
# ------------------------------------------------------------

DROP TABLE IF EXISTS `cargo_items`;

CREATE TABLE `cargo_items` (
  `id` int(10) unsigned NOT NULL AUTO_INCREMENT,
  `cargo_id` int(10) unsigned NOT NULL,
  `custom_tariff_code` varchar(255) COLLATE utf8_unicode_ci NOT NULL,
  `description` varchar(255) COLLATE utf8_unicode_ci NOT NULL,
  `quantity` double NOT NULL,
  `created_at` timestamp NOT NULL DEFAULT '0000-00-00 00:00:00',
  `updated_at` timestamp NOT NULL DEFAULT '0000-00-00 00:00:00',
  PRIMARY KEY (`id`)
) ENGINE=InnoDB DEFAULT CHARSET=utf8 COLLATE=utf8_unicode_ci;



# Dump of table cargoes
# ------------------------------------------------------------

DROP TABLE IF EXISTS `cargoes`;

CREATE TABLE `cargoes` (
  `id` int(10) unsigned NOT NULL AUTO_INCREMENT,
  `bl_no` varchar(255) COLLATE utf8_unicode_ci NOT NULL,
  `consignor_id` int(11) NOT NULL,
  `consignee_id` int(11) NOT NULL,
  `mt` double NOT NULL,
  `m3` double NOT NULL,
  `status` int(11) NOT NULL,
  `description` text COLLATE utf8_unicode_ci NOT NULL,
  `markings` text COLLATE utf8_unicode_ci NOT NULL,
  `containerized` tinyint(1) NOT NULL,
  `custom_reg_no` varchar(255) COLLATE utf8_unicode_ci NOT NULL,
  `country_code` varchar(255) COLLATE utf8_unicode_ci NOT NULL,
  `port_code` varchar(255) COLLATE utf8_unicode_ci NOT NULL,
  `custom_form_no` varchar(255) COLLATE utf8_unicode_ci NOT NULL,
  `dl_no` int(10) unsigned NOT NULL,
  `import_vessel_schedule_id` int(10) unsigned NOT NULL,
  `export_vessel_schedule_id` int(10) unsigned NOT NULL,
  `receiving_id` int(10) unsigned NOT NULL,
  `received_by` int(11) NOT NULL,
  `received_date` timestamp NOT NULL DEFAULT '0000-00-00 00:00:00',
  `issued_by` int(11) NOT NULL,
  `issued_date` timestamp NOT NULL DEFAULT '0000-00-00 00:00:00',
  `released_by` int(11) NOT NULL,
  `released_date` timestamp NOT NULL DEFAULT '0000-00-00 00:00:00',
  `created_at` timestamp NOT NULL DEFAULT '0000-00-00 00:00:00',
  `updated_at` timestamp NOT NULL DEFAULT '0000-00-00 00:00:00',
  PRIMARY KEY (`id`)
) ENGINE=InnoDB AUTO_INCREMENT=105 DEFAULT CHARSET=utf8 COLLATE=utf8_unicode_ci;

LOCK TABLES `cargoes` WRITE;
/*!40000 ALTER TABLE `cargoes` DISABLE KEYS */;

INSERT INTO `cargoes` (`id`, `bl_no`, `consignor_id`, `consignee_id`, `mt`, `m3`, `status`, `description`, `markings`, `containerized`, `custom_reg_no`, `country_code`, `port_code`, `custom_form_no`, `dl_no`, `import_vessel_schedule_id`, `export_vessel_schedule_id`, `receiving_id`, `received_by`, `received_date`, `issued_by`, `issued_date`, `released_by`, `released_date`, `created_at`, `updated_at`)
VALUES
	(1,'SLLBU5303150321',1114,535,1832.5,1883.57,3,'Quia rem sunt nihil mollitia et ab. Placeat placeat repellendus non exercitationem et nobis nihil. Nihil molestiae corrupti omnis perferendis.','Sint adipisci velit ut perferendis. Doloribus voluptatem sit laborum et. Id consequuntur voluptatem quae nisi molestias sint.',1,'','','','',53698,12,0,0,6,'2015-09-01 05:32:08',1,'2015-09-01 06:12:50',0,'0000-00-00 00:00:00','2015-08-30 21:06:33','2015-09-01 06:12:50'),
	(2,'SLLBU2598192357',2498,2840,202.63,2044.28,1,'Quia facilis est est veniam quo. Aut sit placeat accusamus occaecati hic quisquam et ducimus. Est eligendi magnam quia laboriosam omnis dolorem exercitationem.','Aliquam deleniti reprehenderit pariatur soluta illo et tempore. Ut quia laudantium quis quo. Qui non consequatur ex accusantium.',4,'','','','',0,12,0,0,0,'0000-00-00 00:00:00',0,'0000-00-00 00:00:00',0,'0000-00-00 00:00:00','2015-08-30 21:06:33','2015-08-30 21:06:38'),
	(3,'SLLBU5679497290',1575,1837,699.8,2157.98,1,'Fugit et non quam et eligendi excepturi ullam. Nihil sit quia alias corporis quia tenetur nesciunt consectetur. Quaerat rerum soluta perspiciatis et explicabo adipisci.','Nam blanditiis eaque vitae et accusantium rerum. Veritatis asperiores dolor blanditiis eum qui molestiae. Animi odit nobis et maxime ex et minima. Repudiandae in quia qui corrupti ut.',2,'','','','',0,12,0,0,0,'0000-00-00 00:00:00',0,'0000-00-00 00:00:00',0,'0000-00-00 00:00:00','2015-08-30 21:06:33','2015-08-30 21:06:38'),
	(4,'SLLBU6655916729',2681,1599,2354.51,437.17,1,'Voluptas ipsam voluptas nostrum aut. Architecto fugit ad ut ab consequatur expedita rerum. Iusto porro distinctio nobis velit tenetur impedit. Suscipit in sapiente laudantium distinctio tenetur sit iusto sunt.','Cum ut dolorum et aut qui. Impedit eveniet aut et aliquam tempore itaque voluptatem fugiat. Pariatur dolor expedita non officia. Enim cupiditate esse aut consequatur eos aut excepturi impedit.',0,'','','','',0,12,0,0,0,'0000-00-00 00:00:00',0,'0000-00-00 00:00:00',0,'0000-00-00 00:00:00','2015-08-30 21:06:33','2015-08-30 21:06:33'),
	(5,'SLLBU4926759788',2451,3345,2046.7,1533.33,1,'Dolorum quos quia corporis assumenda officiis cumque. Voluptatem et maxime libero temporibus expedita neque quam. Suscipit natus et voluptas. Aperiam iusto neque odit ipsam ad.','Accusantium neque nihil aperiam delectus autem tenetur blanditiis. Adipisci deleniti illo rerum quia. Explicabo sint animi numquam at dolorem temporibus. Nisi excepturi incidunt et vel cumque excepturi explicabo cum. Ipsa odio porro dolor aliquid facere.',2,'','','','',0,12,0,0,0,'0000-00-00 00:00:00',0,'0000-00-00 00:00:00',0,'0000-00-00 00:00:00','2015-08-30 21:06:33','2015-08-30 21:06:37'),
	(6,'SLLBU4381234001',1139,1526,2023.75,1376.14,1,'Eveniet ut ut aut rerum quibusdam. Pariatur molestias error unde explicabo nam. Alias nulla dolores error voluptas cupiditate nemo et.','Unde repellendus in illo velit adipisci. Inventore maiores dolor et qui. Dolores excepturi non debitis qui nostrum id. Sunt ea dolor est nihil amet consequatur ut.',1,'','','','',0,12,0,0,0,'0000-00-00 00:00:00',0,'0000-00-00 00:00:00',0,'0000-00-00 00:00:00','2015-08-30 21:06:33','2015-08-30 21:06:38'),
	(7,'SLLBU9093588932',2361,1668,945.39,1255.89,1,'Iusto sed est dolores incidunt maiores velit aut. Repudiandae dolor numquam velit sit. Omnis neque et aut accusantium magni expedita.','Omnis molestiae dolores illum sunt vel sed recusandae. Veniam eius amet veritatis sunt. Laboriosam qui numquam dolorum at unde ut.',1,'','','','',0,12,0,0,0,'0000-00-00 00:00:00',0,'0000-00-00 00:00:00',0,'0000-00-00 00:00:00','2015-08-30 21:06:33','2015-08-30 21:06:37'),
	(8,'SLLBU6956706499',1667,936,2295.03,6.51,1,'Sit harum quibusdam aut illo aut. Explicabo ipsa veniam beatae aperiam rerum reprehenderit. Voluptatem cum qui in ratione architecto.','Maiores reprehenderit aspernatur itaque. Sit provident corrupti dolorum rerum dolorem vel qui. Accusantium consequuntur tempora fugit qui culpa. Et qui accusantium maxime omnis aut facere enim.',3,'','','','',0,12,0,0,0,'0000-00-00 00:00:00',0,'0000-00-00 00:00:00',0,'0000-00-00 00:00:00','2015-08-30 21:06:33','2015-08-30 21:06:37'),
	(9,'SLLBU4338970530',3080,3119,1780.25,1155.79,1,'Aperiam quisquam ratione aliquid rerum facere est. Odit aliquam quo enim ad earum magnam. Deserunt deserunt et mollitia libero. Non qui iste eveniet architecto voluptatem.','Consequatur odio ex voluptas dolorum nulla. Dolorem corrupti culpa et est. Inventore aperiam iure ea reprehenderit sed aut quas. Molestiae velit harum ut perspiciatis necessitatibus omnis.',1,'','','','',0,12,0,0,0,'0000-00-00 00:00:00',0,'0000-00-00 00:00:00',0,'0000-00-00 00:00:00','2015-08-30 21:06:33','2015-08-30 21:06:38'),
	(10,'SLLBU3799035822',705,1662,1377.42,2040.02,1,'Eveniet sit reiciendis voluptatem voluptas soluta sit. Quia aut in et ut harum. Ducimus inventore ut quod doloremque. Omnis quos qui placeat autem incidunt sunt excepturi.','Quaerat mollitia excepturi unde non est. Vero est dolorem ut est nostrum commodi non. Reiciendis architecto aut ut quasi eaque et mollitia. Quisquam repellendus dolores voluptatibus ut. Dicta voluptatem enim quis quos.',0,'','','','',0,12,0,0,0,'0000-00-00 00:00:00',0,'0000-00-00 00:00:00',0,'0000-00-00 00:00:00','2015-08-30 21:06:33','2015-08-30 21:06:33'),
	(11,'SLLBU8535016913',8,585,1753.82,2402.95,1,'Nulla veniam eum quidem ut. Vero aliquam temporibus omnis consequatur aliquid dolorum doloribus. Aut quod iure explicabo quia dolorem temporibus hic. Vel esse aliquid sunt sapiente voluptas.','Nemo placeat aut rem dolorum cumque distinctio. Rerum rerum aspernatur aspernatur voluptas occaecati id sunt. Libero ullam sed veritatis recusandae. Itaque ratione sint alias est sit aspernatur.',0,'','','','',0,12,0,0,0,'0000-00-00 00:00:00',0,'0000-00-00 00:00:00',0,'0000-00-00 00:00:00','2015-08-30 21:06:33','2015-08-30 21:06:33'),
	(12,'SLLBU7197614314',3084,3050,661.48,385.47,1,'Quos deleniti asperiores perferendis pariatur reiciendis. Est neque non et ad ut eaque et unde. Adipisci corporis expedita beatae laborum quas voluptates libero. Pariatur neque sit odit sed ipsa natus deserunt inventore.','Harum in soluta natus suscipit. Laudantium est et alias provident sunt culpa voluptatem. Ducimus et repellendus a.',0,'','','','',0,12,0,0,0,'0000-00-00 00:00:00',0,'0000-00-00 00:00:00',0,'0000-00-00 00:00:00','2015-08-30 21:06:33','2015-08-30 21:06:33'),
	(13,'SLLBU4390043399',633,2050,1088.42,1992.08,1,'Velit quisquam at et consequatur accusamus rerum repellendus. Iure accusamus rerum omnis quis. Nesciunt aspernatur quod velit aut magnam ullam. Fuga numquam saepe eius itaque qui.','Voluptates voluptatum nihil velit. Deserunt facilis praesentium est similique quo quis incidunt. Laudantium aut repellendus non consectetur et. Dolores nihil sint aut et.',2,'','','','',0,12,0,0,0,'0000-00-00 00:00:00',0,'0000-00-00 00:00:00',0,'0000-00-00 00:00:00','2015-08-30 21:06:33','2015-08-30 21:06:38'),
	(14,'SLLBU3753749425',1988,902,1481.8,777.16,2,'Numquam et ea vitae corrupti quod. Nostrum praesentium voluptate voluptatem iusto quis quia ut. Autem qui nam delectus sed distinctio aut dolores.','Vel earum necessitatibus vel accusamus. Dolorem consequatur eaque aspernatur sed facilis et. Quae sapiente voluptas maiores dicta neque aut molestias. Quia vitae nihil facilis et possimus atque recusandae.',1,'','','','',0,12,0,0,6,'2015-09-01 05:29:48',0,'0000-00-00 00:00:00',0,'0000-00-00 00:00:00','2015-08-30 21:06:33','2015-09-01 05:29:48'),
	(15,'SLLBU9916619214',2381,1032,1030.18,448.79,1,'Explicabo quis aut eveniet quam. Tenetur fugiat est quia iste assumenda nihil. Provident sed amet quo. Voluptas occaecati ad nobis est aut.','Eaque quaerat odit natus nihil quo molestiae optio consequatur. Et saepe temporibus rerum rerum id. Vel cum delectus ipsam occaecati ut perspiciatis.',0,'','','','',0,12,0,0,0,'0000-00-00 00:00:00',0,'0000-00-00 00:00:00',0,'0000-00-00 00:00:00','2015-08-30 21:06:33','2015-08-30 21:06:33'),
	(16,'SLLBU8535885454',3203,3229,1332.75,757.24,1,'Possimus ducimus et praesentium libero corporis. Id quia possimus autem numquam ad voluptatibus voluptates. Eveniet aliquam non beatae qui.','Ullam ullam ducimus expedita sit sint. Suscipit aut autem dolores. Dicta et accusamus mollitia quos est placeat. Omnis omnis repellat eum et quis numquam quis.',0,'','','','',0,12,0,0,0,'0000-00-00 00:00:00',0,'0000-00-00 00:00:00',0,'0000-00-00 00:00:00','2015-08-30 21:06:33','2015-08-30 21:06:33'),
	(17,'SLLBU8778244146',2005,2443,686.36,1620.86,1,'Dicta nihil veritatis deleniti. Cumque omnis doloremque qui et. Minus dolorem consequatur itaque.','Ex vitae non maiores aut. Quos inventore quis cum voluptate. Nam adipisci nihil qui architecto architecto officiis est sed. Veritatis repellat sed eos alias consequuntur. Eum dolores aut iure in consequuntur consequatur.',0,'','','','',0,12,0,0,0,'0000-00-00 00:00:00',0,'0000-00-00 00:00:00',0,'0000-00-00 00:00:00','2015-08-30 21:06:33','2015-08-30 21:06:33'),
	(18,'SLLBU2087566319',2508,1686,688.98,494.62,1,'Ratione ut minima saepe animi. Amet et sint error illum voluptatem quia eos perferendis. Ea provident aut ratione fugiat.','Id est voluptas et culpa recusandae aut sunt illo. Optio corrupti inventore est ullam id sint. Quo accusamus qui sed ipsum possimus. Impedit excepturi minus aut non.',0,'','','','',0,12,0,0,0,'0000-00-00 00:00:00',0,'0000-00-00 00:00:00',0,'0000-00-00 00:00:00','2015-08-30 21:06:33','2015-08-30 21:06:33'),
	(19,'SLLBU5567882296',2012,2118,414.65,1695.41,1,'Placeat mollitia unde facere aut id cumque eligendi nihil. Ea necessitatibus aut officiis beatae quis quia similique similique. Eos culpa maxime modi nemo et provident.','Error quae et aut libero in et. Harum natus aut reiciendis fuga quaerat. Libero ut dolorem error omnis inventore. Ipsum consequatur perspiciatis neque expedita quo temporibus.',2,'','','','',0,12,0,0,0,'0000-00-00 00:00:00',0,'0000-00-00 00:00:00',0,'0000-00-00 00:00:00','2015-08-30 21:06:33','2015-08-30 21:06:36'),
	(20,'SLLBU8629732621',1417,894,1922.4,1664.15,1,'Ea harum consequuntur est ullam. Quia quia aperiam soluta est iure impedit odio sint. Cupiditate sint aperiam mollitia consequuntur dolor sapiente. Non error aut aperiam libero iusto ut.','Cumque rerum sit eligendi laborum ipsa a quia libero. Optio totam tempora autem impedit.',0,'','','','',0,12,0,0,0,'0000-00-00 00:00:00',0,'0000-00-00 00:00:00',0,'0000-00-00 00:00:00','2015-08-30 21:06:33','2015-08-30 21:06:33'),
	(21,'SLLBU6430058110',2968,1216,489.15,2357.31,1,'Ut est quo explicabo at cum. Eius rerum voluptas quidem repellendus veniam ut tempora. Autem eius non amet qui.','Ut et omnis consectetur sit rerum. Excepturi fuga quisquam distinctio nihil sint aliquam. Quam excepturi sit nihil quo rem.',0,'','','','',0,12,0,0,0,'0000-00-00 00:00:00',0,'0000-00-00 00:00:00',0,'0000-00-00 00:00:00','2015-08-30 21:06:33','2015-08-30 21:06:33'),
	(22,'SLLBU2556849324',1829,1844,847.4,747.84,1,'Quia ut qui repudiandae enim et. Omnis earum asperiores quod sint. Quis et accusantium animi dolorum exercitationem tempore. Repellat facilis quaerat quis consequatur.','Quis doloremque in quia quasi eos. Minus harum qui dolorem sunt dignissimos a. Iusto quia quia nobis aut dicta dolores architecto molestiae. Fugiat officia aspernatur voluptas a autem.',0,'','','','',0,12,0,0,0,'0000-00-00 00:00:00',0,'0000-00-00 00:00:00',0,'0000-00-00 00:00:00','2015-08-30 21:06:33','2015-08-30 21:06:33'),
	(23,'SLLBU9110738269',2988,530,2008.95,434.61,1,'Debitis rerum recusandae dolorem quia aut vel perferendis. Cupiditate praesentium consequatur tempore beatae omnis sunt voluptatem. Amet fuga temporibus consequuntur doloribus maxime ipsam iusto.','Tempora repellendus neque pariatur dolorem vel. Unde quisquam ea quia consequuntur voluptates voluptatem. Repudiandae reprehenderit velit impedit aut. Sed quia suscipit maxime repellendus eum enim voluptatibus excepturi. Eligendi consequatur sit laudantium.',0,'','','','',0,12,0,0,0,'0000-00-00 00:00:00',0,'0000-00-00 00:00:00',0,'0000-00-00 00:00:00','2015-08-30 21:06:33','2015-08-30 21:06:33'),
	(24,'SLLBU9446206867',2118,869,1753.13,864.33,1,'Harum recusandae tempore ut ducimus. Iusto id ut nostrum enim iure quos ipsum omnis. Ducimus eum quia et perspiciatis repellat quam officiis et. Modi expedita facere perspiciatis similique.','Odio iure esse nobis rem blanditiis. Minima voluptatem reiciendis similique. In nisi aut ut voluptatum numquam. Ea aut enim nihil.',0,'','','','',0,12,0,0,0,'0000-00-00 00:00:00',0,'0000-00-00 00:00:00',0,'0000-00-00 00:00:00','2015-08-30 21:06:33','2015-08-30 21:06:33'),
	(25,'SLLBU4086257378',1845,2053,169.13,1160.57,1,'At autem unde ducimus vitae odio. Nam doloribus mollitia porro recusandae. Numquam recusandae illum in magnam provident consectetur ea. Ut exercitationem soluta hic voluptatem aperiam.','Corporis voluptatibus omnis qui eveniet occaecati est. Qui nostrum et sed quia dolor iure. Perspiciatis in commodi eaque ad qui. Recusandae temporibus in facilis vel officiis doloribus earum natus.',1,'','','','',0,12,0,0,0,'0000-00-00 00:00:00',0,'0000-00-00 00:00:00',0,'0000-00-00 00:00:00','2015-08-30 21:06:33','2015-08-30 21:06:36'),
	(26,'SLLBU3060015361',1409,2474,1561.19,2001.73,1,'Cupiditate placeat harum vero et. Distinctio iste magnam consequuntur. Deleniti debitis enim quae odit explicabo qui.','Ut magni perferendis tempore quia dolor dolor et maiores. Aliquam ut esse voluptatibus. Dolorem repellat nam necessitatibus aut. Aspernatur iste porro ut ea tempora.',1,'','','','',0,12,0,0,0,'0000-00-00 00:00:00',0,'0000-00-00 00:00:00',0,'0000-00-00 00:00:00','2015-08-30 21:06:34','2015-08-30 21:06:37'),
	(27,'SLLBU6175842108',1991,2353,2301.83,1727.54,2,'Et quia libero et voluptatum placeat ex repellendus debitis. Assumenda ipsam voluptatem animi facere. Quae vero repellat ipsam et.','Ipsa ab perspiciatis et velit. Omnis ullam eos tenetur aliquam ab at voluptatem nulla. Velit sunt quos in laboriosam aut voluptates explicabo.',1,'','','','',0,12,0,0,6,'2015-09-01 05:29:47',0,'0000-00-00 00:00:00',0,'0000-00-00 00:00:00','2015-08-30 21:06:34','2015-09-01 05:29:47'),
	(28,'SLLBU6934867260',1090,1738,1808.2,1488.48,2,'Qui et laborum consequatur totam quos. Aut consequatur debitis et consequatur sit natus. Ipsa dolorem dolore atque qui.','Illo corporis et et nam dolorem necessitatibus reprehenderit. Culpa odit dolorem labore soluta nisi doloremque. Quas harum est natus quidem voluptatem et tenetur et. Rem ipsum et qui sit ipsum vitae quia.',2,'','','','',0,12,0,0,6,'2015-09-01 05:29:48',0,'0000-00-00 00:00:00',0,'0000-00-00 00:00:00','2015-08-30 21:06:34','2015-09-01 05:29:48'),
	(29,'SLLBU0126449601',2606,1441,1644.14,865.02,1,'Dolorem pariatur nostrum et. Dolore quam id qui vitae deserunt cupiditate culpa. Quod rerum nesciunt sunt aut reprehenderit vero.','Eveniet id nulla qui quia. Quis maiores unde ducimus ut impedit reiciendis. Sed amet maiores non laudantium harum.',0,'','','','',0,12,0,0,0,'0000-00-00 00:00:00',0,'0000-00-00 00:00:00',0,'0000-00-00 00:00:00','2015-08-30 21:06:34','2015-08-30 21:06:34'),
	(30,'SLLBU9196352858',817,956,2088.43,1038.61,2,'Et molestiae labore non ullam occaecati quasi ullam est. Nemo et dolorem quis rerum ut ea architecto. Quos vero odio voluptatum beatae doloribus sed quo. Alias id eum eius et unde officia.','Magni quas quis repudiandae cum quia rerum perspiciatis. Sint dicta eligendi corporis dolorem ut sed. Dolor qui saepe sed omnis.',1,'','','','',0,12,0,0,6,'2015-09-01 05:29:47',0,'0000-00-00 00:00:00',0,'0000-00-00 00:00:00','2015-08-30 21:06:34','2015-09-01 05:29:47'),
	(31,'SLLBU9145117176',3375,1762,2092.63,1746.08,1,'Minus quia debitis nostrum nulla quidem. Nam sed ipsum blanditiis explicabo laboriosam cupiditate qui. Magnam provident ut sed suscipit fugit sint. Qui doloremque neque ea quos blanditiis.','Itaque est voluptatem officiis voluptatum rerum. Et eveniet ex aut labore impedit. Maiores reiciendis porro eum ut rerum in voluptas.',0,'','','','',0,12,0,0,0,'0000-00-00 00:00:00',0,'0000-00-00 00:00:00',0,'0000-00-00 00:00:00','2015-08-30 21:06:34','2015-08-30 21:06:34'),
	(32,'SLLBU6766613469',1571,1623,506.68,1961.32,1,'Sint ad atque est totam. Modi sint porro cumque itaque sunt. Illum sit voluptas deserunt odio delectus. Cupiditate et sunt molestiae aut assumenda soluta.','Quia nobis cumque repudiandae quas. Temporibus autem et nam dolor voluptatem. Doloribus dolor dolores omnis optio est nam. Velit rerum sint fugiat ut earum. Accusamus voluptas aut nostrum rerum.',0,'','','','',0,12,0,0,0,'0000-00-00 00:00:00',0,'0000-00-00 00:00:00',0,'0000-00-00 00:00:00','2015-08-30 21:06:34','2015-08-30 21:06:34'),
	(33,'SLLBU5956932792',209,208,1723.28,2285.42,1,'Sed quas nisi magnam iusto. Assumenda voluptas nisi qui fugiat qui. Quis nam autem ea incidunt voluptas. Officia ex ipsam eos quod ducimus voluptas aut.','Saepe ratione quae nesciunt omnis rerum reprehenderit cumque rerum. Nam est sit fuga voluptas voluptas sit.',1,'','','','',0,12,0,0,0,'0000-00-00 00:00:00',0,'0000-00-00 00:00:00',0,'0000-00-00 00:00:00','2015-08-30 21:06:34','2015-08-30 21:06:36'),
	(34,'SLLBU4473151801',221,1633,1230.17,1539.91,2,'Et consequatur ut deserunt vel vitae. Assumenda dolore labore distinctio. Odio sint laboriosam et tenetur. Pariatur animi voluptatum voluptatibus harum voluptatibus.','Non numquam quidem sint officia. Officiis iure magni soluta voluptates blanditiis laudantium earum repellendus. Suscipit veniam cum officiis placeat natus.',1,'','','','',0,12,0,0,6,'2015-09-01 05:29:47',0,'0000-00-00 00:00:00',0,'0000-00-00 00:00:00','2015-08-30 21:06:34','2015-09-01 05:29:47'),
	(35,'SLLBU3409190355',2355,3391,628.93,89.61,1,'Aliquid consequatur dolorem est perferendis. Sit ratione quis explicabo eum quia iste. Quod nihil et molestias quo eius animi consectetur ducimus.','Sint corrupti quidem eum corporis sequi eligendi et. A non iste est eligendi nostrum. Repellat error incidunt nihil quas itaque. Dicta ad facilis quibusdam. Doloribus ab vero rerum voluptates ducimus.',0,'','','','',0,12,0,0,0,'0000-00-00 00:00:00',0,'0000-00-00 00:00:00',0,'0000-00-00 00:00:00','2015-08-30 21:06:34','2015-08-30 21:06:34'),
	(36,'SLLBU5874443626',2541,2984,385.08,630.09,1,'Tenetur ea nulla est. Omnis voluptatem suscipit soluta. Adipisci et et aut sapiente. Ut excepturi dolor dignissimos et impedit facere maiores.','Neque tempora reiciendis vel minus alias delectus nesciunt. Voluptatem molestiae omnis fuga sed hic. Sunt eum repellat dolores ipsa sint blanditiis odit.',2,'','','','',0,12,0,0,0,'0000-00-00 00:00:00',0,'0000-00-00 00:00:00',0,'0000-00-00 00:00:00','2015-08-30 21:06:34','2015-08-30 21:06:37'),
	(37,'SLLBU4625443719',2014,2179,261.39,2115.68,1,'Qui beatae nam facilis optio recusandae. Ratione est id perspiciatis aperiam rerum sed. In ipsum molestiae omnis eum numquam odio aut quia. Tempore odit voluptates fugiat consequatur.','Fugiat omnis iure distinctio sint possimus voluptas alias. Sint adipisci fugiat et delectus minima. Nisi reiciendis perferendis dolor possimus veniam sunt ducimus. Qui maiores id numquam explicabo sint quaerat.',0,'','','','',0,12,0,0,0,'0000-00-00 00:00:00',0,'0000-00-00 00:00:00',0,'0000-00-00 00:00:00','2015-08-30 21:06:34','2015-08-30 21:06:34'),
	(38,'SLLBU3769268589',2013,56,59.88,1083.22,1,'Atque sit provident rerum libero earum. Ut expedita et repudiandae nisi sed vel consequatur. Perferendis necessitatibus est non temporibus qui.','Vero ratione molestiae quia fugit distinctio voluptate officiis totam. Velit et provident ea praesentium est.',0,'','','','',0,12,0,0,0,'0000-00-00 00:00:00',0,'0000-00-00 00:00:00',0,'0000-00-00 00:00:00','2015-08-30 21:06:34','2015-08-30 21:06:34'),
	(39,'SLLBU1159705555',3206,2379,2313.28,1254.98,1,'Omnis ut ratione ut dolores et. Animi voluptatem facilis vitae dolor non. Enim et magni hic quia illum alias itaque.','Tempora id aliquam neque commodi enim asperiores laborum deserunt. Qui sint consequatur enim sed. Facilis ut amet repellendus.',1,'','','','',0,12,0,0,0,'0000-00-00 00:00:00',0,'0000-00-00 00:00:00',0,'0000-00-00 00:00:00','2015-08-30 21:06:34','2015-08-30 21:06:38'),
	(40,'SLLBU0590695503',2885,1716,2026.44,765.9,1,'Sit itaque reprehenderit repellendus dignissimos. Sed perspiciatis fugit totam reiciendis repellat ducimus. Ab natus ea autem reprehenderit quas sit nam neque. Dolorum a enim dolorum sunt. Libero dolore facilis impedit consequatur.','Adipisci unde ut eos fugit est dicta. Molestiae expedita iusto aperiam dolore necessitatibus omnis eius. Voluptas repudiandae saepe doloremque incidunt culpa quam ut a. Tempora sint dolor iste minima. Distinctio blanditiis quos sunt.',0,'','','','',0,12,0,0,0,'0000-00-00 00:00:00',0,'0000-00-00 00:00:00',0,'0000-00-00 00:00:00','2015-08-30 21:06:34','2015-08-30 21:06:34'),
	(41,'SLLBU2254616241',2351,1856,1031.5,280.31,1,'Velit cum debitis qui blanditiis. Facilis perspiciatis voluptas rerum voluptatem. Qui excepturi unde perspiciatis maiores veniam voluptatum necessitatibus. Aut nostrum aut qui facilis consequatur ex.','Dolorem odio quasi commodi ut maxime sit. Sunt sunt rerum aut eligendi vel id aliquid. Repudiandae quaerat eum in nihil beatae vel cupiditate.',1,'','','','',0,12,0,0,0,'0000-00-00 00:00:00',0,'0000-00-00 00:00:00',0,'0000-00-00 00:00:00','2015-08-30 21:06:34','2015-08-30 21:06:36'),
	(42,'SLLBU5269400346',906,1845,1898.88,400.05,1,'At qui ut quia neque reiciendis. Perspiciatis unde pariatur qui qui excepturi expedita. Est debitis possimus eligendi sed optio quam.','Voluptatem omnis autem porro aliquid sit asperiores adipisci. In vitae similique nemo corporis dicta tenetur. Iusto cumque asperiores adipisci nam omnis id. Earum nihil quia qui natus.',0,'','','','',0,12,0,0,0,'0000-00-00 00:00:00',0,'0000-00-00 00:00:00',0,'0000-00-00 00:00:00','2015-08-30 21:06:34','2015-08-30 21:06:34'),
	(43,'SLLBU7369922967',253,1764,2348.17,2280.09,1,'Quaerat beatae reiciendis voluptas voluptas. Eos suscipit sapiente et voluptatum excepturi commodi.','Quia velit est iure aliquid. Voluptas et officiis accusamus optio sunt nemo. Voluptas quaerat tenetur minus illum. Soluta tempora quia architecto dolore.',2,'','','','',0,12,0,0,0,'0000-00-00 00:00:00',0,'0000-00-00 00:00:00',0,'0000-00-00 00:00:00','2015-08-30 21:06:34','2015-08-30 21:06:38'),
	(44,'SLLBU9679060008',412,2855,1138.55,2314.5,2,'Quia quod illum laborum adipisci qui incidunt. Et accusantium quo non esse. Reprehenderit debitis tempore minus ut reiciendis est quod.','Ad cum neque quo qui. Sed eveniet autem dolorem in delectus aut et. Accusamus earum esse qui qui non similique rerum. Quia fuga quasi qui.',1,'','','','',0,12,0,0,6,'2015-08-31 18:31:07',0,'0000-00-00 00:00:00',0,'0000-00-00 00:00:00','2015-08-30 21:06:34','2015-08-31 18:31:08'),
	(45,'SLLBU5516542312',1963,1299,1880.81,1693.21,1,'Tenetur et voluptatum porro laudantium occaecati eos error. Blanditiis delectus quia quisquam saepe consequatur doloribus. Nesciunt voluptates est omnis in consequatur animi animi sapiente. Quae cumque dolorem in.','Optio ab nulla placeat. Eum quia beatae aut aliquid nulla maiores nobis. Ipsam quia illum esse.',1,'','','','',0,12,0,0,0,'0000-00-00 00:00:00',0,'0000-00-00 00:00:00',0,'0000-00-00 00:00:00','2015-08-30 21:06:34','2015-08-30 21:06:36'),
	(46,'SLLBU1107632834',1624,1070,2477.59,1421.32,2,'Iusto et velit omnis reprehenderit recusandae aut doloremque nobis. Fuga aut est ullam sunt blanditiis fuga.','Dolore fuga nam necessitatibus temporibus. Quia at ex consequatur consequuntur autem repellendus eum. Amet in magni dolores cumque laborum officia. Sapiente laborum ea dolore molestiae et quia. Aliquam dolor dolor recusandae aliquid voluptatibus non quos.',1,'','','','',0,12,0,0,6,'2015-09-01 05:29:47',0,'0000-00-00 00:00:00',0,'0000-00-00 00:00:00','2015-08-30 21:06:34','2015-09-01 05:29:47'),
	(47,'SLLBU5411615593',2363,1765,2085.32,2183.24,1,'Voluptatem beatae rerum in voluptatem. Facilis ex quaerat ut et. Ipsum consequatur et ut nemo. Excepturi et enim autem delectus ipsam accusamus sint.','Numquam illo ut molestiae. Quos debitis non et sed tempora corrupti. Velit aut ut reiciendis quia fugiat molestiae. Nisi rerum non maxime aut id tempore.',0,'','','','',0,12,0,0,0,'0000-00-00 00:00:00',0,'0000-00-00 00:00:00',0,'0000-00-00 00:00:00','2015-08-30 21:06:34','2015-08-30 21:06:34'),
	(48,'SLLBU7867345402',309,1355,2250.56,1095.57,1,'Qui velit omnis rerum. Quo architecto eveniet sed earum odit qui id. Nesciunt ut error distinctio dolores aliquid.','Suscipit ut placeat unde inventore omnis. Esse aut aliquid porro non. Sint sit sapiente ullam voluptas sint illum vel quia. Repellat rerum quam sequi rerum eum.',3,'','','','',0,12,0,0,0,'0000-00-00 00:00:00',0,'0000-00-00 00:00:00',0,'0000-00-00 00:00:00','2015-08-30 21:06:34','2015-08-30 21:06:38'),
	(49,'SLLBU7551299624',2997,3036,2117.29,658.74,1,'Est fugit officia labore accusamus. Illo harum aut odio dolore.','Suscipit exercitationem molestiae est animi. Ad nihil sint quis culpa perferendis. Omnis fugiat sed non reiciendis non.',4,'','','','',0,12,0,0,0,'0000-00-00 00:00:00',0,'0000-00-00 00:00:00',0,'0000-00-00 00:00:00','2015-08-30 21:06:34','2015-08-30 21:06:37'),
	(50,'SLLBU1729586969',1752,1324,233.09,1646.33,1,'Eaque consequatur dolores autem et voluptate. Aliquam ut consectetur quas iure ex molestiae quod. Esse est sint iste doloribus quia est. Itaque rerum odio nihil iure quia laboriosam voluptatibus velit.','Commodi magni dolorem minima quia vel qui qui. Vel a ut odio et aut consequatur in et. Occaecati magnam beatae nobis.',2,'','','','',0,12,0,0,0,'0000-00-00 00:00:00',0,'0000-00-00 00:00:00',0,'0000-00-00 00:00:00','2015-08-30 21:06:34','2015-08-30 21:06:38'),
	(51,'SLLBU5494801030',907,2301,990.89,1197.51,1,'Distinctio quisquam animi alias tempora. Nulla et vero est. Inventore et aut id est. Commodi ducimus officiis sed deserunt consequuntur sequi est.','Inventore omnis maiores rerum. Necessitatibus aut dolores in voluptas voluptatibus. In reprehenderit quis et architecto voluptate est unde. Corrupti enim perspiciatis autem quisquam illum odit.',0,'','','','',0,12,0,0,0,'0000-00-00 00:00:00',0,'0000-00-00 00:00:00',0,'0000-00-00 00:00:00','2015-08-30 21:06:34','2015-08-30 21:06:34'),
	(52,'SLLBU9907089363',1503,3406,1919.51,1382.29,1,'Dolores et sed explicabo et necessitatibus accusantium voluptatem. Laudantium consequuntur eum iste modi quo. Qui sint voluptatem laudantium reiciendis natus totam illum. Veniam enim dolorum consequatur et.','Et est quidem dolorum aut pariatur enim. Dolore aut nostrum in omnis vel aspernatur dolor.',0,'','','','',0,12,0,0,0,'0000-00-00 00:00:00',0,'0000-00-00 00:00:00',0,'0000-00-00 00:00:00','2015-08-30 21:06:34','2015-08-30 21:06:34'),
	(53,'SLLBU8786073493',1343,960,1149.72,571.65,1,'Rem provident quos sint eum. Earum illo adipisci nesciunt illo velit. Enim sint vel voluptate illum magnam necessitatibus voluptate assumenda.','Quidem officiis et esse error labore. Culpa iure nesciunt possimus optio excepturi aut et. Et quia in non consequuntur. Et quis itaque sunt est aut.',2,'','','','',0,12,0,0,0,'0000-00-00 00:00:00',0,'0000-00-00 00:00:00',0,'0000-00-00 00:00:00','2015-08-30 21:06:34','2015-08-30 21:06:38'),
	(54,'SLLBU1002842369',2314,1650,34.72,2170.06,1,'Voluptatem cum sit mollitia magni et distinctio in. Est atque et accusamus. Cumque similique aspernatur saepe vitae sunt necessitatibus. Eligendi unde mollitia aut nihil velit qui vero.','Aliquid magni et hic laudantium in tempora dolores molestiae. Veniam eos blanditiis quia et. Omnis quidem aut quo nesciunt quo id ratione quia.',3,'','','','',0,12,0,0,0,'0000-00-00 00:00:00',0,'0000-00-00 00:00:00',0,'0000-00-00 00:00:00','2015-08-30 21:06:34','2015-08-30 21:06:38'),
	(55,'SLLBU7417220017',2321,2751,2470.06,1871.75,1,'Atque doloremque ipsum iste quisquam quo possimus. Beatae reprehenderit excepturi alias sit veritatis. Quia omnis voluptate numquam voluptatem voluptatibus minima sint illo. Accusantium perspiciatis eligendi temporibus quia neque voluptas.','Et omnis aut sunt voluptate cupiditate labore aspernatur. Ipsum aut inventore iusto necessitatibus mollitia. Odio et omnis quaerat tempora et eos aliquam est.',2,'','','','',0,12,0,0,0,'0000-00-00 00:00:00',0,'0000-00-00 00:00:00',0,'0000-00-00 00:00:00','2015-08-30 21:06:34','2015-08-30 21:06:37'),
	(56,'SLLBU6121406250',1120,23,1633.84,346.32,2,'Alias sit non et sit consequuntur quisquam quos. Est autem iste nam enim laborum recusandae aut in. Repudiandae esse deleniti aut voluptas non porro laborum nobis.','Minus vitae quas in eos quisquam qui. Quaerat ad eaque perspiciatis ut. Nulla pariatur totam est sit.',1,'','','','',0,12,0,0,6,'2015-09-01 05:29:47',0,'0000-00-00 00:00:00',0,'0000-00-00 00:00:00','2015-08-30 21:06:34','2015-09-01 05:29:47'),
	(57,'SLLBU1819997856',3413,2271,40.03,1126.69,1,'Labore quisquam eos pariatur veritatis est maxime. Culpa qui quia omnis enim nihil rerum officiis. Dolorum aspernatur tenetur ut odio odio.','Nesciunt libero ut non et nam molestias doloribus. Quisquam illum sequi et nemo officiis quis aut. Minima nisi eveniet dolorem incidunt id veniam deleniti repudiandae. Quae accusantium excepturi cupiditate vitae. Quo voluptatibus pariatur in ratione inventore ea repudiandae.',2,'','','','',0,12,0,0,0,'0000-00-00 00:00:00',0,'0000-00-00 00:00:00',0,'0000-00-00 00:00:00','2015-08-30 21:06:34','2015-08-30 21:06:38'),
	(58,'SLLBU3364604019',100,736,227.63,55.14,1,'Ut sunt est assumenda. Odit possimus nostrum rerum aut sint. Aperiam exercitationem esse repudiandae aut.','Mollitia autem et incidunt praesentium et. Reprehenderit ut et et quis nihil eos reiciendis. Doloribus excepturi impedit fugit et dignissimos aut praesentium.',0,'','','','',0,12,0,0,0,'0000-00-00 00:00:00',0,'0000-00-00 00:00:00',0,'0000-00-00 00:00:00','2015-08-30 21:06:34','2015-08-30 21:06:34'),
	(59,'SLLBU5318544301',2224,2920,164.55,98.64,1,'Et ullam reiciendis velit eos labore aut quae rerum. Id minus iusto nam est.','Itaque sunt occaecati nobis. Voluptas quo id explicabo repellendus nihil deserunt et. Repellat sapiente iste velit deleniti voluptatem dolores molestias.',1,'','','','',0,12,0,0,0,'0000-00-00 00:00:00',0,'0000-00-00 00:00:00',0,'0000-00-00 00:00:00','2015-08-30 21:06:34','2015-08-30 21:06:38'),
	(60,'SLLBU5489820172',773,1947,1270.64,2046.05,1,'Quam sint eius commodi voluptas ex esse voluptas. Maiores consequuntur ea temporibus qui. Maxime nihil explicabo vero quos et. Eum et at reiciendis provident natus.','Et iste vel non dolorem culpa dolor. Quis assumenda quibusdam alias rem facilis omnis unde. Voluptatem nam sed perferendis distinctio. Necessitatibus earum possimus et dicta totam aliquam veniam perspiciatis.',0,'','','','',0,12,0,0,0,'0000-00-00 00:00:00',0,'0000-00-00 00:00:00',0,'0000-00-00 00:00:00','2015-08-30 21:06:34','2015-08-30 21:06:34'),
	(61,'SLLBU1206081751',3173,2124,1714.03,2125.44,1,'Quasi ut qui harum sequi. Id occaecati tempore cumque laborum sunt distinctio. Quia est itaque temporibus architecto. Velit at aut recusandae enim quia. Eos delectus tempore qui et perferendis eos distinctio.','Quam quo magnam voluptas magni sed labore. Alias eaque distinctio dolorum quis. Doloremque vero eum praesentium quos. Ipsum esse commodi sed quidem molestiae ullam.',0,'','','','',0,12,0,0,0,'0000-00-00 00:00:00',0,'0000-00-00 00:00:00',0,'0000-00-00 00:00:00','2015-08-30 21:06:34','2015-08-30 21:06:34'),
	(62,'SLLBU5265295774',1742,1844,305.69,990.7,1,'Et provident suscipit aut maiores. Totam dignissimos mollitia omnis qui repudiandae. Explicabo ut pariatur est voluptatem optio non.','Officiis nisi est quasi maxime ullam. Cumque consequatur est repudiandae. Nobis dolores dicta deleniti quaerat sunt repudiandae non.',0,'','','','',0,12,0,0,0,'0000-00-00 00:00:00',0,'0000-00-00 00:00:00',0,'0000-00-00 00:00:00','2015-08-30 21:06:34','2015-08-30 21:06:34'),
	(63,'SLLBU9789759519',1481,736,1304.34,717.14,1,'Rerum debitis quia occaecati temporibus dolores neque. Sit omnis veritatis aut possimus. Magni quas sunt cumque itaque animi.','Sint itaque iusto accusamus alias aperiam. Labore qui totam officia consequatur tenetur laudantium minima sint. Sit quidem blanditiis suscipit explicabo expedita corrupti.',1,'','','','',0,12,0,0,0,'0000-00-00 00:00:00',0,'0000-00-00 00:00:00',0,'0000-00-00 00:00:00','2015-08-30 21:06:34','2015-08-30 21:06:37'),
	(64,'SLLBU0397420002',128,2644,1914.43,2121.8,1,'Atque itaque voluptatum provident reiciendis sit sed temporibus molestias. Omnis nihil sit alias accusamus dolor porro. Ut in velit facilis voluptates qui ut consequatur. Modi nulla maiores minus.','Deserunt debitis et et et et ea sunt eaque. Nihil magnam beatae iste et vitae officia odio. Nisi laboriosam amet qui quisquam dolorem. Ab aut hic possimus et sed.',0,'','','','',0,12,0,0,0,'0000-00-00 00:00:00',0,'0000-00-00 00:00:00',0,'0000-00-00 00:00:00','2015-08-30 21:06:34','2015-08-30 21:06:34'),
	(65,'SLLBU7053983786',1206,750,147.58,833.68,1,'Veniam dolorum ut eum a eveniet asperiores. Non repellat laborum aut ex eligendi. Alias culpa pariatur consequatur debitis quia est omnis esse. Est facilis nam molestiae nulla.','Totam repudiandae molestiae consequatur est architecto. Quaerat et et eaque laborum assumenda sunt asperiores non. Fugiat in repudiandae soluta vel et distinctio.',2,'','','','',0,12,0,0,0,'0000-00-00 00:00:00',0,'0000-00-00 00:00:00',0,'0000-00-00 00:00:00','2015-08-30 21:06:34','2015-08-30 21:06:37'),
	(66,'SLLBU4706430487',933,2197,570.75,1978.75,1,'Dolorem ducimus dolorem voluptatem ipsa dicta iusto molestiae. Quos ullam rerum illum blanditiis ducimus reprehenderit. Ipsam sequi nihil consequatur fuga.','Suscipit perferendis sint distinctio voluptatum nam eum non. Dolore culpa saepe nemo est laudantium voluptates nemo. Quis in eum eos magnam corrupti et illo.',0,'','','','',0,12,0,0,0,'0000-00-00 00:00:00',0,'0000-00-00 00:00:00',0,'0000-00-00 00:00:00','2015-08-30 21:06:34','2015-08-30 21:06:34'),
	(67,'SLLBU7267960298',2216,933,1449.22,2416.67,1,'Sunt suscipit atque temporibus quia ipsa deserunt ratione. Quo minima autem et. Labore velit illum amet.','Suscipit necessitatibus error magni est aut voluptatem rerum. Harum quia placeat dolores earum. Et dolorem dolores pariatur sunt dignissimos libero mollitia praesentium. Delectus sit iste sed nostrum.',1,'','','','',0,12,0,0,0,'0000-00-00 00:00:00',0,'0000-00-00 00:00:00',0,'0000-00-00 00:00:00','2015-08-30 21:06:34','2015-08-30 21:06:36'),
	(68,'SLLBU5900177240',1024,1185,959.92,511.1,1,'Impedit vitae aspernatur modi id autem id voluptatum. A alias sequi voluptatem et est a placeat. Autem voluptas est consectetur quo. Voluptas ut omnis eligendi id esse praesentium.','Qui sapiente beatae aut iure in sequi sint magni. Dolores possimus voluptatem iure error rerum. Nihil adipisci officia quis et harum distinctio ea.',1,'','','','',0,12,0,0,0,'0000-00-00 00:00:00',0,'0000-00-00 00:00:00',0,'0000-00-00 00:00:00','2015-08-30 21:06:34','2015-08-30 21:06:37'),
	(69,'SLLBU9185755666',268,2435,440.51,913.52,2,'Nostrum dolor autem amet perferendis suscipit voluptatem. Dolor debitis ipsa eum. Voluptatum voluptatem quaerat placeat aliquid repudiandae quam deserunt quia. Tempora est sit deleniti iure.','Dicta omnis neque neque est quisquam ut. Quae neque quos exercitationem quae sed sint optio quas. Non similique facilis doloremque et quae porro consectetur. Sunt impedit qui quia incidunt qui quidem.',2,'','','','',0,12,0,0,6,'2015-09-01 05:32:08',0,'0000-00-00 00:00:00',0,'0000-00-00 00:00:00','2015-08-30 21:06:34','2015-09-01 05:32:08'),
	(70,'SLLBU5136591141',1816,3104,1947.12,1428.23,1,'Doloremque et molestiae facere qui nesciunt. Est nostrum libero ipsa est. Eum dolorem quidem itaque. Reiciendis harum et aut quam.','Voluptatem numquam officia ea expedita. Laboriosam quae quo blanditiis doloribus.',1,'','','','',0,12,0,0,0,'0000-00-00 00:00:00',0,'0000-00-00 00:00:00',0,'0000-00-00 00:00:00','2015-08-30 21:06:34','2015-08-30 21:06:36'),
	(71,'SLLBU4910715832',2328,2175,1189.04,532.69,1,'Dolor iusto omnis est. Quo beatae alias et amet iure nobis facilis. Necessitatibus voluptatem voluptatem nemo voluptatum eos quis a. Assumenda eos ea nulla officiis rem ut est.','Quae deleniti enim modi aperiam necessitatibus dolor et. Quam similique odit qui qui quis maiores aut. Voluptatem ratione numquam doloremque illo non.',0,'','','','',0,12,0,0,0,'0000-00-00 00:00:00',0,'0000-00-00 00:00:00',0,'0000-00-00 00:00:00','2015-08-30 21:06:34','2015-08-30 21:06:34'),
	(72,'SLLBU2077000076',1215,1190,1508.23,1042.14,1,'Et quo ea maxime ipsa vel vel. Exercitationem ullam accusantium doloremque distinctio consequatur. Tempora ut voluptatibus expedita facere. Numquam iure mollitia sed eveniet minima quo et. Eos consequuntur asperiores quos facilis accusamus modi atque.','Suscipit facilis sequi provident aut sint. Et soluta iusto ipsa ut rerum consequuntur sed voluptas. Velit fuga odit temporibus iure molestias non dolorum. Doloremque nostrum quia eveniet.',0,'','','','',0,12,0,0,0,'0000-00-00 00:00:00',0,'0000-00-00 00:00:00',0,'0000-00-00 00:00:00','2015-08-30 21:06:34','2015-08-30 21:06:34'),
	(73,'SLLBU2603209445',2882,972,2231.67,1248.44,1,'Modi saepe labore praesentium nihil. Libero nostrum est aspernatur cumque consequatur molestias. Culpa facere dolores laborum qui veritatis magni aliquid. Accusantium et magni quia optio quod cupiditate minima.','Vel sit reiciendis porro cumque sint magnam suscipit. Dolores dolorem totam doloremque adipisci qui eum quaerat. Tempora reiciendis dolor ipsa eum.',0,'','','','',0,12,0,0,0,'0000-00-00 00:00:00',0,'0000-00-00 00:00:00',0,'0000-00-00 00:00:00','2015-08-30 21:06:34','2015-08-30 21:06:34'),
	(74,'SLLBU7126480236',2391,242,2058.03,2224.98,1,'Sit officia quibusdam non porro nostrum. Temporibus aut sed maxime eius ea. Voluptate incidunt quo eligendi numquam dicta numquam in.','Temporibus nulla necessitatibus omnis voluptatum quis ut. Expedita cumque nobis qui quidem doloribus eum. Distinctio qui eos aut quia est perferendis.',0,'','','','',0,12,0,0,0,'0000-00-00 00:00:00',0,'0000-00-00 00:00:00',0,'0000-00-00 00:00:00','2015-08-30 21:06:35','2015-08-30 21:06:35'),
	(75,'SLLBU0019667319',1601,2979,1004.88,1579.77,1,'Vitae facere voluptas excepturi aut rerum. Rem ut ut eius quis beatae eius dolore et. Iusto inventore repellendus et ipsa commodi tempore.','In laboriosam est perspiciatis. Et suscipit doloribus tempore rem ut sequi. In harum quae eum non quo porro.',0,'','','','',0,12,0,0,0,'0000-00-00 00:00:00',0,'0000-00-00 00:00:00',0,'0000-00-00 00:00:00','2015-08-30 21:06:35','2015-08-30 21:06:35'),
	(76,'SLLBU0570211828',32,1242,1337.74,2095.59,1,'Praesentium sed qui fugit repudiandae perferendis repellat ab. Minima fugit iusto sit esse eum aut culpa. Saepe sint vel voluptatem molestiae unde qui illo.','Dolores nesciunt quia aut praesentium perferendis. Qui iusto et cupiditate quod veritatis. Est sunt optio officia maiores repellat quia.',0,'','','','',0,12,0,0,0,'0000-00-00 00:00:00',0,'0000-00-00 00:00:00',0,'0000-00-00 00:00:00','2015-08-30 21:06:35','2015-08-30 21:06:35'),
	(77,'SLLBU1136463543',1224,1486,2224.34,337.23,1,'Enim perspiciatis aliquid dolores est commodi accusamus. Rerum et impedit ullam et consequatur voluptatum est molestiae. Voluptatem suscipit et nobis. Qui voluptatibus sunt voluptatem nesciunt sint.','Aliquam architecto quis vel id. Nulla exercitationem non corporis beatae quis nemo aut. Consectetur aperiam similique vero veritatis est velit molestiae.',0,'','','','',0,12,0,0,0,'0000-00-00 00:00:00',0,'0000-00-00 00:00:00',0,'0000-00-00 00:00:00','2015-08-30 21:06:35','2015-08-30 21:06:35'),
	(78,'SLLBU7974489688',2486,2747,2225.83,779.19,1,'Dolorem eum omnis minima odit. Tenetur quos dolor quaerat voluptatum aliquam sint consequatur. Sint ea iste corrupti aut dolorum dignissimos.','Quo adipisci minus autem autem quam voluptas sapiente. Vitae omnis sunt recusandae recusandae dolores. Assumenda corporis placeat aut quia ut.',0,'','','','',0,12,0,0,0,'0000-00-00 00:00:00',0,'0000-00-00 00:00:00',0,'0000-00-00 00:00:00','2015-08-30 21:06:35','2015-08-30 21:06:35'),
	(79,'SLLBU0474575472',506,315,1208.17,851.73,1,'Sit alias quidem ea sit. Consequuntur nam reiciendis adipisci. Porro quae fugiat deserunt sint. Explicabo qui et repudiandae maxime voluptas.','Nulla modi numquam dolor eligendi. Quo voluptatem libero officia blanditiis sed corrupti. Est sit cum assumenda rerum aut consequatur quibusdam accusamus. Laboriosam facilis recusandae nemo harum et.',0,'','','','',0,12,0,0,0,'0000-00-00 00:00:00',0,'0000-00-00 00:00:00',0,'0000-00-00 00:00:00','2015-08-30 21:06:35','2015-08-30 21:06:35'),
	(80,'SLLBU1677896123',2519,2954,761.03,1763.73,2,'Ipsum dolores rem sit. Dolor aspernatur sint vitae commodi nihil deserunt ducimus. In et eum quis eos ipsa voluptatem modi.','Totam vel sint nihil rerum et. Ut vero voluptatem deserunt velit. Totam odio facilis nihil ipsa vero assumenda. Et porro voluptatem ipsam qui.',1,'','','','',0,12,0,0,6,'2015-09-01 05:29:47',0,'0000-00-00 00:00:00',0,'0000-00-00 00:00:00','2015-08-30 21:06:35','2015-09-01 05:29:47'),
	(81,'SLLBU8360992035',2047,740,617.78,1172.09,1,'Quaerat voluptates sit perferendis quibusdam itaque eos. Facere et explicabo laudantium iusto. Est vel est molestias voluptate esse.','Sit et assumenda illum enim voluptatibus eos non. Et nam ut delectus aspernatur esse deserunt sapiente. Autem voluptatem ut esse sed omnis. Nam est occaecati quo vero.',1,'','','','',0,12,0,0,0,'0000-00-00 00:00:00',0,'0000-00-00 00:00:00',0,'0000-00-00 00:00:00','2015-08-30 21:06:35','2015-08-30 21:06:36'),
	(82,'SLLBU2926819786',2674,2499,2371.93,1964.34,1,'Sint necessitatibus qui possimus cumque odio sequi. Dolor recusandae et veritatis non voluptatem. Exercitationem velit sunt commodi velit. Omnis et asperiores perferendis non.','Vel impedit consequuntur est quia alias. Voluptatibus quas facilis sed consectetur. Culpa et perspiciatis ad debitis.',1,'','','','',0,12,0,0,0,'0000-00-00 00:00:00',0,'0000-00-00 00:00:00',0,'0000-00-00 00:00:00','2015-08-30 21:06:35','2015-08-30 21:06:36'),
	(83,'SLLBU6177260936',2061,2950,1471.46,1308.46,1,'Odit nesciunt possimus unde nulla voluptas praesentium. Sit voluptas eum et unde culpa. Incidunt et id eaque pariatur qui ad enim aut. Eos sunt non et aut eos. Praesentium voluptatem dignissimos id omnis et delectus omnis.','Nemo impedit ut magnam dicta dolores quisquam ipsam quibusdam. Ut sit ea optio non. Libero illum occaecati voluptatem placeat maxime.',1,'','','','',0,12,0,0,0,'0000-00-00 00:00:00',0,'0000-00-00 00:00:00',0,'0000-00-00 00:00:00','2015-08-30 21:06:35','2015-08-30 21:06:37'),
	(84,'SLLBU4053767279',2226,2052,1791.86,2206.45,1,'Ducimus vel nulla optio sit. Porro fuga molestiae corporis incidunt. Aspernatur sit facere optio sit amet illum et.','Rerum ullam eveniet non facere dolorum. Mollitia ea distinctio aspernatur ullam inventore adipisci quo culpa. Nostrum iste possimus iure enim velit beatae omnis. Ab aut consequatur dignissimos praesentium est.',0,'','','','',0,12,0,0,0,'0000-00-00 00:00:00',0,'0000-00-00 00:00:00',0,'0000-00-00 00:00:00','2015-08-30 21:06:35','2015-08-30 21:06:35'),
	(85,'SLLBU5616271537',795,2567,2256.23,836.27,1,'Quisquam voluptas numquam id rem et eum iure. Perspiciatis sapiente quos quasi repellat fuga. Et maxime nisi pariatur delectus ut sit. Similique accusantium nisi blanditiis ducimus. Culpa soluta quia culpa cumque est et reiciendis.','Sequi et cupiditate inventore non rerum maiores. Praesentium cumque vitae illo recusandae qui numquam. Voluptate modi quod ut laboriosam.',1,'','','','',0,12,0,0,0,'0000-00-00 00:00:00',0,'0000-00-00 00:00:00',0,'0000-00-00 00:00:00','2015-08-30 21:06:35','2015-08-30 21:06:38'),
	(86,'SLLBU8164682038',2605,2893,269.36,1766.48,1,'Et aut optio illum nesciunt veritatis voluptatem est. Culpa totam qui quasi qui. Beatae veniam consectetur quis eum. Qui exercitationem voluptatem eius iusto excepturi.','Distinctio id voluptatem molestiae aspernatur qui voluptas sunt. Est corporis et quaerat beatae aliquam asperiores minus ut. Est ut numquam et.',2,'','','','',0,12,0,0,0,'0000-00-00 00:00:00',0,'0000-00-00 00:00:00',0,'0000-00-00 00:00:00','2015-08-30 21:06:35','2015-08-30 21:06:37'),
	(87,'SLLBU7550613691',1158,2919,2099.48,1112.4,1,'Totam nisi aut culpa quod doloremque ea dolore rem. Possimus dicta rerum eum et consequuntur placeat sit ea. Ea est tempore molestiae ut facere incidunt et maiores.','Ut saepe voluptatum perspiciatis nobis voluptates. Cum explicabo porro ullam inventore commodi necessitatibus. Aut ea voluptate labore dolor qui.',1,'','','','',0,12,0,0,0,'0000-00-00 00:00:00',0,'0000-00-00 00:00:00',0,'0000-00-00 00:00:00','2015-08-30 21:06:35','2015-08-30 21:06:37'),
	(88,'SLLBU3790444375',3044,550,1838.3,909.71,1,'Et sed blanditiis sed dolorum. Dolor et dolores omnis rerum quod. Reprehenderit commodi soluta beatae laudantium repudiandae.','Harum reiciendis pariatur cum a aut ea. Est facere cum vitae ut. Fuga minima blanditiis harum quia.',2,'','','','',0,12,0,0,0,'0000-00-00 00:00:00',0,'0000-00-00 00:00:00',0,'0000-00-00 00:00:00','2015-08-30 21:06:35','2015-08-30 21:06:37'),
	(89,'SLLBU4453034696',134,1884,1983.33,891.17,1,'Dolorem nihil dolorem repudiandae nemo. Sit quis est ipsam. Libero expedita facere voluptas porro eveniet autem eveniet. Dolores blanditiis facilis et atque sunt nulla.','Nemo possimus soluta est consequatur. Dolore porro reiciendis voluptas quis ea magnam laborum enim. Enim qui quo beatae et exercitationem nostrum quo.',1,'','','','',0,12,0,0,0,'0000-00-00 00:00:00',0,'0000-00-00 00:00:00',0,'0000-00-00 00:00:00','2015-08-30 21:06:35','2015-08-30 21:06:38'),
	(90,'SLLBU1113145602',253,2997,381.63,2382.12,1,'Beatae ipsum ducimus ipsum iure nisi itaque. Ea assumenda vero id quaerat incidunt minus fugiat. Accusamus totam sunt sint atque hic. Dolores sed eum error quod sed.','Sed necessitatibus similique fuga voluptates. Provident quas soluta eos odit. Occaecati ad quo dolorem id saepe.',0,'','','','',0,12,0,0,0,'0000-00-00 00:00:00',0,'0000-00-00 00:00:00',0,'0000-00-00 00:00:00','2015-08-30 21:06:35','2015-08-30 21:06:35'),
	(91,'SLLBU7122229055',2260,2186,1697.44,1485.83,1,'Dolorem aut dolore delectus possimus qui. Eius alias perferendis cupiditate eos esse. Sit rerum optio sit qui aut. Dolores omnis fugit qui commodi.','Quia omnis quia non et non vitae temporibus. Est voluptate quaerat magnam dolor fugit cum. Magni doloribus doloremque ipsum repellendus in quaerat quia.',0,'','','','',0,12,0,0,0,'0000-00-00 00:00:00',0,'0000-00-00 00:00:00',0,'0000-00-00 00:00:00','2015-08-30 21:06:35','2015-08-30 21:06:35'),
	(92,'SLLBU2248493150',2770,2050,1041.03,1738.78,1,'Illo nam distinctio nam vel optio. Ullam aut ut ea. Molestiae non blanditiis tempora enim. Ratione eos ab consequuntur officia.','Minima enim possimus qui itaque quidem dolores dolores. Natus delectus velit ea suscipit omnis veniam. Placeat iusto ut est soluta.',1,'','','','',0,12,0,0,0,'0000-00-00 00:00:00',0,'0000-00-00 00:00:00',0,'0000-00-00 00:00:00','2015-08-30 21:06:35','2015-08-30 21:06:38'),
	(93,'SLLBU6038189895',2353,968,469.09,1792.65,1,'Ea odio in omnis fugit doloremque amet earum. Fugiat necessitatibus alias enim molestias inventore sed odio. Iure amet enim quia dolor hic deserunt rerum. Maiores voluptas rerum sed. Sint quidem rerum autem dignissimos illo.','Eum eum aperiam id maxime eos consequuntur amet commodi. Dignissimos laudantium rem officia fugiat. Error in cumque sed. Quisquam enim vero aperiam ex odio tempora velit. Voluptatem et et ut fuga et.',1,'','','','',0,12,0,0,0,'0000-00-00 00:00:00',0,'0000-00-00 00:00:00',0,'0000-00-00 00:00:00','2015-08-30 21:06:35','2015-08-30 21:06:36'),
	(94,'SLLBU8904033636',423,2580,1045.25,1483.1,1,'Id omnis voluptatibus nobis nisi. Quam error in sunt id ut impedit nobis asperiores.','Officia consequatur qui cumque eligendi. Pariatur aut voluptatem repudiandae dignissimos aliquid consequuntur natus. Quos magni non tempora est soluta praesentium dignissimos eligendi. In est quas autem in voluptatibus accusantium deleniti.',0,'','','','',0,12,0,0,0,'0000-00-00 00:00:00',0,'0000-00-00 00:00:00',0,'0000-00-00 00:00:00','2015-08-30 21:06:35','2015-08-30 21:06:35'),
	(95,'SLLBU1153103001',1578,3193,787.74,505.19,1,'Voluptates aperiam incidunt rerum consequuntur qui molestiae. Rem quia cupiditate amet deleniti eos. Commodi minus aperiam et aut.','Ad ut explicabo maxime. Autem et ea voluptas facere. Doloremque dolorem exercitationem exercitationem non. Sed quos sint ipsum quasi.',1,'','','','',0,12,0,0,0,'0000-00-00 00:00:00',0,'0000-00-00 00:00:00',0,'0000-00-00 00:00:00','2015-08-30 21:06:35','2015-08-30 21:06:38'),
	(96,'SLLBU7107102057',1332,2019,25.8,2445.34,1,'Ratione deserunt natus explicabo est voluptatem amet. Repellat porro non enim nulla voluptas. Sed nobis accusamus ut quam magnam veritatis culpa.','Voluptatem dignissimos eum sequi dolor sit. Commodi sed cupiditate ea cupiditate eos labore.',0,'','','','',0,12,0,0,0,'0000-00-00 00:00:00',0,'0000-00-00 00:00:00',0,'0000-00-00 00:00:00','2015-08-30 21:06:35','2015-08-30 21:06:35'),
	(97,'SLLBU1875864473',819,1048,2086.99,1795.58,1,'Quidem minima assumenda et harum consequatur repudiandae. Voluptatum repellat ut ut dolorum voluptatem velit. Rerum laudantium vel consequatur sed.','Blanditiis aut ducimus qui. Autem ut non eligendi in. Aut illo sunt tempora quidem. Quod excepturi id aperiam tempore cum reiciendis.',0,'','','','',0,12,0,0,0,'0000-00-00 00:00:00',0,'0000-00-00 00:00:00',0,'0000-00-00 00:00:00','2015-08-30 21:06:35','2015-08-30 21:06:35'),
	(98,'SLLBU9331830105',1610,905,439.48,1932.13,1,'Ea iste qui fugiat cumque consectetur quia. Eius non dicta repellendus aliquid sint.','Saepe maiores velit ducimus sequi voluptas ducimus natus. Delectus quia molestiae id qui iste ipsum voluptatem. Qui sit et qui et voluptatem error rerum.',0,'','','','',0,12,0,0,0,'0000-00-00 00:00:00',0,'0000-00-00 00:00:00',0,'0000-00-00 00:00:00','2015-08-30 21:06:35','2015-08-30 21:06:35'),
	(99,'SLLBU1947927523',2184,1459,1511.49,1586.53,1,'Et enim nostrum qui soluta. Corporis eos eveniet nisi sunt doloribus dolores aliquid consectetur.','Omnis voluptatem aliquid inventore consequatur aspernatur nihil. Maiores illum et laudantium qui molestiae saepe tempore. Expedita excepturi ut quia fugiat optio.',1,'','','','',0,12,0,0,0,'0000-00-00 00:00:00',0,'0000-00-00 00:00:00',0,'0000-00-00 00:00:00','2015-08-30 21:06:35','2015-08-30 21:06:37'),
	(100,'SLLBU6590396059',1911,1070,1242.39,1642.97,1,'Quae magni accusamus consequatur. Autem consectetur qui minus. Impedit sint natus sint. Ut est molestiae mollitia cum.','Ipsa laudantium quos occaecati aliquam ab. Atque debitis dolores voluptatem. Odit qui distinctio qui qui voluptas tenetur perspiciatis. Alias quod labore libero quae voluptatem laborum.',0,'','','','',0,12,0,0,0,'0000-00-00 00:00:00',0,'0000-00-00 00:00:00',0,'0000-00-00 00:00:00','2015-08-30 21:06:35','2015-08-30 21:06:35'),
	(101,'EXPBLU12334563456',138,138,1,1,2,'1','1',1,'','','','',0,0,12,1,6,'2015-09-01 05:06:14',0,'0000-00-00 00:00:00',0,'0000-00-00 00:00:00','2015-09-01 05:08:17','2015-09-01 05:08:34'),
	(102,'EXPLBU21347246',138,138,1,1,2,'1','1',1,'','','','',0,0,12,1,6,'2015-09-01 05:16:14',0,'0000-00-00 00:00:00',0,'0000-00-00 00:00:00','2015-09-01 05:09:29','2015-09-01 05:09:44'),
	(103,'EXPLBU173981279387',138,138,1,1,2,'1','1',1,'','','','',0,0,12,1,6,'2015-09-01 05:46:14',0,'0000-00-00 00:00:00',0,'0000-00-00 00:00:00','2015-09-01 05:23:32','2015-09-01 05:46:14'),
	(104,'EXPLBU68768686',138,138,1,1,2,'1','1',1,'','','','',0,0,12,1,1,'2015-09-01 05:52:32',0,'0000-00-00 00:00:00',0,'0000-00-00 00:00:00','2015-09-01 05:52:18','2015-09-01 05:55:10');

/*!40000 ALTER TABLE `cargoes` ENABLE KEYS */;
UNLOCK TABLES;


# Dump of table container_confirmation_process
# ------------------------------------------------------------

DROP TABLE IF EXISTS `container_confirmation_process`;

CREATE TABLE `container_confirmation_process` (
  `id` int(10) unsigned NOT NULL AUTO_INCREMENT,
  `movement` varchar(255) COLLATE utf8_unicode_ci NOT NULL,
  `total_check_points` int(11) NOT NULL,
  `cp1` varchar(255) COLLATE utf8_unicode_ci NOT NULL,
  `cp2` varchar(255) COLLATE utf8_unicode_ci NOT NULL,
  `cp3` varchar(255) COLLATE utf8_unicode_ci NOT NULL,
  `cp4` varchar(255) COLLATE utf8_unicode_ci NOT NULL,
  `cp5` varchar(255) COLLATE utf8_unicode_ci NOT NULL,
  `cp6` varchar(255) COLLATE utf8_unicode_ci NOT NULL,
  `cp7` varchar(255) COLLATE utf8_unicode_ci NOT NULL,
  `cp8` varchar(255) COLLATE utf8_unicode_ci NOT NULL,
  `cp9` varchar(255) COLLATE utf8_unicode_ci NOT NULL,
  `cp10` varchar(255) COLLATE utf8_unicode_ci NOT NULL,
  `created_at` timestamp NOT NULL DEFAULT '0000-00-00 00:00:00',
  `updated_at` timestamp NOT NULL DEFAULT '0000-00-00 00:00:00',
  PRIMARY KEY (`id`)
) ENGINE=InnoDB AUTO_INCREMENT=21 DEFAULT CHARSET=utf8 COLLATE=utf8_unicode_ci;

LOCK TABLES `container_confirmation_process` WRITE;
/*!40000 ALTER TABLE `container_confirmation_process` DISABLE KEYS */;

INSERT INTO `container_confirmation_process` (`id`, `movement`, `total_check_points`, `cp1`, `cp2`, `cp3`, `cp4`, `cp5`, `cp6`, `cp7`, `cp8`, `cp9`, `cp10`, `created_at`, `updated_at`)
VALUES
	(1,'HI',2,'WF','CY1','','','','','','','','','2015-08-30 20:32:45','2015-08-30 20:32:45'),
	(2,'HE',2,'CY1','WF','','','','','','','','','2015-08-30 20:32:45','2015-08-30 20:32:45'),
	(3,'RI-1',2,'MG','CY1','','','','','','','','','2015-08-30 20:32:45','2015-08-30 20:32:45'),
	(4,'RI-3',2,'PB','CY3','','','','','','','','','2015-08-30 20:32:45','2015-08-30 20:32:45'),
	(5,'RO-1',2,'CY1','MG','','','','','','','','','2015-08-30 20:32:45','2015-08-30 20:32:45'),
	(6,'RO-3',2,'CY3','PB','','','','','','','','','2015-08-30 20:32:45','2015-08-30 20:32:45'),
	(7,'TF-1-3',4,'CY1','MG','PB','CY3','','','','','','','2015-08-30 20:32:45','2015-08-30 20:32:45'),
	(8,'TF-3-1',4,'CY3','PB','MG','CY1','','','','','','','2015-08-30 20:32:45','2015-08-30 20:32:45'),
	(9,'ST',1,'CY1','','','','','','','','','','2015-08-30 20:32:45','2015-08-30 20:32:45'),
	(10,'US',1,'CY1','','','','','','','','','','2015-08-30 20:32:45','2015-08-30 20:32:45'),
	(11,'HI',2,'WF','CY1','','','','','','','','','2015-08-30 21:04:35','2015-08-30 21:04:35'),
	(12,'HE',2,'CY1','WF','','','','','','','','','2015-08-30 21:04:35','2015-08-30 21:04:35'),
	(13,'RI-1',2,'MG','CY1','','','','','','','','','2015-08-30 21:04:35','2015-08-30 21:04:35'),
	(14,'RI-3',2,'PB','CY3','','','','','','','','','2015-08-30 21:04:35','2015-08-30 21:04:35'),
	(15,'RO-1',2,'CY1','MG','','','','','','','','','2015-08-30 21:04:35','2015-08-30 21:04:35'),
	(16,'RO-3',2,'CY3','PB','','','','','','','','','2015-08-30 21:04:35','2015-08-30 21:04:35'),
	(17,'TF-1-3',4,'CY1','MG','PB','CY3','','','','','','','2015-08-30 21:04:35','2015-08-30 21:04:35'),
	(18,'TF-3-1',4,'CY3','PB','MG','CY1','','','','','','','2015-08-30 21:04:35','2015-08-30 21:04:35'),
	(19,'ST',1,'CY1','','','','','','','','','','2015-08-30 21:04:35','2015-08-30 21:04:35'),
	(20,'US',1,'CY1','','','','','','','','','','2015-08-30 21:04:35','2015-08-30 21:04:35');

/*!40000 ALTER TABLE `container_confirmation_process` ENABLE KEYS */;
UNLOCK TABLES;


# Dump of table container_workorder
# ------------------------------------------------------------

DROP TABLE IF EXISTS `container_workorder`;

CREATE TABLE `container_workorder` (
  `id` int(10) unsigned NOT NULL AUTO_INCREMENT,
  `container_id` int(10) unsigned NOT NULL,
  `workorder_id` int(10) unsigned NOT NULL,
  `content` varchar(255) COLLATE utf8_unicode_ci NOT NULL,
  `vehicle` varchar(255) COLLATE utf8_unicode_ci NOT NULL,
  `lifter` varchar(255) COLLATE utf8_unicode_ci NOT NULL,
  `confirmed` tinyint(1) NOT NULL,
  `confirmed_by` int(11) NOT NULL,
  `created_at` timestamp NOT NULL DEFAULT '0000-00-00 00:00:00',
  `updated_at` timestamp NOT NULL DEFAULT '0000-00-00 00:00:00',
  PRIMARY KEY (`id`),
  KEY `container_workorder_container_id_index` (`container_id`),
  KEY `container_workorder_workorder_id_index` (`workorder_id`),
  CONSTRAINT `container_workorder_container_id_foreign` FOREIGN KEY (`container_id`) REFERENCES `containers` (`id`) ON DELETE CASCADE,
  CONSTRAINT `container_workorder_workorder_id_foreign` FOREIGN KEY (`workorder_id`) REFERENCES `workorders` (`id`) ON DELETE CASCADE
) ENGINE=InnoDB AUTO_INCREMENT=65 DEFAULT CHARSET=utf8 COLLATE=utf8_unicode_ci;

LOCK TABLES `container_workorder` WRITE;
/*!40000 ALTER TABLE `container_workorder` DISABLE KEYS */;

INSERT INTO `container_workorder` (`id`, `container_id`, `workorder_id`, `content`, `vehicle`, `lifter`, `confirmed`, `confirmed_by`, `created_at`, `updated_at`)
VALUES
	(1,69,1,'E','SAA5671','AHMAD',1,6,'2015-08-31 07:15:22','2015-08-31 15:13:43'),
	(2,56,1,'E','SAA0098','JEFF',1,6,'2015-08-31 07:15:22','2015-08-31 15:13:43'),
	(3,119,1,'L','SAA2234-AHAMD','FTR-SAMAD',1,6,'2015-08-31 07:15:22','2015-08-31 18:31:07'),
	(4,92,1,'E','SAA0987-SUPER','FTR-QUAH',1,6,'2015-08-31 07:15:22','2015-08-31 18:31:08'),
	(5,135,1,'L','SAA67898-JOSEPH','FTR-SAPA',1,6,'2015-08-31 07:15:22','2015-08-31 18:31:08'),
	(6,129,1,'E','','',0,0,'2015-08-31 07:15:22','2015-08-31 07:15:22'),
	(7,91,1,'L','KJKH','KJHKJH',1,6,'2015-08-31 07:15:22','2015-09-01 05:29:47'),
	(8,62,1,'E','','',0,0,'2015-08-31 07:15:22','2015-08-31 07:15:22'),
	(9,149,1,'E','','',0,0,'2015-08-31 07:15:22','2015-08-31 07:15:22'),
	(10,134,1,'L','GHJKHJK','GHJK',1,6,'2015-08-31 07:15:22','2015-09-01 05:29:47'),
	(11,89,1,'L','HJKH','HJK',1,6,'2015-08-31 07:15:22','2015-09-01 05:29:47'),
	(12,100,1,'L','HGJKH','HJKHJ',1,6,'2015-08-31 07:15:22','2015-09-01 05:29:47'),
	(13,46,1,'L','SFG','FGF',1,6,'2015-08-31 07:15:22','2015-09-01 05:29:47'),
	(14,144,1,'E','','',0,0,'2015-08-31 07:15:22','2015-08-31 07:15:22'),
	(15,66,1,'L','GFFG','SDFGF',1,6,'2015-08-31 07:15:22','2015-09-01 05:29:47'),
	(16,72,1,'E','','',0,0,'2015-08-31 07:15:22','2015-08-31 07:15:22'),
	(17,124,1,'E','','',0,0,'2015-08-31 07:15:22','2015-08-31 07:15:22'),
	(18,71,1,'E','','',0,0,'2015-08-31 07:15:22','2015-08-31 07:15:22'),
	(19,127,1,'E','','',0,0,'2015-08-31 07:15:22','2015-08-31 07:15:22'),
	(20,36,1,'E','','',0,0,'2015-08-31 07:15:22','2015-08-31 07:15:22'),
	(21,20,1,'E','','',0,0,'2015-08-31 07:15:22','2015-08-31 07:15:22'),
	(22,98,1,'L','SDFG','FHJFH',1,6,'2015-08-31 07:15:22','2015-09-01 05:29:47'),
	(23,93,1,'E','','',0,0,'2015-08-31 07:15:22','2015-08-31 07:15:22'),
	(24,25,1,'L','DGH','HJGHJ',1,6,'2015-08-31 07:15:22','2015-09-01 05:29:47'),
	(25,143,1,'E','','',0,0,'2015-08-31 07:15:22','2015-08-31 07:15:22'),
	(26,137,1,'E','','',0,0,'2015-08-31 07:15:22','2015-08-31 07:15:22'),
	(27,82,1,'E','','',0,0,'2015-08-31 07:15:22','2015-08-31 07:15:22'),
	(28,15,1,'E','','',0,0,'2015-08-31 07:15:22','2015-08-31 07:15:22'),
	(29,3,1,'E','','',0,0,'2015-08-31 07:15:22','2015-08-31 07:15:22'),
	(30,115,1,'E','','',0,0,'2015-08-31 07:15:22','2015-08-31 07:15:22'),
	(31,126,1,'L','DGHG','DFGHDFG',1,6,'2015-08-31 07:15:22','2015-09-01 05:29:47'),
	(32,95,1,'E','','',0,0,'2015-08-31 07:15:22','2015-08-31 07:15:22'),
	(33,118,1,'L','DFGH','SGFD',1,6,'2015-08-31 07:15:22','2015-09-01 05:29:47'),
	(34,43,1,'E','','',0,0,'2015-08-31 07:15:22','2015-08-31 07:15:22'),
	(35,87,1,'E','','',0,0,'2015-08-31 07:15:22','2015-08-31 07:15:22'),
	(36,12,1,'E','','',0,0,'2015-08-31 07:15:22','2015-08-31 07:15:22'),
	(37,67,1,'E','','',0,0,'2015-08-31 07:15:22','2015-08-31 07:15:22'),
	(38,18,1,'E','','',0,0,'2015-08-31 07:15:22','2015-08-31 07:15:22'),
	(39,53,1,'E','','',0,0,'2015-08-31 07:15:22','2015-08-31 07:15:22'),
	(40,6,1,'L','JHGJ','GHJFH',1,6,'2015-08-31 07:15:22','2015-09-01 05:29:47'),
	(41,103,1,'E','','',0,0,'2015-08-31 07:15:22','2015-08-31 07:15:22'),
	(42,90,1,'E','','',0,0,'2015-08-31 07:15:22','2015-08-31 07:15:22'),
	(43,28,1,'L','JGHJ','HGFJFGHJ',1,6,'2015-08-31 07:15:22','2015-09-01 05:29:48'),
	(44,78,1,'E','','',0,0,'2015-08-31 07:15:22','2015-08-31 07:15:22'),
	(45,107,1,'L','FHJHJ','HGHJF',1,6,'2015-08-31 07:15:22','2015-09-01 05:29:48'),
	(46,1,1,'L','FGHJGH','GHJFHJ',1,6,'2015-08-31 07:15:22','2015-09-01 05:29:48'),
	(47,49,1,'E','','',0,0,'2015-08-31 07:15:22','2015-08-31 07:15:22'),
	(48,2,1,'E','','',0,0,'2015-08-31 07:15:22','2015-08-31 07:15:22'),
	(49,112,1,'E','','',0,0,'2015-08-31 07:15:22','2015-08-31 07:15:22'),
	(50,51,1,'E','','',0,0,'2015-08-31 07:15:22','2015-08-31 07:15:22'),
	(51,7,1,'L','HJFHJ','FGHFGHJ',1,6,'2015-08-31 07:15:22','2015-09-01 05:29:48'),
	(52,117,1,'L','GFHJ','GHJHF',1,6,'2015-08-31 07:15:22','2015-09-01 05:29:48'),
	(53,69,2,'E','SAA67868-ABDUL','FTR-YON',1,7,'2015-08-31 18:29:56','2015-08-31 19:02:56'),
	(54,56,2,'E','SAA5678-BUCK','FTR-POON',1,7,'2015-08-31 18:29:56','2015-08-31 19:02:56'),
	(55,69,3,'E','SAA78979-SAMD','FTR-GODI',1,6,'2015-09-01 05:06:44','2015-09-01 05:17:32'),
	(56,56,3,'E','SAA7778-FRED','FTR-PINI',1,6,'2015-09-01 05:06:44','2015-09-01 05:17:32'),
	(57,151,4,'L','SAA3333-IND','FTR-YON',1,6,'2015-09-01 05:10:16','2015-09-01 05:17:32'),
	(58,152,4,'L','SAA3333-KIN','FTR-LIN',1,6,'2015-09-01 05:10:16','2015-09-01 05:17:32'),
	(59,154,5,'E','SAA0908-INDI','FTR-HIND',1,7,'2015-09-01 05:13:55','2015-09-01 05:16:26'),
	(60,153,5,'E','SAA0909-GIN','FTR-REND',1,7,'2015-09-01 05:13:55','2015-09-01 05:16:26'),
	(61,73,6,'L','JHKJH','KJHKJH',1,6,'2015-09-01 05:30:59','2015-09-01 05:32:08'),
	(63,155,8,'L','SAA76876','LKJDSF',1,6,'2015-09-01 05:43:40','2015-09-01 05:46:14'),
	(64,56,9,'E','JHGJHGJ','LKJLKJLJK',1,6,'2015-09-01 05:54:27','2015-09-01 05:55:10');

/*!40000 ALTER TABLE `container_workorder` ENABLE KEYS */;
UNLOCK TABLES;


# Dump of table container_workorder_confirmation
# ------------------------------------------------------------

DROP TABLE IF EXISTS `container_workorder_confirmation`;

CREATE TABLE `container_workorder_confirmation` (
  `id` int(10) unsigned NOT NULL AUTO_INCREMENT,
  `container_id` int(10) unsigned NOT NULL,
  `container_no` varchar(255) COLLATE utf8_unicode_ci NOT NULL,
  `workorder_id` int(10) unsigned NOT NULL,
  `workorder_no` int(10) unsigned NOT NULL,
  `container_workorder_id` int(10) NOT NULL,
  `confirmed_by` int(11) NOT NULL,
  `role` varchar(255) COLLATE utf8_unicode_ci NOT NULL,
  `confirmed_at` timestamp NOT NULL DEFAULT '0000-00-00 00:00:00',
  `created_at` timestamp NOT NULL DEFAULT '0000-00-00 00:00:00',
  `updated_at` timestamp NOT NULL DEFAULT '0000-00-00 00:00:00',
  PRIMARY KEY (`id`)
) ENGINE=InnoDB AUTO_INCREMENT=72 DEFAULT CHARSET=utf8 COLLATE=utf8_unicode_ci;

LOCK TABLES `container_workorder_confirmation` WRITE;
/*!40000 ALTER TABLE `container_workorder_confirmation` DISABLE KEYS */;

INSERT INTO `container_workorder_confirmation` (`id`, `container_id`, `container_no`, `workorder_id`, `workorder_no`, `container_workorder_id`, `confirmed_by`, `role`, `confirmed_at`, `created_at`, `updated_at`)
VALUES
	(1,69,'AAHM6489449',1,124569,1,3,'WF','2015-08-31 07:20:53','2015-08-31 07:20:53','2015-08-31 07:20:53'),
	(2,56,'AAIS7308439',1,124569,2,3,'WF','2015-08-31 07:20:53','2015-08-31 07:20:53','2015-08-31 07:20:53'),
	(3,69,'AAHM6489449',1,124569,1,6,'CY1','2015-08-31 15:13:43','2015-08-31 15:13:43','2015-08-31 15:13:43'),
	(4,56,'AAIS7308439',1,124569,2,6,'CY1','2015-08-31 15:13:43','2015-08-31 15:13:43','2015-08-31 15:13:43'),
	(5,119,'ADPA5016928',1,124569,3,3,'WF','2015-08-31 17:33:40','2015-08-31 17:33:40','2015-08-31 17:33:40'),
	(6,92,'AKEV1387179',1,124569,4,3,'WF','2015-08-31 17:36:26','2015-08-31 17:36:26','2015-08-31 17:36:26'),
	(7,135,'ANPL0982193',1,124569,5,3,'WF','2015-08-31 17:36:26','2015-08-31 17:36:26','2015-08-31 17:36:26'),
	(8,69,'AAHM6489449',2,124570,53,6,'CY1','2015-08-31 18:31:07','2015-08-31 18:31:07','2015-08-31 18:31:07'),
	(9,56,'AAIS7308439',2,124570,54,6,'CY1','2015-08-31 18:31:07','2015-08-31 18:31:07','2015-08-31 18:31:07'),
	(10,119,'ADPA5016928',1,124569,3,6,'CY1','2015-08-31 18:31:07','2015-08-31 18:31:07','2015-08-31 18:31:07'),
	(11,92,'AKEV1387179',1,124569,4,6,'CY1','2015-08-31 18:31:08','2015-08-31 18:31:08','2015-08-31 18:31:08'),
	(12,135,'ANPL0982193',1,124569,5,6,'CY1','2015-08-31 18:31:08','2015-08-31 18:31:08','2015-08-31 18:31:08'),
	(13,69,'AAHM6489449',2,124570,53,4,'MG','2015-08-31 19:02:19','2015-08-31 19:02:19','2015-08-31 19:02:19'),
	(14,56,'AAIS7308439',2,124570,54,4,'MG','2015-08-31 19:02:19','2015-08-31 19:02:19','2015-08-31 19:02:19'),
	(15,69,'AAHM6489449',2,124570,53,5,'PB','2015-08-31 19:02:39','2015-08-31 19:02:39','2015-08-31 19:02:39'),
	(16,56,'AAIS7308439',2,124570,54,5,'PB','2015-08-31 19:02:39','2015-08-31 19:02:39','2015-08-31 19:02:39'),
	(17,69,'AAHM6489449',2,124570,53,7,'CY3','2015-08-31 19:02:56','2015-08-31 19:02:56','2015-08-31 19:02:56'),
	(18,56,'AAIS7308439',2,124570,54,7,'CY3','2015-08-31 19:02:56','2015-08-31 19:02:56','2015-08-31 19:02:56'),
	(19,69,'AAHM6489449',3,124571,55,7,'CY3','2015-09-01 05:14:40','2015-09-01 05:14:40','2015-09-01 05:14:40'),
	(20,56,'AAIS7308439',3,124571,56,7,'CY3','2015-09-01 05:14:40','2015-09-01 05:14:40','2015-09-01 05:14:40'),
	(21,154,'AAAA1111112',5,124573,59,5,'PB','2015-09-01 05:15:45','2015-09-01 05:15:45','2015-09-01 05:15:45'),
	(22,153,'AAAA6787777',5,124573,60,5,'PB','2015-09-01 05:15:45','2015-09-01 05:15:45','2015-09-01 05:15:45'),
	(23,69,'AAHM6489449',3,124571,55,5,'PB','2015-09-01 05:15:58','2015-09-01 05:15:58','2015-09-01 05:15:58'),
	(24,56,'AAIS7308439',3,124571,56,5,'PB','2015-09-01 05:15:58','2015-09-01 05:15:58','2015-09-01 05:15:58'),
	(25,154,'AAAA1111112',5,124573,59,7,'CY3','2015-09-01 05:16:26','2015-09-01 05:16:26','2015-09-01 05:16:26'),
	(26,153,'AAAA6787777',5,124573,60,7,'CY3','2015-09-01 05:16:26','2015-09-01 05:16:26','2015-09-01 05:16:26'),
	(27,69,'AAHM6489449',3,124571,55,4,'MG','2015-09-01 05:17:08','2015-09-01 05:17:08','2015-09-01 05:17:08'),
	(28,56,'AAIS7308439',3,124571,56,4,'MG','2015-09-01 05:17:08','2015-09-01 05:17:08','2015-09-01 05:17:08'),
	(29,151,'PCIU1112223',4,124572,57,4,'MG','2015-09-01 05:17:08','2015-09-01 05:17:08','2015-09-01 05:17:08'),
	(30,152,'TCIU4443332',4,124572,58,4,'MG','2015-09-01 05:17:08','2015-09-01 05:17:08','2015-09-01 05:17:08'),
	(31,69,'AAHM6489449',3,124571,55,6,'CY1','2015-09-01 05:17:32','2015-09-01 05:17:32','2015-09-01 05:17:32'),
	(32,56,'AAIS7308439',3,124571,56,6,'CY1','2015-09-01 05:17:32','2015-09-01 05:17:32','2015-09-01 05:17:32'),
	(33,151,'PCIU1112223',4,124572,57,6,'CY1','2015-09-01 05:17:32','2015-09-01 05:17:32','2015-09-01 05:17:32'),
	(34,152,'TCIU4443332',4,124572,58,6,'CY1','2015-09-01 05:17:32','2015-09-01 05:17:32','2015-09-01 05:17:32'),
	(35,91,'BPUD1808307',1,124569,7,3,'WF','2015-09-01 05:29:09','2015-09-01 05:29:09','2015-09-01 05:29:09'),
	(36,134,'CODF3344265',1,124569,10,3,'WF','2015-09-01 05:29:09','2015-09-01 05:29:09','2015-09-01 05:29:09'),
	(37,89,'CUCN7216623',1,124569,11,3,'WF','2015-09-01 05:29:09','2015-09-01 05:29:09','2015-09-01 05:29:09'),
	(38,100,'CYKF4752023',1,124569,12,3,'WF','2015-09-01 05:29:09','2015-09-01 05:29:09','2015-09-01 05:29:09'),
	(39,46,'DLKY3799914',1,124569,13,3,'WF','2015-09-01 05:29:09','2015-09-01 05:29:09','2015-09-01 05:29:09'),
	(40,66,'DROD9630522',1,124569,15,3,'WF','2015-09-01 05:29:09','2015-09-01 05:29:09','2015-09-01 05:29:09'),
	(41,98,'FEOS8634132',1,124569,22,3,'WF','2015-09-01 05:29:09','2015-09-01 05:29:09','2015-09-01 05:29:09'),
	(42,25,'FMKP9833207',1,124569,24,3,'WF','2015-09-01 05:29:09','2015-09-01 05:29:09','2015-09-01 05:29:09'),
	(43,126,'GXKS5239074',1,124569,31,3,'WF','2015-09-01 05:29:09','2015-09-01 05:29:09','2015-09-01 05:29:09'),
	(44,118,'HDVG5002277',1,124569,33,3,'WF','2015-09-01 05:29:09','2015-09-01 05:29:09','2015-09-01 05:29:09'),
	(45,6,'IPPH3835861',1,124569,40,3,'WF','2015-09-01 05:29:09','2015-09-01 05:29:09','2015-09-01 05:29:09'),
	(46,28,'IZZD3872779',1,124569,43,3,'WF','2015-09-01 05:29:09','2015-09-01 05:29:09','2015-09-01 05:29:09'),
	(47,107,'KCST5262757',1,124569,45,3,'WF','2015-09-01 05:29:09','2015-09-01 05:29:09','2015-09-01 05:29:09'),
	(48,1,'KCZJ0030573',1,124569,46,3,'WF','2015-09-01 05:29:09','2015-09-01 05:29:09','2015-09-01 05:29:09'),
	(49,7,'KTVH7510134',1,124569,51,3,'WF','2015-09-01 05:29:09','2015-09-01 05:29:09','2015-09-01 05:29:09'),
	(50,117,'KVZF5073559',1,124569,52,3,'WF','2015-09-01 05:29:09','2015-09-01 05:29:09','2015-09-01 05:29:09'),
	(51,91,'BPUD1808307',1,124569,7,6,'CY1','2015-09-01 05:29:47','2015-09-01 05:29:47','2015-09-01 05:29:47'),
	(52,134,'CODF3344265',1,124569,10,6,'CY1','2015-09-01 05:29:47','2015-09-01 05:29:47','2015-09-01 05:29:47'),
	(53,89,'CUCN7216623',1,124569,11,6,'CY1','2015-09-01 05:29:47','2015-09-01 05:29:47','2015-09-01 05:29:47'),
	(54,100,'CYKF4752023',1,124569,12,6,'CY1','2015-09-01 05:29:47','2015-09-01 05:29:47','2015-09-01 05:29:47'),
	(55,46,'DLKY3799914',1,124569,13,6,'CY1','2015-09-01 05:29:47','2015-09-01 05:29:47','2015-09-01 05:29:47'),
	(56,66,'DROD9630522',1,124569,15,6,'CY1','2015-09-01 05:29:47','2015-09-01 05:29:47','2015-09-01 05:29:47'),
	(57,98,'FEOS8634132',1,124569,22,6,'CY1','2015-09-01 05:29:47','2015-09-01 05:29:47','2015-09-01 05:29:47'),
	(58,25,'FMKP9833207',1,124569,24,6,'CY1','2015-09-01 05:29:47','2015-09-01 05:29:47','2015-09-01 05:29:47'),
	(59,126,'GXKS5239074',1,124569,31,6,'CY1','2015-09-01 05:29:47','2015-09-01 05:29:47','2015-09-01 05:29:47'),
	(60,118,'HDVG5002277',1,124569,33,6,'CY1','2015-09-01 05:29:47','2015-09-01 05:29:47','2015-09-01 05:29:47'),
	(61,6,'IPPH3835861',1,124569,40,6,'CY1','2015-09-01 05:29:47','2015-09-01 05:29:47','2015-09-01 05:29:47'),
	(62,28,'IZZD3872779',1,124569,43,6,'CY1','2015-09-01 05:29:48','2015-09-01 05:29:48','2015-09-01 05:29:48'),
	(63,107,'KCST5262757',1,124569,45,6,'CY1','2015-09-01 05:29:48','2015-09-01 05:29:48','2015-09-01 05:29:48'),
	(64,1,'KCZJ0030573',1,124569,46,6,'CY1','2015-09-01 05:29:48','2015-09-01 05:29:48','2015-09-01 05:29:48'),
	(65,7,'KTVH7510134',1,124569,51,6,'CY1','2015-09-01 05:29:48','2015-09-01 05:29:48','2015-09-01 05:29:48'),
	(66,117,'KVZF5073559',1,124569,52,6,'CY1','2015-09-01 05:29:48','2015-09-01 05:29:48','2015-09-01 05:29:48'),
	(67,73,'XIGM2337196',6,124574,61,3,'WF','2015-09-01 05:31:34','2015-09-01 05:31:34','2015-09-01 05:31:34'),
	(68,73,'XIGM2337196',6,124574,61,6,'CY1','2015-09-01 05:32:08','2015-09-01 05:32:08','2015-09-01 05:32:08'),
	(69,155,'AAAA1111111',8,124576,63,4,'MG','2015-09-01 05:45:35','2015-09-01 05:45:35','2015-09-01 05:45:35'),
	(70,155,'AAAA1111111',8,124576,63,6,'CY1','2015-09-01 05:46:14','2015-09-01 05:46:14','2015-09-01 05:46:14'),
	(71,56,'AAIS7308439',9,124577,64,6,'CY1','2015-09-01 05:55:10','2015-09-01 05:55:10','2015-09-01 05:55:10');

/*!40000 ALTER TABLE `container_workorder_confirmation` ENABLE KEYS */;
UNLOCK TABLES;


# Dump of table containers
# ------------------------------------------------------------

DROP TABLE IF EXISTS `containers`;

CREATE TABLE `containers` (
  `id` int(10) unsigned NOT NULL AUTO_INCREMENT,
  `container_no` varchar(255) COLLATE utf8_unicode_ci NOT NULL,
  `size` int(11) NOT NULL,
  `content` varchar(255) COLLATE utf8_unicode_ci NOT NULL,
  `location` int(11) NOT NULL,
  `status` int(11) NOT NULL,
  `current_movement` int(10) unsigned NOT NULL,
  `to_confirm_by` varchar(255) COLLATE utf8_unicode_ci NOT NULL,
  `check_point` int(11) NOT NULL,
  `dl_check` int(11) NOT NULL,
  `pre_stuffing` varchar(255) COLLATE utf8_unicode_ci NOT NULL,
  `m_content` varchar(255) COLLATE utf8_unicode_ci NOT NULL,
  `import_vessel_schedule_id` int(10) unsigned NOT NULL,
  `export_vessel_schedule_id` int(10) unsigned NOT NULL,
  `receiving_id` int(10) unsigned NOT NULL,
  `created_at` timestamp NOT NULL DEFAULT '0000-00-00 00:00:00',
  `updated_at` timestamp NOT NULL DEFAULT '0000-00-00 00:00:00',
  PRIMARY KEY (`id`)
) ENGINE=InnoDB AUTO_INCREMENT=156 DEFAULT CHARSET=utf8 COLLATE=utf8_unicode_ci;

LOCK TABLES `containers` WRITE;
/*!40000 ALTER TABLE `containers` DISABLE KEYS */;

INSERT INTO `containers` (`id`, `container_no`, `size`, `content`, `location`, `status`, `current_movement`, `to_confirm_by`, `check_point`, `dl_check`, `pre_stuffing`, `m_content`, `import_vessel_schedule_id`, `export_vessel_schedule_id`, `receiving_id`, `created_at`, `updated_at`)
VALUES
	(1,'KCZJ0030573',20,'L',1,3,0,'',0,1,'','L',12,0,0,'2015-08-30 21:06:35','2015-09-01 05:29:48'),
	(2,'KFSE2271591',20,'E',0,1,124569,'WF',1,0,'','E',12,0,0,'2015-08-30 21:06:35','2015-08-31 07:15:22'),
	(3,'GNHE5334612',20,'E',0,1,124569,'WF',1,0,'','E',12,0,0,'2015-08-30 21:06:35','2015-08-31 07:15:22'),
	(4,'RBDO1541869',40,'E',0,1,0,'',0,0,'','E',12,0,0,'2015-08-30 21:06:35','2015-08-30 21:06:35'),
	(5,'NQOU6377441',20,'L',0,1,0,'',0,1,'','L',12,0,0,'2015-08-30 21:06:35','2015-08-30 21:06:36'),
	(6,'IPPH3835861',20,'L',1,3,0,'',0,1,'','L',12,0,0,'2015-08-30 21:06:35','2015-09-01 05:29:47'),
	(7,'KTVH7510134',40,'L',1,3,0,'',0,1,'','L',12,0,0,'2015-08-30 21:06:35','2015-09-01 05:29:48'),
	(8,'WXVF9284303',40,'E',0,1,0,'',0,0,'','E',12,0,0,'2015-08-30 21:06:35','2015-08-30 21:06:35'),
	(9,'RYVM2859955',20,'E',0,1,0,'',0,0,'','E',12,0,0,'2015-08-30 21:06:35','2015-08-30 21:06:35'),
	(10,'OXPB1375866',20,'E',0,1,0,'',0,0,'','E',12,0,0,'2015-08-30 21:06:35','2015-08-30 21:06:35'),
	(11,'WQDF4845529',20,'E',0,1,0,'',0,0,'','E',12,0,0,'2015-08-30 21:06:35','2015-08-30 21:06:35'),
	(12,'HHYD3766369',20,'E',0,1,124569,'WF',1,0,'','E',12,0,0,'2015-08-30 21:06:35','2015-08-31 07:15:22'),
	(13,'NELQ3741252',20,'E',0,1,0,'',0,0,'','E',12,0,0,'2015-08-30 21:06:35','2015-08-30 21:06:35'),
	(14,'ZFWF1367635',40,'L',0,1,0,'',0,1,'','L',12,0,0,'2015-08-30 21:06:35','2015-08-30 21:06:37'),
	(15,'GHAE2344257',20,'E',0,1,124569,'WF',1,0,'','E',12,0,0,'2015-08-30 21:06:35','2015-08-31 07:15:22'),
	(16,'TYHC0021574',20,'E',0,1,0,'',0,0,'','E',12,0,0,'2015-08-30 21:06:35','2015-08-30 21:06:35'),
	(17,'WOHA1592756',20,'L',0,1,0,'',0,1,'','L',12,0,0,'2015-08-30 21:06:35','2015-08-30 21:06:38'),
	(18,'IHUW1944783',20,'E',0,1,124569,'WF',1,0,'','E',12,0,0,'2015-08-30 21:06:35','2015-08-31 07:15:22'),
	(19,'VKDF8606836',40,'L',0,1,0,'',0,1,'','L',12,0,0,'2015-08-30 21:06:35','2015-08-30 21:06:36'),
	(20,'FDKI0310657',20,'E',0,1,124569,'WF',1,0,'','E',12,0,0,'2015-08-30 21:06:35','2015-08-31 07:15:22'),
	(21,'TBXD8447912',40,'E',0,1,0,'',0,0,'','E',12,0,0,'2015-08-30 21:06:35','2015-08-30 21:06:35'),
	(22,'VRGR4571809',20,'E',0,1,0,'',0,0,'','E',12,0,0,'2015-08-30 21:06:35','2015-08-30 21:06:35'),
	(23,'ODZY1656864',40,'E',0,1,0,'',0,0,'','E',12,0,0,'2015-08-30 21:06:35','2015-08-30 21:06:35'),
	(24,'MQDX2965378',40,'L',0,1,0,'',0,1,'','L',12,0,0,'2015-08-30 21:06:35','2015-08-30 21:06:37'),
	(25,'FMKP9833207',40,'L',1,3,0,'',0,1,'','L',12,0,0,'2015-08-30 21:06:35','2015-09-01 05:29:47'),
	(26,'YGNY9647995',20,'E',0,1,0,'',0,0,'','E',12,0,0,'2015-08-30 21:06:35','2015-08-30 21:06:35'),
	(27,'SURA5734764',40,'L',0,1,0,'',0,1,'','L',12,0,0,'2015-08-30 21:06:35','2015-08-30 21:06:37'),
	(28,'IZZD3872779',40,'L',1,3,0,'',0,1,'','L',12,0,0,'2015-08-30 21:06:35','2015-09-01 05:29:48'),
	(29,'SWCG9692996',20,'E',0,1,0,'',0,0,'','E',12,0,0,'2015-08-30 21:06:35','2015-08-30 21:06:35'),
	(30,'XADW8397815',40,'E',0,1,0,'',0,0,'','E',12,0,0,'2015-08-30 21:06:35','2015-08-30 21:06:35'),
	(31,'TNLZ0330994',20,'E',0,1,0,'',0,0,'','E',12,0,0,'2015-08-30 21:06:35','2015-08-30 21:06:35'),
	(32,'QAEI4070937',40,'L',0,1,0,'',0,1,'','L',12,0,0,'2015-08-30 21:06:35','2015-08-30 21:06:37'),
	(33,'UISC1114445',20,'L',0,1,0,'',0,1,'','L',12,0,0,'2015-08-30 21:06:35','2015-08-30 21:06:37'),
	(34,'QRXC9196069',40,'L',0,1,0,'',0,1,'','L',12,0,0,'2015-08-30 21:06:35','2015-08-30 21:06:36'),
	(35,'QKEK7417115',40,'E',0,1,0,'',0,0,'','E',12,0,0,'2015-08-30 21:06:35','2015-08-30 21:06:35'),
	(36,'EZMB4052978',20,'E',0,1,124569,'WF',1,0,'','E',12,0,0,'2015-08-30 21:06:35','2015-08-31 07:15:22'),
	(37,'SMWE8160973',20,'E',0,1,0,'',0,0,'','E',12,0,0,'2015-08-30 21:06:35','2015-08-30 21:06:35'),
	(38,'TIAT8947689',40,'L',0,1,0,'',0,1,'','L',12,0,0,'2015-08-30 21:06:35','2015-08-30 21:06:36'),
	(39,'LUMD7399406',40,'L',0,1,0,'',0,1,'','L',12,0,0,'2015-08-30 21:06:35','2015-08-30 21:06:37'),
	(40,'MIWB7850155',20,'L',0,1,0,'',0,1,'','L',12,0,0,'2015-08-30 21:06:35','2015-08-30 21:06:36'),
	(41,'TQUR5340267',20,'E',0,1,0,'',0,0,'','E',12,0,0,'2015-08-30 21:06:35','2015-08-30 21:06:35'),
	(42,'UHCV7455619',20,'E',0,1,0,'',0,0,'','E',12,0,0,'2015-08-30 21:06:35','2015-08-30 21:06:35'),
	(43,'HEMT9292772',40,'E',0,1,124569,'WF',1,0,'','E',12,0,0,'2015-08-30 21:06:35','2015-08-31 07:15:22'),
	(44,'RAYA9476459',40,'E',0,1,0,'',0,0,'','E',12,0,0,'2015-08-30 21:06:35','2015-08-30 21:06:35'),
	(45,'LXAY3411323',40,'E',0,1,0,'',0,0,'','E',12,0,0,'2015-08-30 21:06:35','2015-08-30 21:06:35'),
	(46,'DLKY3799914',40,'L',1,3,0,'',0,1,'','L',12,0,0,'2015-08-30 21:06:35','2015-09-01 05:29:47'),
	(47,'RISS1036539',20,'L',0,1,0,'',0,1,'','L',12,0,0,'2015-08-30 21:06:35','2015-08-30 21:06:36'),
	(48,'LOLT6976381',40,'L',0,1,0,'',0,1,'','L',12,0,0,'2015-08-30 21:06:35','2015-08-30 21:06:37'),
	(49,'KEDI5306077',20,'E',0,1,124569,'WF',1,0,'','E',12,0,0,'2015-08-30 21:06:35','2015-08-31 07:15:22'),
	(50,'XUOL3186163',20,'E',0,1,0,'',0,0,'','E',12,0,0,'2015-08-30 21:06:35','2015-08-30 21:06:35'),
	(51,'KTEH5927984',20,'E',0,1,124569,'WF',1,0,'','E',12,0,0,'2015-08-30 21:06:35','2015-08-31 07:15:22'),
	(52,'RVPQ8128864',20,'L',0,1,0,'',0,1,'','L',12,0,0,'2015-08-30 21:06:35','2015-08-30 21:06:38'),
	(53,'ILIE9110105',20,'E',0,1,124569,'WF',1,0,'','E',12,0,0,'2015-08-30 21:06:35','2015-08-31 07:15:22'),
	(54,'OLPT6253202',40,'E',0,1,0,'',0,0,'','E',12,0,0,'2015-08-30 21:06:35','2015-08-30 21:06:35'),
	(55,'ZTER8906808',40,'L',0,1,0,'',0,1,'','L',12,0,0,'2015-08-30 21:06:35','2015-08-30 21:06:38'),
	(56,'AAIS7308439',40,'L',1,3,0,'',0,1,'','E',12,0,0,'2015-08-30 21:06:35','2015-09-01 05:55:10'),
	(57,'NQBE5871603',20,'E',0,1,0,'',0,0,'','E',12,0,0,'2015-08-30 21:06:35','2015-08-30 21:06:35'),
	(58,'PZQP7769217',20,'L',0,1,0,'',0,1,'','L',12,0,0,'2015-08-30 21:06:35','2015-08-30 21:06:36'),
	(59,'RJHP3320853',40,'E',0,1,0,'',0,0,'','E',12,0,0,'2015-08-30 21:06:35','2015-08-30 21:06:35'),
	(60,'UEEV8782665',20,'L',0,1,0,'',0,1,'','L',12,0,0,'2015-08-30 21:06:35','2015-08-30 21:06:36'),
	(61,'MYNV2967049',40,'E',0,1,0,'',0,0,'','E',12,0,0,'2015-08-30 21:06:35','2015-08-30 21:06:35'),
	(62,'BQUE5265629',20,'E',0,1,124569,'WF',1,0,'','E',12,0,0,'2015-08-30 21:06:35','2015-08-31 07:15:22'),
	(63,'XLJB4258326',20,'L',0,1,0,'',0,1,'','L',12,0,0,'2015-08-30 21:06:35','2015-08-30 21:06:38'),
	(64,'NAIG4557532',20,'L',0,1,0,'',0,1,'','L',12,0,0,'2015-08-30 21:06:35','2015-08-30 21:06:38'),
	(65,'TCBJ0258365',40,'E',0,1,0,'',0,0,'','E',12,0,0,'2015-08-30 21:06:35','2015-08-30 21:06:35'),
	(66,'DROD9630522',20,'L',1,3,0,'',0,1,'','L',12,0,0,'2015-08-30 21:06:35','2015-09-01 05:29:47'),
	(67,'HVPC6627504',40,'E',0,1,124569,'WF',1,0,'','E',12,0,0,'2015-08-30 21:06:35','2015-08-31 07:15:22'),
	(68,'UINF2840242',20,'E',0,1,0,'',0,0,'','E',12,0,0,'2015-08-30 21:06:35','2015-08-30 21:06:35'),
	(69,'AAHM6489449',20,'E',1,3,0,'',0,0,'','E',12,0,0,'2015-08-30 21:06:35','2015-09-01 05:17:32'),
	(70,'MQVJ6773632',40,'E',0,1,0,'',0,0,'','E',12,0,0,'2015-08-30 21:06:35','2015-08-30 21:06:35'),
	(71,'ESMH6550566',20,'E',0,1,124569,'WF',1,0,'','E',12,0,0,'2015-08-30 21:06:35','2015-08-31 07:15:22'),
	(72,'EBVK1936914',20,'E',0,1,124569,'WF',1,0,'','E',12,0,0,'2015-08-30 21:06:35','2015-08-31 07:15:22'),
	(73,'XIGM2337196',20,'L',1,3,0,'',0,1,'','L',12,0,0,'2015-08-30 21:06:35','2015-09-01 05:32:08'),
	(74,'PNKE6022470',20,'E',0,1,0,'',0,0,'','E',12,0,0,'2015-08-30 21:06:35','2015-08-30 21:06:35'),
	(75,'WAYE1364686',20,'E',0,1,0,'',0,0,'','E',12,0,0,'2015-08-30 21:06:35','2015-08-30 21:06:35'),
	(76,'KYUB3929818',20,'E',0,1,0,'',0,0,'','E',12,0,0,'2015-08-30 21:06:35','2015-08-30 21:06:35'),
	(77,'XPRM3613080',20,'E',0,1,0,'',0,0,'','E',12,0,0,'2015-08-30 21:06:35','2015-08-30 21:06:35'),
	(78,'JEXE2423906',20,'E',0,1,124569,'WF',1,0,'','E',12,0,0,'2015-08-30 21:06:35','2015-08-31 07:15:22'),
	(79,'WRQP0688434',20,'E',0,1,0,'',0,0,'','E',12,0,0,'2015-08-30 21:06:35','2015-08-30 21:06:35'),
	(80,'XMLK8842765',20,'E',0,1,0,'',0,0,'','E',12,0,0,'2015-08-30 21:06:35','2015-08-30 21:06:35'),
	(81,'KZUV6783412',20,'E',0,1,0,'',0,0,'','E',12,0,0,'2015-08-30 21:06:35','2015-08-30 21:06:35'),
	(82,'FYZY4545137',20,'E',0,1,124569,'WF',1,0,'','E',12,0,0,'2015-08-30 21:06:35','2015-08-31 07:15:22'),
	(83,'YTCU3113423',20,'E',0,1,0,'',0,0,'','E',12,0,0,'2015-08-30 21:06:35','2015-08-30 21:06:35'),
	(84,'QEES8234541',20,'L',0,1,0,'',0,1,'','L',12,0,0,'2015-08-30 21:06:35','2015-08-30 21:06:37'),
	(85,'MYRW8246674',20,'L',0,1,0,'',0,1,'','L',12,0,0,'2015-08-30 21:06:35','2015-08-30 21:06:37'),
	(86,'XQKS6122468',20,'E',0,1,0,'',0,0,'','E',12,0,0,'2015-08-30 21:06:35','2015-08-30 21:06:35'),
	(87,'HEYX7607014',40,'E',0,1,124569,'WF',1,0,'','E',12,0,0,'2015-08-30 21:06:35','2015-08-31 07:15:22'),
	(88,'ZDVW8820584',40,'E',0,1,0,'',0,0,'','E',12,0,0,'2015-08-30 21:06:35','2015-08-30 21:06:35'),
	(89,'CUCN7216623',40,'L',1,3,0,'',0,1,'','L',12,0,0,'2015-08-30 21:06:35','2015-09-01 05:29:47'),
	(90,'IZRC8695824',20,'E',0,1,124569,'WF',1,0,'','E',12,0,0,'2015-08-30 21:06:35','2015-08-31 07:15:22'),
	(91,'BPUD1808307',20,'L',1,3,0,'',0,1,'','L',12,0,0,'2015-08-30 21:06:35','2015-09-01 05:29:47'),
	(92,'AKEV1387179',40,'E',1,3,0,'',0,0,'','E',12,0,0,'2015-08-30 21:06:35','2015-08-31 18:31:08'),
	(93,'FFNU3103603',40,'E',0,1,124569,'WF',1,0,'','E',12,0,0,'2015-08-30 21:06:35','2015-08-31 07:15:22'),
	(94,'QKVA3404034',40,'L',0,1,0,'',0,1,'','L',12,0,0,'2015-08-30 21:06:35','2015-08-30 21:06:38'),
	(95,'HBFJ0892575',20,'E',0,1,124569,'WF',1,0,'','E',12,0,0,'2015-08-30 21:06:35','2015-08-31 07:15:22'),
	(96,'WSCL1183078',20,'E',0,1,0,'',0,0,'','E',12,0,0,'2015-08-30 21:06:35','2015-08-30 21:06:35'),
	(97,'SPNW2939229',20,'E',0,1,0,'',0,0,'','E',12,0,0,'2015-08-30 21:06:35','2015-08-30 21:06:35'),
	(98,'FEOS8634132',40,'L',1,3,0,'',0,1,'','L',12,0,0,'2015-08-30 21:06:35','2015-09-01 05:29:47'),
	(99,'YQKQ1389269',20,'E',0,1,0,'',0,0,'','E',12,0,0,'2015-08-30 21:06:35','2015-08-30 21:06:35'),
	(100,'CYKF4752023',40,'L',1,3,0,'',0,1,'','L',12,0,0,'2015-08-30 21:06:35','2015-09-01 05:29:47'),
	(101,'MLFN7731415',20,'E',0,1,0,'',0,0,'','E',12,0,0,'2015-08-30 21:06:35','2015-08-30 21:06:35'),
	(102,'NZCU1965273',20,'E',0,1,0,'',0,0,'','E',12,0,0,'2015-08-30 21:06:35','2015-08-30 21:06:35'),
	(103,'IXLH1339242',20,'E',0,1,124569,'WF',1,0,'','E',12,0,0,'2015-08-30 21:06:35','2015-08-31 07:15:22'),
	(104,'NHXW0887456',40,'L',0,1,0,'',0,1,'','L',12,0,0,'2015-08-30 21:06:35','2015-08-30 21:06:36'),
	(105,'PVVQ7255654',40,'L',0,1,0,'',0,1,'','L',12,0,0,'2015-08-30 21:06:35','2015-08-30 21:06:37'),
	(106,'VVVK1078484',20,'E',0,1,0,'',0,0,'','E',12,0,0,'2015-08-30 21:06:35','2015-08-30 21:06:35'),
	(107,'KCST5262757',20,'L',1,3,0,'',0,1,'','L',12,0,0,'2015-08-30 21:06:35','2015-09-01 05:29:48'),
	(108,'SECB8550616',20,'E',0,1,0,'',0,0,'','E',12,0,0,'2015-08-30 21:06:35','2015-08-30 21:06:35'),
	(109,'UTJW3936286',40,'E',0,1,0,'',0,0,'','E',12,0,0,'2015-08-30 21:06:35','2015-08-30 21:06:35'),
	(110,'NAVG7102389',20,'L',0,1,0,'',0,1,'','L',12,0,0,'2015-08-30 21:06:35','2015-08-30 21:06:36'),
	(111,'YQJY1526050',20,'E',0,1,0,'',0,0,'','E',12,0,0,'2015-08-30 21:06:35','2015-08-30 21:06:35'),
	(112,'KQPG1131015',20,'E',0,1,124569,'WF',1,0,'','E',12,0,0,'2015-08-30 21:06:35','2015-08-31 07:15:22'),
	(113,'VWKS6132793',20,'L',0,1,0,'',0,1,'','L',12,0,0,'2015-08-30 21:06:35','2015-08-30 21:06:36'),
	(114,'VPBM5000458',20,'L',0,1,0,'',0,1,'','L',12,0,0,'2015-08-30 21:06:35','2015-08-30 21:06:36'),
	(115,'GRWF0975078',20,'E',0,1,124569,'WF',1,0,'','E',12,0,0,'2015-08-30 21:06:35','2015-08-31 07:15:22'),
	(116,'PQAX6148568',40,'E',0,1,0,'',0,0,'','E',12,0,0,'2015-08-30 21:06:35','2015-08-30 21:06:35'),
	(117,'KVZF5073559',20,'L',1,3,0,'',0,1,'','L',12,0,0,'2015-08-30 21:06:35','2015-09-01 05:29:48'),
	(118,'HDVG5002277',20,'L',1,3,0,'',0,1,'','L',12,0,0,'2015-08-30 21:06:35','2015-09-01 05:29:47'),
	(119,'ADPA5016928',40,'L',1,3,0,'',0,1,'','L',12,0,0,'2015-08-30 21:06:35','2015-08-31 18:31:07'),
	(120,'VMGZ7081468',20,'L',0,1,0,'',0,1,'','L',12,0,0,'2015-08-30 21:06:35','2015-08-30 21:06:37'),
	(121,'TFDE2105639',20,'L',0,1,0,'',0,1,'','L',12,0,0,'2015-08-30 21:06:35','2015-08-30 21:06:36'),
	(122,'XYTM8101263',20,'L',0,1,0,'',0,1,'','L',12,0,0,'2015-08-30 21:06:35','2015-08-30 21:06:37'),
	(123,'PKFX6589299',40,'L',0,1,0,'',0,1,'','L',12,0,0,'2015-08-30 21:06:35','2015-08-30 21:06:37'),
	(124,'EFMX6010997',40,'E',0,1,124569,'WF',1,0,'','E',12,0,0,'2015-08-30 21:06:35','2015-08-31 07:15:22'),
	(125,'RFMZ6905729',20,'L',0,1,0,'',0,1,'','L',12,0,0,'2015-08-30 21:06:35','2015-08-30 21:06:36'),
	(126,'GXKS5239074',40,'L',1,3,0,'',0,1,'','L',12,0,0,'2015-08-30 21:06:35','2015-09-01 05:29:47'),
	(127,'EZKI6939892',20,'E',0,1,124569,'WF',1,0,'','E',12,0,0,'2015-08-30 21:06:35','2015-08-31 07:15:22'),
	(128,'UMRP5546806',20,'L',0,1,0,'',0,1,'','L',12,0,0,'2015-08-30 21:06:35','2015-08-30 21:06:37'),
	(129,'BNNA2561165',40,'E',0,1,124569,'WF',1,0,'','E',12,0,0,'2015-08-30 21:06:35','2015-08-31 07:15:22'),
	(130,'LGUX2081403',40,'L',0,1,0,'',0,1,'','L',12,0,0,'2015-08-30 21:06:35','2015-08-30 21:06:38'),
	(131,'WMTN4204350',40,'E',0,1,0,'',0,0,'','E',12,0,0,'2015-08-30 21:06:35','2015-08-30 21:06:35'),
	(132,'YWGP3770744',20,'L',0,1,0,'',0,1,'','L',12,0,0,'2015-08-30 21:06:35','2015-08-30 21:06:37'),
	(133,'ZHHA7684363',20,'L',0,1,0,'',0,1,'','L',12,0,0,'2015-08-30 21:06:35','2015-08-30 21:06:38'),
	(134,'CODF3344265',40,'L',1,3,0,'',0,1,'','L',12,0,0,'2015-08-30 21:06:35','2015-09-01 05:29:47'),
	(135,'ANPL0982193',40,'L',1,3,0,'',0,1,'','L',12,0,0,'2015-08-30 21:06:35','2015-08-31 18:31:08'),
	(136,'TALW8696946',40,'L',0,1,0,'',0,1,'','L',12,0,0,'2015-08-30 21:06:35','2015-08-30 21:06:37'),
	(137,'FYMO6739686',20,'E',0,1,124569,'WF',1,0,'','E',12,0,0,'2015-08-30 21:06:35','2015-08-31 07:15:22'),
	(138,'TLNQ1915859',20,'E',0,1,0,'',0,0,'','E',12,0,0,'2015-08-30 21:06:35','2015-08-30 21:06:35'),
	(139,'ULRY5386045',20,'E',0,1,0,'',0,0,'','E',12,0,0,'2015-08-30 21:06:35','2015-08-30 21:06:35'),
	(140,'XDNC1719017',40,'E',0,1,0,'',0,0,'','E',12,0,0,'2015-08-30 21:06:35','2015-08-30 21:06:35'),
	(141,'XCUQ9255672',20,'E',0,1,0,'',0,0,'','E',12,0,0,'2015-08-30 21:06:35','2015-08-30 21:06:35'),
	(142,'WGNE4279902',40,'L',0,1,0,'',0,1,'','L',12,0,0,'2015-08-30 21:06:35','2015-08-30 21:06:36'),
	(143,'FYKV3251066',40,'E',0,1,124569,'WF',1,0,'','E',12,0,0,'2015-08-30 21:06:35','2015-08-31 07:15:22'),
	(144,'DPTD4458452',40,'E',0,1,124569,'WF',1,0,'','E',12,0,0,'2015-08-30 21:06:35','2015-08-31 07:15:22'),
	(145,'XVAA5967140',40,'E',0,1,0,'',0,0,'','E',12,0,0,'2015-08-30 21:06:35','2015-08-30 21:06:35'),
	(146,'UNKU3470367',20,'E',0,1,0,'',0,0,'','E',12,0,0,'2015-08-30 21:06:35','2015-08-30 21:06:35'),
	(147,'ZZWQ3294178',40,'L',0,1,0,'',0,1,'','L',12,0,0,'2015-08-30 21:06:35','2015-08-30 21:06:36'),
	(148,'UQUR7130990',40,'E',0,1,0,'',0,0,'','E',12,0,0,'2015-08-30 21:06:35','2015-08-30 21:06:35'),
	(149,'CGGJ7185681',20,'E',0,1,124569,'WF',1,0,'','E',12,0,0,'2015-08-30 21:06:35','2015-08-31 07:15:22'),
	(150,'ZEVH4840093',20,'L',0,1,0,'',0,1,'','L',12,0,0,'2015-08-30 21:06:35','2015-08-30 21:06:38'),
	(151,'PCIU1112223',20,'L',1,3,0,'',0,1,'','',0,0,1,'2015-09-01 05:07:48','2015-09-01 05:17:32'),
	(152,'TCIU4443332',40,'L',1,3,0,'',0,1,'','',0,0,1,'2015-09-01 05:07:48','2015-09-01 05:17:32'),
	(153,'AAAA6787777',20,'E',3,3,0,'',0,0,'','',0,0,1,'2015-09-01 05:13:25','2015-09-01 05:16:26'),
	(154,'AAAA1111112',20,'E',3,3,0,'',0,0,'','',0,0,1,'2015-09-01 05:13:25','2015-09-01 05:16:26'),
	(155,'AAAA1111111',20,'L',1,3,0,'',0,1,'','',0,0,1,'2015-09-01 05:41:37','2015-09-01 05:46:14');

/*!40000 ALTER TABLE `containers` ENABLE KEYS */;
UNLOCK TABLES;


# Dump of table country
# ------------------------------------------------------------

DROP TABLE IF EXISTS `country`;

CREATE TABLE `country` (
  `iso` char(2) COLLATE utf8_unicode_ci NOT NULL,
  `name` varchar(80) COLLATE utf8_unicode_ci NOT NULL,
  `printable_name` varchar(80) COLLATE utf8_unicode_ci NOT NULL,
  `iso3` char(3) COLLATE utf8_unicode_ci DEFAULT NULL,
  `numcode` smallint(6) DEFAULT NULL,
  PRIMARY KEY (`iso`)
) ENGINE=InnoDB DEFAULT CHARSET=utf8 COLLATE=utf8_unicode_ci;

LOCK TABLES `country` WRITE;
/*!40000 ALTER TABLE `country` DISABLE KEYS */;

INSERT INTO `country` (`iso`, `name`, `printable_name`, `iso3`, `numcode`)
VALUES
	('AD','ANDORRA','Andorra','AND',20),
	('AE','UNITED ARAB EMIRATES','United Arab Emirates','ARE',784),
	('AF','AFGHANISTAN','Afghanistan','AFG',4),
	('AG','ANTIGUA AND BARBUDA','Antigua and Barbuda','ATG',28),
	('AI','ANGUILLA','Anguilla','AIA',660),
	('AL','ALBANIA','Albania','ALB',8),
	('AM','ARMENIA','Armenia','ARM',51),
	('AN','NETHERLANDS ANTILLES','Netherlands Antilles','ANT',530),
	('AO','ANGOLA','Angola','AGO',24),
	('AQ','ANTARCTICA','Antarctica',NULL,NULL),
	('AR','ARGENTINA','Argentina','ARG',32),
	('AS','AMERICAN SAMOA','American Samoa','ASM',16),
	('AT','AUSTRIA','Austria','AUT',40),
	('AU','AUSTRALIA','Australia','AUS',36),
	('AW','ARUBA','Aruba','ABW',533),
	('AZ','AZERBAIJAN','Azerbaijan','AZE',31),
	('BA','BOSNIA AND HERZEGOVINA','Bosnia and Herzegovina','BIH',70),
	('BB','BARBADOS','Barbados','BRB',52),
	('BD','BANGLADESH','Bangladesh','BGD',50),
	('BE','BELGIUM','Belgium','BEL',56),
	('BF','BURKINA FASO','Burkina Faso','BFA',854),
	('BG','BULGARIA','Bulgaria','BGR',100),
	('BH','BAHRAIN','Bahrain','BHR',48),
	('BI','BURUNDI','Burundi','BDI',108),
	('BJ','BENIN','Benin','BEN',204),
	('BM','BERMUDA','Bermuda','BMU',60),
	('BN','BRUNEI DARUSSALAM','Brunei Darussalam','BRN',96),
	('BO','BOLIVIA','Bolivia','BOL',68),
	('BR','BRAZIL','Brazil','BRA',76),
	('BS','BAHAMAS','Bahamas','BHS',44),
	('BT','BHUTAN','Bhutan','BTN',64),
	('BV','BOUVET ISLAND','Bouvet Island',NULL,NULL),
	('BW','BOTSWANA','Botswana','BWA',72),
	('BY','BELARUS','Belarus','BLR',112),
	('BZ','BELIZE','Belize','BLZ',84),
	('CA','CANADA','Canada','CAN',124),
	('CC','COCOS (KEELING) ISLANDS','Cocos (Keeling) Islands',NULL,NULL),
	('CD','CONGO, THE DEMOCRATIC REPUBLIC OF THE','Congo, the Democratic Republic of the','COD',180),
	('CF','CENTRAL AFRICAN REPUBLIC','Central African Republic','CAF',140),
	('CG','CONGO','Congo','COG',178),
	('CH','SWITZERLAND','Switzerland','CHE',756),
	('CI','COTE D\'IVOIRE','Cote D\'Ivoire','CIV',384),
	('CK','COOK ISLANDS','Cook Islands','COK',184),
	('CL','CHILE','Chile','CHL',152),
	('CM','CAMEROON','Cameroon','CMR',120),
	('CN','CHINA','China','CHN',156),
	('CO','COLOMBIA','Colombia','COL',170),
	('CR','COSTA RICA','Costa Rica','CRI',188),
	('CS','SERBIA AND MONTENEGRO','Serbia and Montenegro',NULL,NULL),
	('CU','CUBA','Cuba','CUB',192),
	('CV','CAPE VERDE','Cape Verde','CPV',132),
	('CX','CHRISTMAS ISLAND','Christmas Island',NULL,NULL),
	('CY','CYPRUS','Cyprus','CYP',196),
	('CZ','CZECH REPUBLIC','Czech Republic','CZE',203),
	('DE','GERMANY','Germany','DEU',276),
	('DJ','DJIBOUTI','Djibouti','DJI',262),
	('DK','DENMARK','Denmark','DNK',208),
	('DM','DOMINICA','Dominica','DMA',212),
	('DO','DOMINICAN REPUBLIC','Dominican Republic','DOM',214),
	('DZ','ALGERIA','Algeria','DZA',12),
	('EC','ECUADOR','Ecuador','ECU',218),
	('EE','ESTONIA','Estonia','EST',233),
	('EG','EGYPT','Egypt','EGY',818),
	('EH','WESTERN SAHARA','Western Sahara','ESH',732),
	('ER','ERITREA','Eritrea','ERI',232),
	('ES','SPAIN','Spain','ESP',724),
	('ET','ETHIOPIA','Ethiopia','ETH',231),
	('FI','FINLAND','Finland','FIN',246),
	('FJ','FIJI','Fiji','FJI',242),
	('FK','FALKLAND ISLANDS (MALVINAS)','Falkland Islands (Malvinas)','FLK',238),
	('FM','MICRONESIA, FEDERATED STATES OF','Micronesia, Federated States of','FSM',583),
	('FO','FAROE ISLANDS','Faroe Islands','FRO',234),
	('FR','FRANCE','France','FRA',250),
	('GA','GABON','Gabon','GAB',266),
	('GB','UNITED KINGDOM','United Kingdom','GBR',826),
	('GD','GRENADA','Grenada','GRD',308),
	('GE','GEORGIA','Georgia','GEO',268),
	('GF','FRENCH GUIANA','French Guiana','GUF',254),
	('GH','GHANA','Ghana','GHA',288),
	('GI','GIBRALTAR','Gibraltar','GIB',292),
	('GL','GREENLAND','Greenland','GRL',304),
	('GM','GAMBIA','Gambia','GMB',270),
	('GN','GUINEA','Guinea','GIN',324),
	('GP','GUADELOUPE','Guadeloupe','GLP',312),
	('GQ','EQUATORIAL GUINEA','Equatorial Guinea','GNQ',226),
	('GR','GREECE','Greece','GRC',300),
	('GS','SOUTH GEORGIA AND THE SOUTH SANDWICH ISLANDS','South Georgia and the South Sandwich Islands',NULL,NULL),
	('GT','GUATEMALA','Guatemala','GTM',320),
	('GU','GUAM','Guam','GUM',316),
	('GW','GUINEA-BISSAU','Guinea-Bissau','GNB',624),
	('GY','GUYANA','Guyana','GUY',328),
	('HK','HONG KONG','Hong Kong','HKG',344),
	('HM','HEARD ISLAND AND MCDONALD ISLANDS','Heard Island and Mcdonald Islands',NULL,NULL),
	('HN','HONDURAS','Honduras','HND',340),
	('HR','CROATIA','Croatia','HRV',191),
	('HT','HAITI','Haiti','HTI',332),
	('HU','HUNGARY','Hungary','HUN',348),
	('ID','INDONESIA','Indonesia','IDN',360),
	('IE','IRELAND','Ireland','IRL',372),
	('IL','ISRAEL','Israel','ISR',376),
	('IN','INDIA','India','IND',356),
	('IO','BRITISH INDIAN OCEAN TERRITORY','British Indian Ocean Territory',NULL,NULL),
	('IQ','IRAQ','Iraq','IRQ',368),
	('IR','IRAN, ISLAMIC REPUBLIC OF','Iran, Islamic Republic of','IRN',364),
	('IS','ICELAND','Iceland','ISL',352),
	('IT','ITALY','Italy','ITA',380),
	('JM','JAMAICA','Jamaica','JAM',388),
	('JO','JORDAN','Jordan','JOR',400),
	('JP','JAPAN','Japan','JPN',392),
	('KE','KENYA','Kenya','KEN',404),
	('KG','KYRGYZSTAN','Kyrgyzstan','KGZ',417),
	('KH','CAMBODIA','Cambodia','KHM',116),
	('KI','KIRIBATI','Kiribati','KIR',296),
	('KM','COMOROS','Comoros','COM',174),
	('KN','SAINT KITTS AND NEVIS','Saint Kitts and Nevis','KNA',659),
	('KP','KOREA, DEMOCRATIC PEOPLE\'S REPUBLIC OF','Korea, Democratic People\'s Republic of','PRK',408),
	('KR','KOREA, REPUBLIC OF','Korea, Republic of','KOR',410),
	('KW','KUWAIT','Kuwait','KWT',414),
	('KY','CAYMAN ISLANDS','Cayman Islands','CYM',136),
	('KZ','KAZAKHSTAN','Kazakhstan','KAZ',398),
	('LA','LAO PEOPLE\'S DEMOCRATIC REPUBLIC','Lao People\'s Democratic Republic','LAO',418),
	('LB','LEBANON','Lebanon','LBN',422),
	('LC','SAINT LUCIA','Saint Lucia','LCA',662),
	('LI','LIECHTENSTEIN','Liechtenstein','LIE',438),
	('LK','SRI LANKA','Sri Lanka','LKA',144),
	('LR','LIBERIA','Liberia','LBR',430),
	('LS','LESOTHO','Lesotho','LSO',426),
	('LT','LITHUANIA','Lithuania','LTU',440),
	('LU','LUXEMBOURG','Luxembourg','LUX',442),
	('LV','LATVIA','Latvia','LVA',428),
	('LY','LIBYAN ARAB JAMAHIRIYA','Libyan Arab Jamahiriya','LBY',434),
	('MA','MOROCCO','Morocco','MAR',504),
	('MC','MONACO','Monaco','MCO',492),
	('MD','MOLDOVA, REPUBLIC OF','Moldova, Republic of','MDA',498),
	('MG','MADAGASCAR','Madagascar','MDG',450),
	('MH','MARSHALL ISLANDS','Marshall Islands','MHL',584),
	('MK','MACEDONIA, THE FORMER YUGOSLAV REPUBLIC OF','Macedonia, the Former Yugoslav Republic of','MKD',807),
	('ML','MALI','Mali','MLI',466),
	('MM','MYANMAR','Myanmar','MMR',104),
	('MN','MONGOLIA','Mongolia','MNG',496),
	('MO','MACAO','Macao','MAC',446),
	('MP','NORTHERN MARIANA ISLANDS','Northern Mariana Islands','MNP',580),
	('MQ','MARTINIQUE','Martinique','MTQ',474),
	('MR','MAURITANIA','Mauritania','MRT',478),
	('MS','MONTSERRAT','Montserrat','MSR',500),
	('MT','MALTA','Malta','MLT',470),
	('MU','MAURITIUS','Mauritius','MUS',480),
	('MV','MALDIVES','Maldives','MDV',462),
	('MW','MALAWI','Malawi','MWI',454),
	('MX','MEXICO','Mexico','MEX',484),
	('MY','MALAYSIA','Malaysia','MYS',458),
	('MZ','MOZAMBIQUE','Mozambique','MOZ',508),
	('NA','NAMIBIA','Namibia','NAM',516),
	('NC','NEW CALEDONIA','New Caledonia','NCL',540),
	('NE','NIGER','Niger','NER',562),
	('NF','NORFOLK ISLAND','Norfolk Island','NFK',574),
	('NG','NIGERIA','Nigeria','NGA',566),
	('NI','NICARAGUA','Nicaragua','NIC',558),
	('NL','NETHERLANDS','Netherlands','NLD',528),
	('NO','NORWAY','Norway','NOR',578),
	('NP','NEPAL','Nepal','NPL',524),
	('NR','NAURU','Nauru','NRU',520),
	('NU','NIUE','Niue','NIU',570),
	('NZ','NEW ZEALAND','New Zealand','NZL',554),
	('OM','OMAN','Oman','OMN',512),
	('PA','PANAMA','Panama','PAN',591),
	('PE','PERU','Peru','PER',604),
	('PF','FRENCH POLYNESIA','French Polynesia','PYF',258),
	('PG','PAPUA NEW GUINEA','Papua New Guinea','PNG',598),
	('PH','PHILIPPINES','Philippines','PHL',608),
	('PK','PAKISTAN','Pakistan','PAK',586),
	('PL','POLAND','Poland','POL',616),
	('PM','SAINT PIERRE AND MIQUELON','Saint Pierre and Miquelon','SPM',666),
	('PN','PITCAIRN','Pitcairn','PCN',612),
	('PR','PUERTO RICO','Puerto Rico','PRI',630),
	('PS','PALESTINIAN TERRITORY, OCCUPIED','Palestinian Territory, Occupied',NULL,NULL),
	('PT','PORTUGAL','Portugal','PRT',620),
	('PW','PALAU','Palau','PLW',585),
	('PY','PARAGUAY','Paraguay','PRY',600),
	('QA','QATAR','Qatar','QAT',634),
	('RE','REUNION','Reunion','REU',638),
	('RO','ROMANIA','Romania','ROM',642),
	('RU','RUSSIAN FEDERATION','Russian Federation','RUS',643),
	('RW','RWANDA','Rwanda','RWA',646),
	('SA','SAUDI ARABIA','Saudi Arabia','SAU',682),
	('SB','SOLOMON ISLANDS','Solomon Islands','SLB',90),
	('SC','SEYCHELLES','Seychelles','SYC',690),
	('SD','SUDAN','Sudan','SDN',736),
	('SE','SWEDEN','Sweden','SWE',752),
	('SG','SINGAPORE','Singapore','SGP',702),
	('SH','SAINT HELENA','Saint Helena','SHN',654),
	('SI','SLOVENIA','Slovenia','SVN',705),
	('SJ','SVALBARD AND JAN MAYEN','Svalbard and Jan Mayen','SJM',744),
	('SK','SLOVAKIA','Slovakia','SVK',703),
	('SL','SIERRA LEONE','Sierra Leone','SLE',694),
	('SM','SAN MARINO','San Marino','SMR',674),
	('SN','SENEGAL','Senegal','SEN',686),
	('SO','SOMALIA','Somalia','SOM',706),
	('SR','SURINAME','Suriname','SUR',740),
	('ST','SAO TOME AND PRINCIPE','Sao Tome and Principe','STP',678),
	('SV','EL SALVADOR','El Salvador','SLV',222),
	('SY','SYRIAN ARAB REPUBLIC','Syrian Arab Republic','SYR',760),
	('SZ','SWAZILAND','Swaziland','SWZ',748),
	('TC','TURKS AND CAICOS ISLANDS','Turks and Caicos Islands','TCA',796),
	('TD','CHAD','Chad','TCD',148),
	('TF','FRENCH SOUTHERN TERRITORIES','French Southern Territories',NULL,NULL),
	('TG','TOGO','Togo','TGO',768),
	('TH','THAILAND','Thailand','THA',764),
	('TJ','TAJIKISTAN','Tajikistan','TJK',762),
	('TK','TOKELAU','Tokelau','TKL',772),
	('TL','TIMOR-LESTE','Timor-Leste',NULL,NULL),
	('TM','TURKMENISTAN','Turkmenistan','TKM',795),
	('TN','TUNISIA','Tunisia','TUN',788),
	('TO','TONGA','Tonga','TON',776),
	('TR','TURKEY','Turkey','TUR',792),
	('TT','TRINIDAD AND TOBAGO','Trinidad and Tobago','TTO',780),
	('TV','TUVALU','Tuvalu','TUV',798),
	('TW','TAIWAN, PROVINCE OF CHINA','Taiwan, Province of China','TWN',158),
	('TZ','TANZANIA, UNITED REPUBLIC OF','Tanzania, United Republic of','TZA',834),
	('UA','UKRAINE','Ukraine','UKR',804),
	('UG','UGANDA','Uganda','UGA',800),
	('UM','UNITED STATES MINOR OUTLYING ISLANDS','United States Minor Outlying Islands',NULL,NULL),
	('US','UNITED STATES','United States','USA',840),
	('UY','URUGUAY','Uruguay','URY',858),
	('UZ','UZBEKISTAN','Uzbekistan','UZB',860),
	('VA','HOLY SEE (VATICAN CITY STATE)','Holy See (Vatican City State)','VAT',336),
	('VC','SAINT VINCENT AND THE GRENADINES','Saint Vincent and the Grenadines','VCT',670),
	('VE','VENEZUELA','Venezuela','VEN',862),
	('VG','VIRGIN ISLANDS, BRITISH','Virgin Islands, British','VGB',92),
	('VI','VIRGIN ISLANDS, U.S.','Virgin Islands, U.s.','VIR',850),
	('VN','VIET NAM','Viet Nam','VNM',704),
	('VU','VANUATU','Vanuatu','VUT',548),
	('WF','WALLIS AND FUTUNA','Wallis and Futuna','WLF',876),
	('WS','SAMOA','Samoa','WSM',882),
	('YE','YEMEN','Yemen','YEM',887),
	('YT','MAYOTTE','Mayotte',NULL,NULL),
	('ZA','SOUTH AFRICA','South Africa','ZAF',710),
	('ZM','ZAMBIA','Zambia','ZMB',894),
	('ZW','ZIMBABWE','Zimbabwe','ZWE',716);

/*!40000 ALTER TABLE `country` ENABLE KEYS */;
UNLOCK TABLES;


# Dump of table custom_tariff
# ------------------------------------------------------------

DROP TABLE IF EXISTS `custom_tariff`;

CREATE TABLE `custom_tariff` (
  `id` int(10) unsigned NOT NULL AUTO_INCREMENT,
  `code` varchar(255) COLLATE utf8_unicode_ci NOT NULL,
  `description` varchar(255) COLLATE utf8_unicode_ci NOT NULL,
  `uoq` varchar(255) COLLATE utf8_unicode_ci NOT NULL,
  `group` tinyint(1) NOT NULL,
  `created_at` timestamp NOT NULL DEFAULT '0000-00-00 00:00:00',
  `updated_at` timestamp NOT NULL DEFAULT '0000-00-00 00:00:00',
  PRIMARY KEY (`id`)
) ENGINE=InnoDB DEFAULT CHARSET=utf8 COLLATE=utf8_unicode_ci;



# Dump of table m_cargo_container
# ------------------------------------------------------------

DROP TABLE IF EXISTS `m_cargo_container`;

CREATE TABLE `m_cargo_container` (
  `id` int(10) unsigned NOT NULL AUTO_INCREMENT,
  `cargo_id` int(10) unsigned NOT NULL,
  `container_id` int(10) unsigned NOT NULL,
  `created_at` timestamp NOT NULL DEFAULT '0000-00-00 00:00:00',
  `updated_at` timestamp NOT NULL DEFAULT '0000-00-00 00:00:00',
  PRIMARY KEY (`id`),
  KEY `m_cargo_container_cargo_id_index` (`cargo_id`),
  KEY `m_cargo_container_container_id_index` (`container_id`),
  CONSTRAINT `m_cargo_container_cargo_id_foreign` FOREIGN KEY (`cargo_id`) REFERENCES `cargoes` (`id`) ON DELETE CASCADE,
  CONSTRAINT `m_cargo_container_container_id_foreign` FOREIGN KEY (`container_id`) REFERENCES `containers` (`id`) ON DELETE CASCADE
) ENGINE=InnoDB AUTO_INCREMENT=81 DEFAULT CHARSET=utf8 COLLATE=utf8_unicode_ci;

LOCK TABLES `m_cargo_container` WRITE;
/*!40000 ALTER TABLE `m_cargo_container` DISABLE KEYS */;

INSERT INTO `m_cargo_container` (`id`, `cargo_id`, `container_id`, `created_at`, `updated_at`)
VALUES
	(1,33,38,'2015-08-30 21:06:36','2015-08-30 21:06:36'),
	(2,69,73,'2015-08-30 21:06:36','2015-08-30 21:06:36'),
	(3,34,66,'2015-08-30 21:06:36','2015-08-30 21:06:36'),
	(4,36,34,'2015-08-30 21:06:36','2015-08-30 21:06:36'),
	(5,53,5,'2015-08-30 21:06:36','2015-08-30 21:06:36'),
	(6,8,47,'2015-08-30 21:06:36','2015-08-30 21:06:36'),
	(7,88,134,'2015-08-30 21:06:36','2015-08-30 21:06:36'),
	(8,65,147,'2015-08-30 21:06:36','2015-08-30 21:06:36'),
	(9,13,142,'2015-08-30 21:06:36','2015-08-30 21:06:36'),
	(10,19,104,'2015-08-30 21:06:36','2015-08-30 21:06:36'),
	(11,27,25,'2015-08-30 21:06:36','2015-08-30 21:06:36'),
	(12,67,110,'2015-08-30 21:06:36','2015-08-30 21:06:36'),
	(13,70,121,'2015-08-30 21:06:36','2015-08-30 21:06:36'),
	(14,45,40,'2015-08-30 21:06:36','2015-08-30 21:06:36'),
	(15,55,60,'2015-08-30 21:06:36','2015-08-30 21:06:36'),
	(16,49,114,'2015-08-30 21:06:36','2015-08-30 21:06:36'),
	(17,49,113,'2015-08-30 21:06:36','2015-08-30 21:06:36'),
	(18,41,19,'2015-08-30 21:06:36','2015-08-30 21:06:36'),
	(19,54,126,'2015-08-30 21:06:36','2015-08-30 21:06:36'),
	(20,93,34,'2015-08-30 21:06:36','2015-08-30 21:06:36'),
	(21,81,40,'2015-08-30 21:06:36','2015-08-30 21:06:36'),
	(22,19,38,'2015-08-30 21:06:36','2015-08-30 21:06:36'),
	(23,44,119,'2015-08-30 21:06:36','2015-08-30 21:06:36'),
	(24,25,125,'2015-08-30 21:06:36','2015-08-30 21:06:36'),
	(25,28,6,'2015-08-30 21:06:36','2015-08-30 21:06:36'),
	(26,82,58,'2015-08-30 21:06:36','2015-08-30 21:06:36'),
	(27,2,122,'2015-08-30 21:06:37','2015-08-30 21:06:37'),
	(28,68,84,'2015-08-30 21:06:37','2015-08-30 21:06:37'),
	(29,3,128,'2015-08-30 21:06:37','2015-08-30 21:06:37'),
	(30,28,46,'2015-08-30 21:06:37','2015-08-30 21:06:37'),
	(31,1,73,'2015-08-30 21:06:37','2015-08-30 21:06:37'),
	(32,43,32,'2015-08-30 21:06:37','2015-08-30 21:06:37'),
	(33,48,107,'2015-08-30 21:06:37','2015-08-30 21:06:37'),
	(34,69,7,'2015-08-30 21:06:37','2015-08-30 21:06:37'),
	(35,57,135,'2015-08-30 21:06:37','2015-08-30 21:06:37'),
	(36,86,33,'2015-08-30 21:06:37','2015-08-30 21:06:37'),
	(37,49,120,'2015-08-30 21:06:37','2015-08-30 21:06:37'),
	(38,26,123,'2015-08-30 21:06:37','2015-08-30 21:06:37'),
	(39,5,136,'2015-08-30 21:06:37','2015-08-30 21:06:37'),
	(40,2,28,'2015-08-30 21:06:37','2015-08-30 21:06:37'),
	(41,63,85,'2015-08-30 21:06:37','2015-08-30 21:06:37'),
	(42,88,14,'2015-08-30 21:06:37','2015-08-30 21:06:37'),
	(43,5,39,'2015-08-30 21:06:37','2015-08-30 21:06:37'),
	(44,83,24,'2015-08-30 21:06:37','2015-08-30 21:06:37'),
	(45,7,136,'2015-08-30 21:06:37','2015-08-30 21:06:37'),
	(46,55,66,'2015-08-30 21:06:37','2015-08-30 21:06:37'),
	(47,87,132,'2015-08-30 21:06:37','2015-08-30 21:06:37'),
	(48,8,38,'2015-08-30 21:06:37','2015-08-30 21:06:37'),
	(49,86,104,'2015-08-30 21:06:37','2015-08-30 21:06:37'),
	(50,65,27,'2015-08-30 21:06:37','2015-08-30 21:06:37'),
	(51,54,105,'2015-08-30 21:06:37','2015-08-30 21:06:37'),
	(52,36,120,'2015-08-30 21:06:37','2015-08-30 21:06:37'),
	(53,49,48,'2015-08-30 21:06:37','2015-08-30 21:06:37'),
	(54,8,24,'2015-08-30 21:06:37','2015-08-30 21:06:37'),
	(55,99,132,'2015-08-30 21:06:37','2015-08-30 21:06:37'),
	(56,46,89,'2015-08-30 21:06:38','2015-08-30 21:06:38'),
	(57,80,91,'2015-08-30 21:06:38','2015-08-30 21:06:38'),
	(58,54,130,'2015-08-30 21:06:38','2015-08-30 21:06:38'),
	(59,89,52,'2015-08-30 21:06:38','2015-08-30 21:06:38'),
	(60,43,34,'2015-08-30 21:06:38','2015-08-30 21:06:38'),
	(61,48,55,'2015-08-30 21:06:38','2015-08-30 21:06:38'),
	(62,2,117,'2015-08-30 21:06:38','2015-08-30 21:06:38'),
	(63,56,100,'2015-08-30 21:06:38','2015-08-30 21:06:38'),
	(64,50,133,'2015-08-30 21:06:38','2015-08-30 21:06:38'),
	(65,9,150,'2015-08-30 21:06:38','2015-08-30 21:06:38'),
	(66,3,98,'2015-08-30 21:06:38','2015-08-30 21:06:38'),
	(67,39,132,'2015-08-30 21:06:38','2015-08-30 21:06:38'),
	(68,57,17,'2015-08-30 21:06:38','2015-08-30 21:06:38'),
	(69,95,34,'2015-08-30 21:06:38','2015-08-30 21:06:38'),
	(70,2,94,'2015-08-30 21:06:38','2015-08-30 21:06:38'),
	(71,85,14,'2015-08-30 21:06:38','2015-08-30 21:06:38'),
	(72,48,118,'2015-08-30 21:06:38','2015-08-30 21:06:38'),
	(73,13,48,'2015-08-30 21:06:38','2015-08-30 21:06:38'),
	(74,59,64,'2015-08-30 21:06:38','2015-08-30 21:06:38'),
	(75,30,89,'2015-08-30 21:06:38','2015-08-30 21:06:38'),
	(76,53,39,'2015-08-30 21:06:38','2015-08-30 21:06:38'),
	(77,92,63,'2015-08-30 21:06:38','2015-08-30 21:06:38'),
	(78,6,63,'2015-08-30 21:06:38','2015-08-30 21:06:38'),
	(79,14,107,'2015-08-30 21:06:38','2015-08-30 21:06:38'),
	(80,50,1,'2015-08-30 21:06:38','2015-08-30 21:06:38');

/*!40000 ALTER TABLE `m_cargo_container` ENABLE KEYS */;
UNLOCK TABLES;


# Dump of table migrations
# ------------------------------------------------------------

DROP TABLE IF EXISTS `migrations`;

CREATE TABLE `migrations` (
  `migration` varchar(255) COLLATE utf8_unicode_ci NOT NULL,
  `batch` int(11) NOT NULL
) ENGINE=InnoDB DEFAULT CHARSET=utf8 COLLATE=utf8_unicode_ci;

LOCK TABLES `migrations` WRITE;
/*!40000 ALTER TABLE `migrations` DISABLE KEYS */;

INSERT INTO `migrations` (`migration`, `batch`)
VALUES
	('2014_11_22_033419_create_users_table',1),
	('2014_11_22_100655_create_password_reminders_table',1),
	('2014_11_23_081041_create_roles_table',1),
	('2014_11_23_081122_create_role_user_table',1),
	('2014_11_23_140007_create_permissions_table',1),
	('2014_11_23_140056_create_permission_role_table',1),
	('2014_11_25_133722_create_vessels_table',1),
	('2014_11_25_134117_create_vessel_schedule_table',1),
	('2014_11_30_070947_create_port_users_table',1),
	('2014_11_30_075932_create_cargoes_table',1),
	('2014_11_30_075950_create_containers_table',1),
	('2014_12_17_140225_create_cargo_container_table',1),
	('2014_12_29_223456_create_settings_table',1),
	('2015_01_02_125453_create_workorders_table',1),
	('2015_01_02_130857_create_container_workorder_table',1),
	('2015_01_04_092032_create_receiving_table',1),
	('2015_02_02_222639_create_m_cargo_container_table',1),
	('2015_04_11_132958_create_cargo_items_table',1),
	('2015_04_11_133140_create_custom_tariff_table',1),
	('2015_07_17_221514_create_container_confirmation_process_table',1),
	('2015_07_17_230510_create_container_workorder_confirmation_table',1);

/*!40000 ALTER TABLE `migrations` ENABLE KEYS */;
UNLOCK TABLES;


# Dump of table password_reminders
# ------------------------------------------------------------

DROP TABLE IF EXISTS `password_reminders`;

CREATE TABLE `password_reminders` (
  `email` varchar(255) COLLATE utf8_unicode_ci NOT NULL,
  `token` varchar(255) COLLATE utf8_unicode_ci NOT NULL,
  `created_at` timestamp NOT NULL DEFAULT '0000-00-00 00:00:00',
  KEY `password_reminders_email_index` (`email`),
  KEY `password_reminders_token_index` (`token`)
) ENGINE=InnoDB DEFAULT CHARSET=utf8 COLLATE=utf8_unicode_ci;



# Dump of table permission_role
# ------------------------------------------------------------

DROP TABLE IF EXISTS `permission_role`;

CREATE TABLE `permission_role` (
  `id` int(10) unsigned NOT NULL AUTO_INCREMENT,
  `permission_id` int(10) unsigned NOT NULL,
  `role_id` int(10) unsigned NOT NULL,
  `created_at` timestamp NOT NULL DEFAULT '0000-00-00 00:00:00',
  `updated_at` timestamp NOT NULL DEFAULT '0000-00-00 00:00:00',
  PRIMARY KEY (`id`),
  KEY `permission_role_permission_id_index` (`permission_id`),
  KEY `permission_role_role_id_index` (`role_id`),
  CONSTRAINT `permission_role_permission_id_foreign` FOREIGN KEY (`permission_id`) REFERENCES `permissions` (`id`) ON DELETE CASCADE,
  CONSTRAINT `permission_role_role_id_foreign` FOREIGN KEY (`role_id`) REFERENCES `roles` (`id`) ON DELETE CASCADE
) ENGINE=InnoDB DEFAULT CHARSET=utf8 COLLATE=utf8_unicode_ci;



# Dump of table permissions
# ------------------------------------------------------------

DROP TABLE IF EXISTS `permissions`;

CREATE TABLE `permissions` (
  `id` int(10) unsigned NOT NULL AUTO_INCREMENT,
  `name` varchar(255) COLLATE utf8_unicode_ci NOT NULL,
  `created_at` timestamp NOT NULL DEFAULT '0000-00-00 00:00:00',
  `updated_at` timestamp NOT NULL DEFAULT '0000-00-00 00:00:00',
  PRIMARY KEY (`id`)
) ENGINE=InnoDB DEFAULT CHARSET=utf8 COLLATE=utf8_unicode_ci;



# Dump of table port_users
# ------------------------------------------------------------

DROP TABLE IF EXISTS `port_users`;

CREATE TABLE `port_users` (
  `id` int(10) unsigned NOT NULL AUTO_INCREMENT,
  `name` varchar(255) COLLATE utf8_unicode_ci NOT NULL,
  `created_at` timestamp NOT NULL DEFAULT '0000-00-00 00:00:00',
  `updated_at` timestamp NOT NULL DEFAULT '0000-00-00 00:00:00',
  PRIMARY KEY (`id`)
) ENGINE=InnoDB AUTO_INCREMENT=3433 DEFAULT CHARSET=utf8 COLLATE=utf8_unicode_ci;

LOCK TABLES `port_users` WRITE;
/*!40000 ALTER TABLE `port_users` DISABLE KEYS */;

INSERT INTO `port_users` (`id`, `name`, `created_at`, `updated_at`)
VALUES
	(1,'AIK GUAN DUTY FREE','2015-08-30 21:04:21','2015-08-30 21:04:21'),
	(2,'KROKOP C.S.C ENTERPRISE','2015-08-30 21:04:21','2015-08-30 21:04:21'),
	(3,'TAN SOON TECK UJONG PASIR','2015-08-30 21:04:21','2015-08-30 21:04:21'),
	(4,'GLOBAL BRAND NETWORK','2015-08-30 21:04:21','2015-08-30 21:04:21'),
	(5,'NAGA SHIPPING & TRADING','2015-08-30 21:04:21','2015-08-30 21:04:21'),
	(6,'LABUAN FEDERAL TERRITORY','2015-08-30 21:04:21','2015-08-30 21:04:21'),
	(7,'GUOCERA TILES INDUSTRIES','2015-08-30 21:04:21','2015-08-30 21:04:21'),
	(8,'PETRA RESOURCES SDN BHD','2015-08-30 21:04:21','2015-08-30 21:04:21'),
	(9,'PENANSHIN SHIPPING SDN BHD','2015-08-30 21:04:21','2015-08-30 21:04:21'),
	(10,'JL CUSTOM SERVICES','2015-08-30 21:04:21','2015-08-30 21:04:21'),
	(11,'DOWELL SCHLUMBERGER S/B','2015-08-30 21:04:21','2015-08-30 21:04:21'),
	(12,'SYARIKAT PERNIAGAAN KITA','2015-08-30 21:04:21','2015-08-30 21:04:21'),
	(13,'STANDARD MARINE AGENCIES S/B','2015-08-30 21:04:21','2015-08-30 21:04:21'),
	(14,'TONG GUAN FOOD PRODUCTS SDN BHD','2015-08-30 21:04:21','2015-08-30 21:04:21'),
	(15,'FOREVER BRIGHT TRADING','2015-08-30 21:04:21','2015-08-30 21:04:21'),
	(16,'DRAGCOM (M) S/B','2015-08-30 21:04:21','2015-08-30 21:04:21'),
	(17,'NALCO TRADING COMPANY','2015-08-30 21:04:21','2015-08-30 21:04:21'),
	(18,'MONEGAIN (L) S/B','2015-08-30 21:04:21','2015-08-30 21:04:21'),
	(19,'LEONG GENERAL TRADING CO.','2015-08-30 21:04:21','2015-08-30 21:04:21'),
	(20,'KEDAI EKONOMI','2015-08-30 21:04:21','2015-08-30 21:04:21'),
	(21,'SEN FOON FORWARDING SDN BHD','2015-08-30 21:04:21','2015-08-30 21:04:21'),
	(22,'RAINBOW BRIDGE SDN BHD','2015-08-30 21:04:21','2015-08-30 21:04:21'),
	(23,'SKY TRADING COMPANY','2015-08-30 21:04:21','2015-08-30 21:04:21'),
	(24,'RAKYAT DISTRIBUTOR S/B','2015-08-30 21:04:21','2015-08-30 21:04:21'),
	(25,'KOTA MINERALS & CHEMICALS S/B','2015-08-30 21:04:21','2015-08-30 21:04:21'),
	(26,'WAH TUNG SHIPPING SDN.BHD','2015-08-30 21:04:21','2015-08-30 21:04:21'),
	(27,'WEATHERFORD (M) S/B','2015-08-30 21:04:21','2015-08-30 21:04:21'),
	(28,'JATI MAS (M) S/B','2015-08-30 21:04:21','2015-08-30 21:04:21'),
	(29,'A.T DUNIA (L) S/B','2015-08-30 21:04:21','2015-08-30 21:04:21'),
	(30,'SUMITOMO (M) S/B','2015-08-30 21:04:21','2015-08-30 21:04:21'),
	(31,'SYARIKAT TITIWANGSA','2015-08-30 21:04:21','2015-08-30 21:04:21'),
	(32,'WINTAU S/B','2015-08-30 21:04:21','2015-08-30 21:04:21'),
	(33,'UNITED CONSTRUCTION','2015-08-30 21:04:21','2015-08-30 21:04:21'),
	(34,'YOHAN LABUAN S/B','2015-08-30 21:04:21','2015-08-30 21:04:21'),
	(35,'SIN HUP HUAT','2015-08-30 21:04:21','2015-08-30 21:04:21'),
	(36,'CLARIANT OIL SSERVICES (M) S/B','2015-08-30 21:04:21','2015-08-30 21:04:21'),
	(37,'SYARIKAT JAYAPURI','2015-08-30 21:04:21','2015-08-30 21:04:21'),
	(38,'ROSLAN HJ MOHAMED','2015-08-30 21:04:21','2015-08-30 21:04:21'),
	(39,'WISALAJU S/B','2015-08-30 21:04:21','2015-08-30 21:04:21'),
	(40,'HARBOUR SERVICES S/B','2015-08-30 21:04:21','2015-08-30 21:04:21'),
	(41,'MERIDIAN TENAGA S/B','2015-08-30 21:04:21','2015-08-30 21:04:21'),
	(42,'HARRISONS TRADING (S) S/B','2015-08-30 21:04:21','2015-08-30 21:04:21'),
	(43,'HOI PENG HARDWARE S/B','2015-08-30 21:04:21','2015-08-30 21:04:21'),
	(44,'SABAH SHELL PETROLEUM','2015-08-30 21:04:21','2015-08-30 21:04:21'),
	(45,'KEMMAS ENTERPRISE S/B','2015-08-30 21:04:21','2015-08-30 21:04:21'),
	(46,'MODERN BAZAAR S/B','2015-08-30 21:04:21','2015-08-30 21:04:21'),
	(47,'RAND ASIA S/B','2015-08-30 21:04:21','2015-08-30 21:04:21'),
	(48,'FUNG HING S/B','2015-08-30 21:04:21','2015-08-30 21:04:21'),
	(49,'HALLIBURTON ENERGY SERVICES (M) SDN BHD','2015-08-30 21:04:21','2015-08-30 21:04:21'),
	(50,'SK KAWAT S/B','2015-08-30 21:04:21','2015-08-30 21:04:21'),
	(51,'CHEP SENG HARDWARE (L) S/B','2015-08-30 21:04:21','2015-08-30 21:04:21'),
	(52,'SAGA HANDAL S/B','2015-08-30 21:04:21','2015-08-30 21:04:21'),
	(53,'KK BOOK CENTRE LABUAN','2015-08-30 21:04:21','2015-08-30 21:04:21'),
	(54,'TRACTORS MALAYSIA S/B','2015-08-30 21:04:21','2015-08-30 21:04:21'),
	(55,'KKY HAULAGE (M) S/B','2015-08-30 21:04:21','2015-08-30 21:04:21'),
	(56,'MAYLAND ENTERPRENEUR','2015-08-30 21:04:21','2015-08-30 21:04:21'),
	(57,'IPANEMA HARDWARE & ENGINEERING','2015-08-30 21:04:21','2015-08-30 21:04:21'),
	(58,'MR SAZALI ROHANI','2015-08-30 21:04:21','2015-08-30 21:04:21'),
	(59,'TUMPUAN HARDWARE S/B','2015-08-30 21:04:21','2015-08-30 21:04:21'),
	(60,'YIN SENG TRANSPORT','2015-08-30 21:04:21','2015-08-30 21:04:21'),
	(61,'JUARA ENTERPRISE','2015-08-30 21:04:21','2015-08-30 21:04:21'),
	(62,'TRANSPROMPT LOGISTICS (M) SDN.BHD','2015-08-30 21:04:21','2015-08-30 21:04:21'),
	(63,'MEDISAFE ENTERPRISE','2015-08-30 21:04:21','2015-08-30 21:04:21'),
	(64,'KEJURUTERAAN SAMUDERA TIMUR S/B','2015-08-30 21:04:21','2015-08-30 21:04:21'),
	(65,'CAHAYA PACK (M) S/B','2015-08-30 21:04:21','2015-08-30 21:04:21'),
	(66,'ALFA-MELI OILFIELD SERVICES','2015-08-30 21:04:21','2015-08-30 21:04:21'),
	(67,'NIPPON OIL EXPLORATION','2015-08-30 21:04:21','2015-08-30 21:04:21'),
	(68,'KEHARSONS S/B','2015-08-30 21:04:21','2015-08-30 21:04:21'),
	(69,'TECK SIONG COMPANY','2015-08-30 21:04:21','2015-08-30 21:04:21'),
	(70,'HONG KEE ENTERPRISE','2015-08-30 21:04:21','2015-08-30 21:04:21'),
	(71,'PETRONAS METHANOL (L) S/B','2015-08-30 21:04:21','2015-08-30 21:04:21'),
	(72,'BROADWIN (M) S/B','2015-08-30 21:04:21','2015-08-30 21:04:21'),
	(73,'PETRONAS CARIGALI S/B','2015-08-30 21:04:21','2015-08-30 21:04:21'),
	(74,'TIDEWATER  MARINE','2015-08-30 21:04:21','2015-08-30 21:04:21'),
	(75,'PLATINUM SHIPPING','2015-08-30 21:04:21','2015-08-30 21:04:21'),
	(76,'M.I.DRILLING FLUIDS (M) S/B','2015-08-30 21:04:21','2015-08-30 21:04:21'),
	(77,'BUMIPUTRA COMMERCE BANK BERHAD','2015-08-30 21:04:21','2015-08-30 21:04:21'),
	(78,'HOON HIN TRADING CO','2015-08-30 21:04:21','2015-08-30 21:04:21'),
	(79,'LABUAN SUPERMARKET','2015-08-30 21:04:21','2015-08-30 21:04:21'),
	(80,'SMITH SERVICES RED BARON GROUP','2015-08-30 21:04:21','2015-08-30 21:04:21'),
	(81,'OILTOOLS SERVICES (M) S/B','2015-08-30 21:04:21','2015-08-30 21:04:21'),
	(82,'SYARIKAT SETIA TANJONG','2015-08-30 21:04:21','2015-08-30 21:04:21'),
	(83,'PANAH JAYA SERVICES','2015-08-30 21:04:21','2015-08-30 21:04:21'),
	(84,'LIAM TZE LING','2015-08-30 21:04:21','2015-08-30 21:04:21'),
	(85,'UMW CITRA MAJU S/B','2015-08-30 21:04:21','2015-08-30 21:04:21'),
	(86,'DAYA SINGA S/B','2015-08-30 21:04:21','2015-08-30 21:04:21'),
	(87,'TAI HWA ENGINEERING','2015-08-30 21:04:21','2015-08-30 21:04:21'),
	(88,'BUMI ARMADA NAVIGATION','2015-08-30 21:04:21','2015-08-30 21:04:21'),
	(89,'PERBADANAN LABUAN','2015-08-30 21:04:21','2015-08-30 21:04:21'),
	(90,'PENIAGA-PENIAGA BORNEO','2015-08-30 21:04:21','2015-08-30 21:04:21'),
	(91,'CHUAN HUAT TRADING CO.(L) S/B','2015-08-30 21:04:21','2015-08-30 21:04:21'),
	(92,'BUMI BAKTI AGENCY','2015-08-30 21:04:21','2015-08-30 21:04:21'),
	(93,'JABATAN BOMBA & PENYELAMAT','2015-08-30 21:04:21','2015-08-30 21:04:21'),
	(94,'EASTERN ENERGY SERVICES S/B','2015-08-30 21:04:21','2015-08-30 21:04:21'),
	(95,'SHELL TIMUR S/B','2015-08-30 21:04:21','2015-08-30 21:04:21'),
	(96,'SEBOR MARKETING SERVICES','2015-08-30 21:04:21','2015-08-30 21:04:21'),
	(97,'PEMBORONG BUMIHIJAU DUTY FREE','2015-08-30 21:04:21','2015-08-30 21:04:21'),
	(98,'PERNIAGAAN KIAT SOON','2015-08-30 21:04:21','2015-08-30 21:04:21'),
	(99,'SIN LEONG YU','2015-08-30 21:04:21','2015-08-30 21:04:21'),
	(100,'NCT FORWARDING','2015-08-30 21:04:21','2015-08-30 21:04:21'),
	(101,'MOHD AZHAR BIN KASIMAN','2015-08-30 21:04:21','2015-08-30 21:04:21'),
	(102,'PROTON EDAR S/B','2015-08-30 21:04:21','2015-08-30 21:04:21'),
	(103,'EDARAN TAN CHONG','2015-08-30 21:04:21','2015-08-30 21:04:21'),
	(104,'PUAN ARYATI BTE A.RAHIM','2015-08-30 21:04:21','2015-08-30 21:04:21'),
	(105,'PERKASA TRADING SDN.BHD.','2015-08-30 21:04:21','2015-08-30 21:04:21'),
	(106,'PEMBANGUNAN PUSAKA','2015-08-30 21:04:21','2015-08-30 21:04:21'),
	(107,'SEA SUPPLIES & SERVICES SDN BHD','2015-08-30 21:04:21','2015-08-30 21:04:21'),
	(108,'SEA SUPPORT SERVICE','2015-08-30 21:04:21','2015-08-30 21:04:21'),
	(109,'LABUAN TIMBER','2015-08-30 21:04:21','2015-08-30 21:04:21'),
	(110,'ANDALAS ENTERPRISE','2015-08-30 21:04:21','2015-08-30 21:04:21'),
	(111,'PREMIER ENTERPRISE','2015-08-30 21:04:21','2015-08-30 21:04:21'),
	(112,'SMEDVIG S/B','2015-08-30 21:04:21','2015-08-30 21:04:21'),
	(113,'BARWIL AGENCIES','2015-08-30 21:04:21','2015-08-30 21:04:21'),
	(114,'PARKSON CORPORATION','2015-08-30 21:04:21','2015-08-30 21:04:21'),
	(115,'KEMENTERIAN PERTAHANAN MALAYSIA','2015-08-30 21:04:21','2015-08-30 21:04:21'),
	(116,'DAIRY FARM GIANT RETAIL','2015-08-30 21:04:21','2015-08-30 21:04:21'),
	(117,'SYARIKAT DAYAUSAHA BUMIPUTRA','2015-08-30 21:04:21','2015-08-30 21:04:21'),
	(118,'SPEED STATION S/B','2015-08-30 21:04:21','2015-08-30 21:04:21'),
	(119,'JABATAN ALAM SEKITAR','2015-08-30 21:04:21','2015-08-30 21:04:21'),
	(120,'LAUTAN INTAN S/B','2015-08-30 21:04:21','2015-08-30 21:04:21'),
	(121,'PANGKALAN UDARA LABUAN','2015-08-30 21:04:21','2015-08-30 21:04:21'),
	(122,'SRI KUKUH JAYA S/B','2015-08-30 21:04:21','2015-08-30 21:04:21'),
	(123,'DAMAI SHIPPING S/B','2015-08-30 21:04:21','2015-08-30 21:04:21'),
	(124,'DELTA EXPEDITERS S/B','2015-08-30 21:04:21','2015-08-30 21:04:21'),
	(125,'OVERSEA IMP & EXP','2015-08-30 21:04:21','2015-08-30 21:04:21'),
	(126,'CUSWIN ENTERPRISE','2015-08-30 21:04:21','2015-08-30 21:04:21'),
	(127,'LUI KIM CHOCK','2015-08-30 21:04:21','2015-08-30 21:04:21'),
	(128,'WANG MAJU ENTERPRISE','2015-08-30 21:04:21','2015-08-30 21:04:21'),
	(129,'SYARIKAT AIK SENG','2015-08-30 21:04:21','2015-08-30 21:04:21'),
	(130,'F & N COCA COLA (M) S/B','2015-08-30 21:04:21','2015-08-30 21:04:21'),
	(131,'TER V FURNITURE','2015-08-30 21:04:21','2015-08-30 21:04:21'),
	(132,'INNATECH S/B','2015-08-30 21:04:21','2015-08-30 21:04:21'),
	(133,'BJ OILWELL SERVICES','2015-08-30 21:04:21','2015-08-30 21:04:21'),
	(134,'CHEE SING (L) S/B','2015-08-30 21:04:21','2015-08-30 21:04:21'),
	(135,'HARPER WIRA S/B','2015-08-30 21:04:21','2015-08-30 21:04:21'),
	(136,'SHOPPERS STOP (L) S/B','2015-08-30 21:04:21','2015-08-30 21:04:21'),
	(137,'FAJAR ENTERPRISES','2015-08-30 21:04:21','2015-08-30 21:04:21'),
	(138,'KESUMA SHIPPING SDN.BHD.','2015-08-30 21:04:21','2015-08-30 21:04:21'),
	(139,'AMSTEEL MILLS S/B','2015-08-30 21:04:21','2015-08-30 21:04:21'),
	(140,'CHIMIQUE CENTRE S/B','2015-08-30 21:04:21','2015-08-30 21:04:21'),
	(141,'PACUJAYA S/B','2015-08-30 21:04:21','2015-08-30 21:04:21'),
	(142,'O.T GENERAL SUPPLY','2015-08-30 21:04:21','2015-08-30 21:04:21'),
	(143,'SALUR INSPIRASI','2015-08-30 21:04:21','2015-08-30 21:04:21'),
	(144,'SUTRA ENGINEERING','2015-08-30 21:04:21','2015-08-30 21:04:21'),
	(145,'SABAH SHIPYARD','2015-08-30 21:04:21','2015-08-30 21:04:21'),
	(146,'GENERAL CONTRACTOR','2015-08-30 21:04:21','2015-08-30 21:04:21'),
	(147,'MALAYSIAN MUD & CHEMICALS','2015-08-30 21:04:21','2015-08-30 21:04:21'),
	(148,'HO SENG TRADING','2015-08-30 21:04:21','2015-08-30 21:04:21'),
	(149,'THE NEW STORE','2015-08-30 21:04:21','2015-08-30 21:04:21'),
	(150,'FORADEL (M) S/B','2015-08-30 21:04:21','2015-08-30 21:04:21'),
	(151,'C & P LOGISTICS','2015-08-30 21:04:21','2015-08-30 21:04:21'),
	(152,'THE MOTORSHIP CO. S/B','2015-08-30 21:04:21','2015-08-30 21:04:21'),
	(153,'GOLDEN TEXTILES CENTRE','2015-08-30 21:04:21','2015-08-30 21:04:21'),
	(154,'BAKER OILTOOLS (M) S/B','2015-08-30 21:04:21','2015-08-30 21:04:21'),
	(155,'AB ENTERPRISE','2015-08-30 21:04:21','2015-08-30 21:04:21'),
	(156,'WING HWA TRADING','2015-08-30 21:04:21','2015-08-30 21:04:21'),
	(157,'PERSATUAN PENGIMPORT','2015-08-30 21:04:21','2015-08-30 21:04:21'),
	(158,'NAGANURI AUTOMOBILE','2015-08-30 21:04:21','2015-08-30 21:04:21'),
	(159,'KEMAJUAN TRADING (L) S/B','2015-08-30 21:04:21','2015-08-30 21:04:21'),
	(160,'DAYANG ENTERPRISE S/B','2015-08-30 21:04:21','2015-08-30 21:04:21'),
	(161,'SARKU MARINE S/B','2015-08-30 21:04:21','2015-08-30 21:04:21'),
	(162,'SWCOM LOGISTIC S/B','2015-08-30 21:04:21','2015-08-30 21:04:21'),
	(163,'HENG KIONG ENTERPRISE','2015-08-30 21:04:21','2015-08-30 21:04:21'),
	(164,'LABUAN ALUMINIUM & GLASS WORKS S/B','2015-08-30 21:04:21','2015-08-30 21:04:21'),
	(165,'UNIMEKAR(METAL) S/B','2015-08-30 21:04:21','2015-08-30 21:04:21'),
	(166,'AS SUPPLY','2015-08-30 21:04:21','2015-08-30 21:04:21'),
	(167,'SABARIA JAYA S/B','2015-08-30 21:04:21','2015-08-30 21:04:21'),
	(168,'DKSH MARKETING SERVICES S/B','2015-08-30 21:04:21','2015-08-30 21:04:21'),
	(169,'NORIZAN BIN MASRAN','2015-08-30 21:04:21','2015-08-30 21:04:21'),
	(170,'ENSERV S/B','2015-08-30 21:04:21','2015-08-30 21:04:21'),
	(171,'BAKER HUGHES INTEQ (M) S/B','2015-08-30 21:04:21','2015-08-30 21:04:21'),
	(172,'ISRO TRADING S/B','2015-08-30 21:04:21','2015-08-30 21:04:21'),
	(173,'VOGUE ENTERPRISE CO.','2015-08-30 21:04:21','2015-08-30 21:04:21'),
	(174,'AMEY ENTERPRISE CO.','2015-08-30 21:04:21','2015-08-30 21:04:21'),
	(175,'AIFA ELECTRICAL CENTRE.','2015-08-30 21:04:21','2015-08-30 21:04:21'),
	(176,'TUMPUAN UTAMA S/B','2015-08-30 21:04:21','2015-08-30 21:04:21'),
	(177,'GROPOINT FISHERIES S/B','2015-08-30 21:04:21','2015-08-30 21:04:21'),
	(178,'BUMIPUTRA SHIPPING AGENCY','2015-08-30 21:04:21','2015-08-30 21:04:21'),
	(179,'BAKER ATLAS (M) S/B','2015-08-30 21:04:21','2015-08-30 21:04:21'),
	(180,'ANCHOR MARINE SERVICES','2015-08-30 21:04:21','2015-08-30 21:04:21'),
	(181,'LITAK OFFSHORE ENERGY','2015-08-30 21:04:21','2015-08-30 21:04:21'),
	(182,'NEW TECH WOODWORK','2015-08-30 21:04:21','2015-08-30 21:04:21'),
	(183,'SAMSON BALA PALABA','2015-08-30 21:04:21','2015-08-30 21:04:21'),
	(184,'ISLAND TRADING COMPANY','2015-08-30 21:04:21','2015-08-30 21:04:21'),
	(185,'DIANIS ENTERPRISE','2015-08-30 21:04:21','2015-08-30 21:04:21'),
	(186,'DELCOM SERVICES S/B','2015-08-30 21:04:21','2015-08-30 21:04:21'),
	(187,'MURPHY SARAWAK OIL','2015-08-30 21:04:21','2015-08-30 21:04:21'),
	(188,'C/M CHIN TRADING','2015-08-30 21:04:21','2015-08-30 21:04:21'),
	(189,'ASIAN SUPPLY BASE','2015-08-30 21:04:21','2015-08-30 21:04:21'),
	(190,'RT CARGO TRANSPORTATION','2015-08-30 21:04:21','2015-08-30 21:04:21'),
	(191,'SARAWAK SHELL BERHAD','2015-08-30 21:04:21','2015-08-30 21:04:21'),
	(192,'MOHD AZRI ABDULLAH','2015-08-30 21:04:21','2015-08-30 21:04:21'),
	(193,'KIM FAH HARDWARE','2015-08-30 21:04:21','2015-08-30 21:04:21'),
	(194,'SENG SOON TRADING S/B','2015-08-30 21:04:21','2015-08-30 21:04:21'),
	(195,'PEKEMA','2015-08-30 21:04:21','2015-08-30 21:04:21'),
	(196,'SYARIKAT FONG SENG','2015-08-30 21:04:21','2015-08-30 21:04:21'),
	(197,'SYARIKAT PERNIAGAAN JASON','2015-08-30 21:04:21','2015-08-30 21:04:21'),
	(198,'TAN SOON TECK','2015-08-30 21:04:21','2015-08-30 21:04:21'),
	(199,'LABUAN DUTY FREE S/B','2015-08-30 21:04:21','2015-08-30 21:04:21'),
	(200,'SEE YONG & SON CONSTRUCTION','2015-08-30 21:04:21','2015-08-30 21:04:21'),
	(201,'SCHLUMBERGER WTA (M) S/B','2015-08-30 21:04:21','2015-08-30 21:04:21'),
	(202,'MEKARAN S/B','2015-08-30 21:04:21','2015-08-30 21:04:21'),
	(203,'WEHAYA E & I S/B','2015-08-30 21:04:21','2015-08-30 21:04:21'),
	(204,'SAMUDERA SELATAN ENGINEERING','2015-08-30 21:04:21','2015-08-30 21:04:21'),
	(205,'MOHANS LABUAN','2015-08-30 21:04:21','2015-08-30 21:04:21'),
	(206,'FUNG LINK TRADING S/B','2015-08-30 21:04:21','2015-08-30 21:04:21'),
	(207,'CROSCOM S/B','2015-08-30 21:04:21','2015-08-30 21:04:21'),
	(208,'ISRO INDUSTRY S/B','2015-08-30 21:04:21','2015-08-30 21:04:21'),
	(209,'MEGA SLING & SERVICES S/B','2015-08-30 21:04:21','2015-08-30 21:04:21'),
	(210,'RUSNI IBRAHIM','2015-08-30 21:04:21','2015-08-30 21:04:21'),
	(211,'SRI JAYA ELECTRONIC','2015-08-30 21:04:21','2015-08-30 21:04:21'),
	(212,'SABAH FLOUR & FEEDMILLS S/B','2015-08-30 21:04:21','2015-08-30 21:04:21'),
	(213,'USAHA JELITA (L) S/B','2015-08-30 21:04:21','2015-08-30 21:04:21'),
	(214,'UNKNOWN','2015-08-30 21:04:21','2015-08-30 21:04:21'),
	(215,'SITAL ENTERPRISE (M) S/B','2015-08-30 21:04:21','2015-08-30 21:04:21'),
	(216,'K.M SINGH','2015-08-30 21:04:21','2015-08-30 21:04:21'),
	(217,'STESEN JANAKUASA PATAU-PATAU','2015-08-30 21:04:21','2015-08-30 21:04:21'),
	(218,'MR TIM DAVID ROLLS','2015-08-30 21:04:21','2015-08-30 21:04:21'),
	(219,'RIDZUAN @ WAN BIN LASSIM','2015-08-30 21:04:21','2015-08-30 21:04:21'),
	(220,'SARKU ENGINEEERING','2015-08-30 21:04:21','2015-08-30 21:04:21'),
	(221,'MULTY SUPPLY S/B','2015-08-30 21:04:21','2015-08-30 21:04:21'),
	(222,'SAILION SHIPPING','2015-08-30 21:04:21','2015-08-30 21:04:21'),
	(223,'KOLEJ MATRIKULASI','2015-08-30 21:04:21','2015-08-30 21:04:21'),
	(224,'VINCENT YAP','2015-08-30 21:04:21','2015-08-30 21:04:21'),
	(225,'MOHD RODZI BIN SADIRON','2015-08-30 21:04:21','2015-08-30 21:04:21'),
	(226,'YASSIN BIN HASSAN','2015-08-30 21:04:21','2015-08-30 21:04:21'),
	(227,'RANCHA-RANCHA AERATED WATER','2015-08-30 21:04:21','2015-08-30 21:04:21'),
	(228,'MR.HANUAN BIN TIHI','2015-08-30 21:04:21','2015-08-30 21:04:21'),
	(229,'LIONG ENG TRADING','2015-08-30 21:04:21','2015-08-30 21:04:21'),
	(230,'CLIMAX SUPPLIES','2015-08-30 21:04:21','2015-08-30 21:04:21'),
	(231,'KINSAJASA S/B','2015-08-30 21:04:21','2015-08-30 21:04:21'),
	(232,'THE CAPTAIN & OWNER','2015-08-30 21:04:21','2015-08-30 21:04:21'),
	(233,'CKT GENERAL CONTRACTOR','2015-08-30 21:04:21','2015-08-30 21:04:21'),
	(234,'SKY JAYA DUTY FREE','2015-08-30 21:04:21','2015-08-30 21:04:21'),
	(235,'TURCOMP ENGINEERING SERVICES S/B','2015-08-30 21:04:21','2015-08-30 21:04:21'),
	(236,'AN UR MARINE SERVICES','2015-08-30 21:04:21','2015-08-30 21:04:21'),
	(237,'DAYA ASAL ENGINEERING','2015-08-30 21:04:21','2015-08-30 21:04:21'),
	(238,'MYS LOGISTICS S/B','2015-08-30 21:04:21','2015-08-30 21:04:21'),
	(239,'PROSPER TRACK S/B','2015-08-30 21:04:21','2015-08-30 21:04:21'),
	(240,'RUBY FASHION CENTRE','2015-08-30 21:04:21','2015-08-30 21:04:21'),
	(241,'JAZTRONICS S/B','2015-08-30 21:04:21','2015-08-30 21:04:21'),
	(242,'GOLD COIN FEEDMILL(S) S/B','2015-08-30 21:04:21','2015-08-30 21:04:21'),
	(243,'EVERLIGHT ELECTRICAL','2015-08-30 21:04:21','2015-08-30 21:04:21'),
	(244,'JURUTER SRI EMAS','2015-08-30 21:04:21','2015-08-30 21:04:21'),
	(245,'ELECTJAYA ENTERPRISE','2015-08-30 21:04:21','2015-08-30 21:04:21'),
	(246,'PILLY KAYU TRADING','2015-08-30 21:04:21','2015-08-30 21:04:21'),
	(247,'SKT TRANSPORT SERVICE','2015-08-30 21:04:21','2015-08-30 21:04:21'),
	(248,'LAZENDA DEVELOPMENT S/B','2015-08-30 21:04:21','2015-08-30 21:04:21'),
	(249,'STS IMPORT & EXPORT','2015-08-30 21:04:21','2015-08-30 21:04:21'),
	(250,'BESTWELL IMPORT EXPORT TRADING','2015-08-30 21:04:21','2015-08-30 21:04:21'),
	(251,'NOVODEEP ENTERPRISE','2015-08-30 21:04:21','2015-08-30 21:04:21'),
	(252,'GERSIK ENTERPRISE.','2015-08-30 21:04:21','2015-08-30 21:04:21'),
	(253,'MARUBENI- ITOCHU TUBULARS ASIA','2015-08-30 21:04:21','2015-08-30 21:04:21'),
	(254,'DURAMAT RESOURCES S/B','2015-08-30 21:04:21','2015-08-30 21:04:21'),
	(255,'THE SHOPPER STOPS','2015-08-30 21:04:21','2015-08-30 21:04:21'),
	(256,'HARPER LABUAN TRADING','2015-08-30 21:04:21','2015-08-30 21:04:21'),
	(257,'JUSTRITE CONSTRUCTION','2015-08-30 21:04:21','2015-08-30 21:04:21'),
	(258,'KIARA ACCESS S/B','2015-08-30 21:04:21','2015-08-30 21:04:21'),
	(259,'SKY JAYA SHOPPING CENTRE','2015-08-30 21:04:21','2015-08-30 21:04:21'),
	(260,'BORNEO SUBSEA SERVICES (M) S/B','2015-08-30 21:04:21','2015-08-30 21:04:21'),
	(261,'NOBLE ACTION S/B','2015-08-30 21:04:21','2015-08-30 21:04:21'),
	(262,'DANZAS AEI SINGAPORE','2015-08-30 21:04:21','2015-08-30 21:04:21'),
	(263,'COOPER CAMERON (M) S/B','2015-08-30 21:04:21','2015-08-30 21:04:21'),
	(264,'CORPRO SYSTEM','2015-08-30 21:04:21','2015-08-30 21:04:21'),
	(265,'SWAGO (M) S/B','2015-08-30 21:04:21','2015-08-30 21:04:21'),
	(266,'TAN CHOO CONSTRUCTION','2015-08-30 21:04:21','2015-08-30 21:04:21'),
	(267,'SETARA JADI S/B','2015-08-30 21:04:21','2015-08-30 21:04:21'),
	(268,'MISC AGENCIES S/B','2015-08-30 21:04:21','2015-08-30 21:04:21'),
	(269,'MR. JOHN SOON','2015-08-30 21:04:21','2015-08-30 21:04:21'),
	(270,'YUN HUAT SERVICE CENTRE','2015-08-30 21:04:21','2015-08-30 21:04:21'),
	(271,'AEGIS VENTURE (M) S/B','2015-08-30 21:04:21','2015-08-30 21:04:21'),
	(272,'AMSITO OILWELL SERVICES S/B','2015-08-30 21:04:21','2015-08-30 21:04:21'),
	(273,'PANSAR AGENCIES S/B','2015-08-30 21:04:21','2015-08-30 21:04:21'),
	(274,'VECTOR TRADE SDN BHD','2015-08-30 21:04:21','2015-08-30 21:04:21'),
	(275,'ESTEEM LINK','2015-08-30 21:04:21','2015-08-30 21:04:21'),
	(276,'OAKWELL INDUSTRIES S/B','2015-08-30 21:04:21','2015-08-30 21:04:21'),
	(277,'CORRO-SHIELD (M) S/B','2015-08-30 21:04:21','2015-08-30 21:04:21'),
	(278,'KELAS MAHIR S/B','2015-08-30 21:04:21','2015-08-30 21:04:21'),
	(279,'SEAL FOOD SERVICES','2015-08-30 21:04:21','2015-08-30 21:04:21'),
	(280,'SING KWANG ELECTRONIC','2015-08-30 21:04:21','2015-08-30 21:04:21'),
	(281,'N.A CLASSIC','2015-08-30 21:04:21','2015-08-30 21:04:21'),
	(282,'LABUANDECO S/B','2015-08-30 21:04:21','2015-08-30 21:04:21'),
	(283,'SYARIKAT LUI KIM CHOCK','2015-08-30 21:04:21','2015-08-30 21:04:21'),
	(284,'CROWN SPORTS','2015-08-30 21:04:21','2015-08-30 21:04:21'),
	(285,'U.E.C ENGINEERING S/B','2015-08-30 21:04:21','2015-08-30 21:04:21'),
	(286,'SYARIKAT H & H ENTERPRISE','2015-08-30 21:04:21','2015-08-30 21:04:21'),
	(287,'PEGAWAI MEMERINTAH LABUAN','2015-08-30 21:04:21','2015-08-30 21:04:21'),
	(288,'PEJABAT MARA DAERAH W.P LABUAN','2015-08-30 21:04:21','2015-08-30 21:04:21'),
	(289,'PREMIER MOTOR S/B','2015-08-30 21:04:21','2015-08-30 21:04:21'),
	(290,'MACTRADE MOTORS CO.','2015-08-30 21:04:21','2015-08-30 21:04:21'),
	(291,'GHEE HWA MOTORPOL S/B','2015-08-30 21:04:21','2015-08-30 21:04:21'),
	(292,'UMW TOYOTA MOTOR S/B','2015-08-30 21:04:21','2015-08-30 21:04:21'),
	(293,'SITI ZALEHA BTE KAMARUDDIN','2015-08-30 21:04:21','2015-08-30 21:04:21'),
	(294,'YEOH JIN BENG','2015-08-30 21:04:21','2015-08-30 21:04:21'),
	(295,'KIAN HING HARDWARE','2015-08-30 21:04:21','2015-08-30 21:04:21'),
	(296,'TECH CENTRE ENGINEERING','2015-08-30 21:04:21','2015-08-30 21:04:21'),
	(297,'METRO INDAH S/B','2015-08-30 21:04:21','2015-08-30 21:04:21'),
	(298,'MILLION FUEL INJECTION','2015-08-30 21:04:21','2015-08-30 21:04:21'),
	(299,'SKY PARK','2015-08-30 21:04:21','2015-08-30 21:04:21'),
	(300,'LLK MAJU TRADING','2015-08-30 21:04:21','2015-08-30 21:04:21'),
	(301,'BERIBU TETAP S/B','2015-08-30 21:04:21','2015-08-30 21:04:21'),
	(302,'HMD AUTOMOBILE S/B','2015-08-30 21:04:21','2015-08-30 21:04:21'),
	(303,'MS.SYLVIA FAM','2015-08-30 21:04:21','2015-08-30 21:04:21'),
	(304,'ROYCO S/B','2015-08-30 21:04:21','2015-08-30 21:04:21'),
	(305,'SULAGRAF SERVICES','2015-08-30 21:04:21','2015-08-30 21:04:21'),
	(306,'LABUAN OILFEILD EQUIPMENT','2015-08-30 21:04:21','2015-08-30 21:04:21'),
	(307,'TRANSPAC LINES S/B','2015-08-30 21:04:21','2015-08-30 21:04:21'),
	(308,'HIAP FONG & CHEE SING','2015-08-30 21:04:21','2015-08-30 21:04:21'),
	(309,'BILLION NOVA S/B','2015-08-30 21:04:21','2015-08-30 21:04:21'),
	(310,'OCEAN SHIPPING ENTERPRISE.','2015-08-30 21:04:21','2015-08-30 21:04:21'),
	(311,'MR.CHAN CHUN SHIONG','2015-08-30 21:04:21','2015-08-30 21:04:21'),
	(312,'MALAYSIA WIPER COMPANY','2015-08-30 21:04:21','2015-08-30 21:04:21'),
	(313,'SAFEGUARD(MIRI) ENTERPRISE','2015-08-30 21:04:21','2015-08-30 21:04:21'),
	(314,'REI FISHING S/B','2015-08-30 21:04:21','2015-08-30 21:04:21'),
	(315,'JIMSBURG SERVICES S/B','2015-08-30 21:04:21','2015-08-30 21:04:21'),
	(316,'TRAGOLD S/B','2015-08-30 21:04:21','2015-08-30 21:04:21'),
	(317,'TARGOLD S/B','2015-08-30 21:04:21','2015-08-30 21:04:21'),
	(318,'TUNAS RAKYAT S/B','2015-08-30 21:04:21','2015-08-30 21:04:21'),
	(319,'JOO LEE TRADING','2015-08-30 21:04:21','2015-08-30 21:04:21'),
	(320,'CAPRICON FREIGHT','2015-08-30 21:04:21','2015-08-30 21:04:21'),
	(321,'QL DISTRIBUTION','2015-08-30 21:04:21','2015-08-30 21:04:21'),
	(322,'SYARIKAT BERUSAHA','2015-08-30 21:04:21','2015-08-30 21:04:21'),
	(323,'OMA SHIPPING & FORWARDING S/B','2015-08-30 21:04:21','2015-08-30 21:04:21'),
	(324,'DIAMOND OFFSHORE DRILLING S/B','2015-08-30 21:04:21','2015-08-30 21:04:21'),
	(325,'LIAN HIN TRADING','2015-08-30 21:04:21','2015-08-30 21:04:21'),
	(326,'SOSMA S/B','2015-08-30 21:04:21','2015-08-30 21:04:21'),
	(327,'CHIA VUI KANG','2015-08-30 21:04:21','2015-08-30 21:04:21'),
	(328,'ATRIUM LTD','2015-08-30 21:04:21','2015-08-30 21:04:21'),
	(329,'FASHION TRADING','2015-08-30 21:04:21','2015-08-30 21:04:21'),
	(330,'TRACTORS PETROLEUM','2015-08-30 21:04:21','2015-08-30 21:04:21'),
	(331,'HUP FATT AUTO TRADING','2015-08-30 21:04:21','2015-08-30 21:04:21'),
	(332,'LAUNDRY PULAU LABUAN.','2015-08-30 21:04:21','2015-08-30 21:04:21'),
	(333,'TRILLION CREST (M) S/B','2015-08-30 21:04:21','2015-08-30 21:04:21'),
	(334,'ADNAN BIN ARIFFIN','2015-08-30 21:04:21','2015-08-30 21:04:21'),
	(335,'KETUA CAWANGAN MATERIAL UDARA','2015-08-30 21:04:21','2015-08-30 21:04:21'),
	(336,'SKD LABUAN (UPS)','2015-08-30 21:04:21','2015-08-30 21:04:21'),
	(337,'MR.ZAINOL BIN GHAZALI','2015-08-30 21:04:21','2015-08-30 21:04:21'),
	(338,'MOHAMED RAZIF BIN BUANG','2015-08-30 21:04:21','2015-08-30 21:04:21'),
	(339,'PKHIDMATAN & PBEKALAN LAUTAN S/B','2015-08-30 21:04:21','2015-08-30 21:04:21'),
	(340,'M.S TIMES S/B','2015-08-30 21:04:21','2015-08-30 21:04:21'),
	(341,'MARIAM SAPERI','2015-08-30 21:04:21','2015-08-30 21:04:21'),
	(342,'PILLY KAYU FURNITURE','2015-08-30 21:04:21','2015-08-30 21:04:21'),
	(343,'RAYA EMAS S/B','2015-08-30 21:04:22','2015-08-30 21:04:22'),
	(344,'TERAS PADU AGENCIES','2015-08-30 21:04:22','2015-08-30 21:04:22'),
	(345,'CHOCOLATE SALES & SUPPLIES SDN.BHD.','2015-08-30 21:04:22','2015-08-30 21:04:22'),
	(346,'FANCY CARPET TRADING','2015-08-30 21:04:22','2015-08-30 21:04:22'),
	(347,'MR. E. AFANDI','2015-08-30 21:04:22','2015-08-30 21:04:22'),
	(348,'CIRCUITY ELECTRICAL','2015-08-30 21:04:22','2015-08-30 21:04:22'),
	(349,'PETRONAS DAGANGAN BERHAD','2015-08-30 21:04:22','2015-08-30 21:04:22'),
	(350,'SYD JAAFAR BIN SYED MOHAMED','2015-08-30 21:04:22','2015-08-30 21:04:22'),
	(351,'MAJU JAYA ENTERPRISE S/B','2015-08-30 21:04:22','2015-08-30 21:04:22'),
	(352,'KEDAI RUNCIT HONG FATT','2015-08-30 21:04:22','2015-08-30 21:04:22'),
	(353,'KEMENTERIAN KEBUDAYAAN','2015-08-30 21:04:22','2015-08-30 21:04:22'),
	(354,'DELTA LOGISTICS (M) S/B','2015-08-30 21:04:22','2015-08-30 21:04:22'),
	(355,'MASPURI AUTOMOBILE S/B','2015-08-30 21:04:22','2015-08-30 21:04:22'),
	(356,'SABAH MARINE DEPARTMENT','2015-08-30 21:04:22','2015-08-30 21:04:22'),
	(357,'MAJU ENGINEERING','2015-08-30 21:04:22','2015-08-30 21:04:22'),
	(358,'OFFSHORE INDURTRIES S/B','2015-08-30 21:04:22','2015-08-30 21:04:22'),
	(359,'TOKO WAN LEE','2015-08-30 21:04:22','2015-08-30 21:04:22'),
	(360,'TANG CONTAINERS & SERVICES S/B','2015-08-30 21:04:22','2015-08-30 21:04:22'),
	(361,'HONG HUAT TRADING','2015-08-30 21:04:22','2015-08-30 21:04:22'),
	(362,'SYARIKAT JASA KITA','2015-08-30 21:04:22','2015-08-30 21:04:22'),
	(363,'C & C FREIGHT SERVICES','2015-08-30 21:04:22','2015-08-30 21:04:22'),
	(364,'JINDING ALUMINIUM','2015-08-30 21:04:22','2015-08-30 21:04:22'),
	(365,'THUNDER CRANES S/B','2015-08-30 21:04:22','2015-08-30 21:04:22'),
	(366,'SYAWAJA (L) S/B','2015-08-30 21:04:22','2015-08-30 21:04:22'),
	(367,'INSTITUT LATIHAN PERINDUSTRIAN','2015-08-30 21:04:22','2015-08-30 21:04:22'),
	(368,'SPEED PLUS TRADING CO.','2015-08-30 21:04:22','2015-08-30 21:04:22'),
	(369,'TYCO VALVES & CONTROLS','2015-08-30 21:04:22','2015-08-30 21:04:22'),
	(370,'PACTEL SYSTEM S/B','2015-08-30 21:04:22','2015-08-30 21:04:22'),
	(371,'SERBA WAWASAN JAYA S/B','2015-08-30 21:04:22','2015-08-30 21:04:22'),
	(372,'MAVICO (L) S/B','2015-08-30 21:04:22','2015-08-30 21:04:22'),
	(373,'BEGAMILEK S/B','2015-08-30 21:04:22','2015-08-30 21:04:22'),
	(374,'INNERLAND RESUORCES S/B','2015-08-30 21:04:22','2015-08-30 21:04:22'),
	(375,'JESSELTON S/B','2015-08-30 21:04:22','2015-08-30 21:04:22'),
	(376,'SERBA MAHIR S/B','2015-08-30 21:04:22','2015-08-30 21:04:22'),
	(377,'RICHWILL MARKETING.','2015-08-30 21:04:22','2015-08-30 21:04:22'),
	(378,'SATROPLEX S/B','2015-08-30 21:04:22','2015-08-30 21:04:22'),
	(379,'PEMBORONG SERI TENAGA','2015-08-30 21:04:22','2015-08-30 21:04:22'),
	(380,'HOCK HAI TRADING','2015-08-30 21:04:22','2015-08-30 21:04:22'),
	(381,'LOTT INSPECTION S/B','2015-08-30 21:04:22','2015-08-30 21:04:22'),
	(382,'HAVEN EGINEERING (M) S/B','2015-08-30 21:04:22','2015-08-30 21:04:22'),
	(383,'MERCURY LINE S/B','2015-08-30 21:04:22','2015-08-30 21:04:22'),
	(384,'ING KING TRADING CO.','2015-08-30 21:04:22','2015-08-30 21:04:22'),
	(385,'MR CONTRACTOR','2015-08-30 21:04:22','2015-08-30 21:04:22'),
	(386,'HAP HUAT MINI MART','2015-08-30 21:04:22','2015-08-30 21:04:22'),
	(387,'COL ZAINAL BIN ABD RAHMAN','2015-08-30 21:04:22','2015-08-30 21:04:22'),
	(388,'RENATION CORPORATION','2015-08-30 21:04:22','2015-08-30 21:04:22'),
	(389,'BANWORTH S/B','2015-08-30 21:04:22','2015-08-30 21:04:22'),
	(390,'PESAKA INSPECTION','2015-08-30 21:04:22','2015-08-30 21:04:22'),
	(391,'MR. JAMES BARNETT','2015-08-30 21:04:22','2015-08-30 21:04:22'),
	(392,'SUANCO JAYA CO.','2015-08-30 21:04:22','2015-08-30 21:04:22'),
	(393,'SUPER PLANT INSULATION S/B','2015-08-30 21:04:22','2015-08-30 21:04:22'),
	(394,'SEACOM MARINE LABUAN','2015-08-30 21:04:22','2015-08-30 21:04:22'),
	(395,'KL VALVE & FITTING (M) S/B','2015-08-30 21:04:22','2015-08-30 21:04:22'),
	(396,'PERKHIDMATAN & PEMBEKALAN LAUTAN S/B','2015-08-30 21:04:22','2015-08-30 21:04:22'),
	(397,'PINGAT MEGAH S/B','2015-08-30 21:04:22','2015-08-30 21:04:22'),
	(398,'MR TIONG','2015-08-30 21:04:22','2015-08-30 21:04:22'),
	(399,'EXCELLOT S/B','2015-08-30 21:04:22','2015-08-30 21:04:22'),
	(400,'Y.H EMPORIUM S/B','2015-08-30 21:04:22','2015-08-30 21:04:22'),
	(401,'KUEHNE & NAGEL S/B','2015-08-30 21:04:22','2015-08-30 21:04:22'),
	(402,'BERSATU HARDWARE','2015-08-30 21:04:22','2015-08-30 21:04:22'),
	(403,'BEKAL TECK S/B','2015-08-30 21:04:22','2015-08-30 21:04:22'),
	(404,'MR. KAMAL BIN BURHAN','2015-08-30 21:04:22','2015-08-30 21:04:22'),
	(405,'INTERNATIONAL TRADING CO.','2015-08-30 21:04:22','2015-08-30 21:04:22'),
	(406,'AMERADA HESS','2015-08-30 21:04:22','2015-08-30 21:04:22'),
	(407,'PEJABAT RELA DAERAH LABUAN','2015-08-30 21:04:22','2015-08-30 21:04:22'),
	(408,'MR. KAN THEN SIANG','2015-08-30 21:04:22','2015-08-30 21:04:22'),
	(409,'SALLEH BIN ABDULLAH','2015-08-30 21:04:22','2015-08-30 21:04:22'),
	(410,'JESMADI BIN HAMID','2015-08-30 21:04:22','2015-08-30 21:04:22'),
	(411,'K.L.T TECHNOLOGY CONSTRUCTION S/B','2015-08-30 21:04:22','2015-08-30 21:04:22'),
	(412,'DISTRICT MANAGER LABUAN','2015-08-30 21:04:22','2015-08-30 21:04:22'),
	(413,'SAPURA PETROLEUM TECHNOLOGIES S/B','2015-08-30 21:04:22','2015-08-30 21:04:22'),
	(414,'WELLTRADE TRADING','2015-08-30 21:04:22','2015-08-30 21:04:22'),
	(415,'ZAKARIA BIN YUSOF','2015-08-30 21:04:22','2015-08-30 21:04:22'),
	(416,'SAMANDAH S/B','2015-08-30 21:04:22','2015-08-30 21:04:22'),
	(417,'ART ZONE MARKETING','2015-08-30 21:04:22','2015-08-30 21:04:22'),
	(418,'MIKASA FASHION HOUSE','2015-08-30 21:04:22','2015-08-30 21:04:22'),
	(419,'MS TIMES S/B','2015-08-30 21:04:22','2015-08-30 21:04:22'),
	(420,'SABAH ELECTRICITY S/B','2015-08-30 21:04:22','2015-08-30 21:04:22'),
	(421,'JATI MAS INDAH ENTERPRISE','2015-08-30 21:04:22','2015-08-30 21:04:22'),
	(422,'IBU PEJABAT BOMBA & PENYELAMAT LABUAN','2015-08-30 21:04:22','2015-08-30 21:04:22'),
	(423,'UTUSAN FORWARDING S/B','2015-08-30 21:04:22','2015-08-30 21:04:22'),
	(424,'KEDAI HEBAT','2015-08-30 21:04:22','2015-08-30 21:04:22'),
	(425,'KAMARULZAMAN BIN ABU ISA','2015-08-30 21:04:22','2015-08-30 21:04:22'),
	(426,'ALAF JELITA CORP SDN BHD','2015-08-30 21:04:22','2015-08-30 21:04:22'),
	(427,'KHUSAIRI BIN SHARIF','2015-08-30 21:04:22','2015-08-30 21:04:22'),
	(428,'TAHIR BIN SABAWI','2015-08-30 21:04:22','2015-08-30 21:04:22'),
	(429,'EON LABUAN','2015-08-30 21:04:22','2015-08-30 21:04:22'),
	(430,'HASIMAH BTE ZAKARIA','2015-08-30 21:04:22','2015-08-30 21:04:22'),
	(431,'SERI GEMILANG AGENCY','2015-08-30 21:04:22','2015-08-30 21:04:22'),
	(432,'SYED ABD HALIM SYED UMAR','2015-08-30 21:04:22','2015-08-30 21:04:22'),
	(433,'MR. GHAZALIE BIN MISA','2015-08-30 21:04:22','2015-08-30 21:04:22'),
	(434,'PREPTECH S/B','2015-08-30 21:04:22','2015-08-30 21:04:22'),
	(435,'KINKAH TIMBER INDUSTRIES (M) S/B','2015-08-30 21:04:22','2015-08-30 21:04:22'),
	(436,'BAYU PURNAMA S/B','2015-08-30 21:04:22','2015-08-30 21:04:22'),
	(437,'MOHD ZAN BIN BOHARI','2015-08-30 21:04:22','2015-08-30 21:04:22'),
	(438,'INNATECH SHIPPING S/B','2015-08-30 21:04:22','2015-08-30 21:04:22'),
	(439,'LIM PANG LEH','2015-08-30 21:04:22','2015-08-30 21:04:22'),
	(440,'KAPTEN AZIZOL','2015-08-30 21:04:22','2015-08-30 21:04:22'),
	(441,'EMELIANA POH FUN JIAN','2015-08-30 21:04:22','2015-08-30 21:04:22'),
	(442,'FIBRECOM TELECOMMUNICATION','2015-08-30 21:04:22','2015-08-30 21:04:22'),
	(443,'WAWASAN ERAJUTA S/B','2015-08-30 21:04:22','2015-08-30 21:04:22'),
	(444,'L.C.C GENERAL CONTRACTOR','2015-08-30 21:04:22','2015-08-30 21:04:22'),
	(445,'ROBUT HENRY','2015-08-30 21:04:22','2015-08-30 21:04:22'),
	(446,'SKY MART DUTY','2015-08-30 21:04:22','2015-08-30 21:04:22'),
	(447,'LAB OILFIELD','2015-08-30 21:04:22','2015-08-30 21:04:22'),
	(448,'ALTENA SINOH S/B','2015-08-30 21:04:22','2015-08-30 21:04:22'),
	(449,'JACMA SHIPPING AGENCY','2015-08-30 21:04:22','2015-08-30 21:04:22'),
	(450,'SA KARGO S/B','2015-08-30 21:04:22','2015-08-30 21:04:22'),
	(451,'DIETHELM (M) S/B','2015-08-30 21:04:22','2015-08-30 21:04:22'),
	(452,'GUDANG LABUAN','2015-08-30 21:04:22','2015-08-30 21:04:22'),
	(453,'GUDANG SAGUKING','2015-08-30 21:04:22','2015-08-30 21:04:22'),
	(454,'SHORESERVICES S/B','2015-08-30 21:04:22','2015-08-30 21:04:22'),
	(455,'TEKVAL OIL & GAS SUPPLIES S/B','2015-08-30 21:04:22','2015-08-30 21:04:22'),
	(456,'DSRS UNDERWATER SPECIALIST','2015-08-30 21:04:22','2015-08-30 21:04:22'),
	(457,'KINGSAR S/B','2015-08-30 21:04:22','2015-08-30 21:04:22'),
	(458,'ROBERT HENRY BLACKMORE','2015-08-30 21:04:22','2015-08-30 21:04:22'),
	(459,'MURPHY SABAH OIL','2015-08-30 21:04:22','2015-08-30 21:04:22'),
	(460,'SYARIKAT BROCOS SHIPPING S/B','2015-08-30 21:04:22','2015-08-30 21:04:22'),
	(461,'PERNIAGAAN RIANG JAYA','2015-08-30 21:04:22','2015-08-30 21:04:22'),
	(462,'DELTA SHIPPING','2015-08-30 21:04:22','2015-08-30 21:04:22'),
	(463,'GARY WOLLEY','2015-08-30 21:04:22','2015-08-30 21:04:22'),
	(464,'USAHA ASAS S/B','2015-08-30 21:04:22','2015-08-30 21:04:22'),
	(465,'MR. FUNG YUK WAH','2015-08-30 21:04:22','2015-08-30 21:04:22'),
	(466,'SFFM (M) S/B','2015-08-30 21:04:22','2015-08-30 21:04:22'),
	(467,'DOUBLE NG ENTERPRISE','2015-08-30 21:04:22','2015-08-30 21:04:22'),
	(468,'C.Y ENTERPRISE','2015-08-30 21:04:22','2015-08-30 21:04:22'),
	(469,'BORNEO TEXTILES CORP. S/B','2015-08-30 21:04:22','2015-08-30 21:04:22'),
	(470,'SEK.MEN.SAINS LABUAN','2015-08-30 21:04:22','2015-08-30 21:04:22'),
	(471,'BAROOK INDUSTRIES S/B','2015-08-30 21:04:22','2015-08-30 21:04:22'),
	(472,'KONG PAU SHIN','2015-08-30 21:04:22','2015-08-30 21:04:22'),
	(473,'EURO SAGA S/B','2015-08-30 21:04:22','2015-08-30 21:04:22'),
	(474,'LMS TECHNOLOGY DISTRIBUTIONS S/B','2015-08-30 21:04:22','2015-08-30 21:04:22'),
	(475,'FAME FASHION STORE','2015-08-30 21:04:22','2015-08-30 21:04:22'),
	(476,'MR. NORAZMI B. HJ RAZLI','2015-08-30 21:04:22','2015-08-30 21:04:22'),
	(477,'PRINCIPAL GAS S/B','2015-08-30 21:04:22','2015-08-30 21:04:22'),
	(478,'LEYDEN ENGINEERING','2015-08-30 21:04:22','2015-08-30 21:04:22'),
	(479,'TODAY WOODEN PRODUCTS (M) S/B','2015-08-30 21:04:22','2015-08-30 21:04:22'),
	(480,'PERNAMA LABUAN','2015-08-30 21:04:22','2015-08-30 21:04:22'),
	(481,'KOHA HIN MING SHIPPING','2015-08-30 21:04:22','2015-08-30 21:04:22'),
	(482,'KOH HAN MING SHIPPING','2015-08-30 21:04:22','2015-08-30 21:04:22'),
	(483,'KAMARUDDIN BIN CHE ALI','2015-08-30 21:04:22','2015-08-30 21:04:22'),
	(484,'HOBBY MIX','2015-08-30 21:04:22','2015-08-30 21:04:22'),
	(485,'ALIRAN LUAS S/B','2015-08-30 21:04:22','2015-08-30 21:04:22'),
	(486,'TEO CHOO GUAN','2015-08-30 21:04:22','2015-08-30 21:04:22'),
	(487,'BJ SERVICES (M) S/B','2015-08-30 21:04:22','2015-08-30 21:04:22'),
	(488,'MOHD HARIS B. IBRAHIM','2015-08-30 21:04:22','2015-08-30 21:04:22'),
	(489,'HANAFIAH BT HUSSIN','2015-08-30 21:04:22','2015-08-30 21:04:22'),
	(490,'NORASKIN BIN RAZALI','2015-08-30 21:04:22','2015-08-30 21:04:22'),
	(491,'MAHADI BIN MUSTAFA','2015-08-30 21:04:22','2015-08-30 21:04:22'),
	(492,'OKV HARDWARE SUPPLY','2015-08-30 21:04:22','2015-08-30 21:04:22'),
	(493,'PETER CHI','2015-08-30 21:04:22','2015-08-30 21:04:22'),
	(494,'SHERATON LABUAN','2015-08-30 21:04:22','2015-08-30 21:04:22'),
	(495,'WILAYAH CONTRACTOR','2015-08-30 21:04:22','2015-08-30 21:04:22'),
	(496,'PROSPER INTAKE','2015-08-30 21:04:22','2015-08-30 21:04:22'),
	(497,'MAHADI BIN KADIR','2015-08-30 21:04:22','2015-08-30 21:04:22'),
	(498,'BIAXIS (M) S/B','2015-08-30 21:04:22','2015-08-30 21:04:22'),
	(499,'APG SYSTEM (M) S/B','2015-08-30 21:04:22','2015-08-30 21:04:22'),
	(500,'TELEKOD AIR-COND','2015-08-30 21:04:22','2015-08-30 21:04:22'),
	(501,'DETERICH S/B','2015-08-30 21:04:22','2015-08-30 21:04:22'),
	(502,'ISRO MOTORS S/B','2015-08-30 21:04:22','2015-08-30 21:04:22'),
	(503,'BTC ENTERPRISE S/B','2015-08-30 21:04:22','2015-08-30 21:04:22'),
	(504,'PROMAT ESM S/B','2015-08-30 21:04:22','2015-08-30 21:04:22'),
	(505,'SETIAWAN AGENCY','2015-08-30 21:04:22','2015-08-30 21:04:22'),
	(506,'MOHD AZLI BIN ABDULLAH','2015-08-30 21:04:22','2015-08-30 21:04:22'),
	(507,'RY SERVICES','2015-08-30 21:04:22','2015-08-30 21:04:22'),
	(508,'SSPC WAREHOUSE LABUAN','2015-08-30 21:04:22','2015-08-30 21:04:22'),
	(509,'MASTIKA TRADING CO.','2015-08-30 21:04:22','2015-08-30 21:04:22'),
	(510,'TALLI UTAMA S/B','2015-08-30 21:04:22','2015-08-30 21:04:22'),
	(511,'HENG HUAT HANG LABUAN','2015-08-30 21:04:22','2015-08-30 21:04:22'),
	(512,'JARAI A/K ELAU','2015-08-30 21:04:22','2015-08-30 21:04:22'),
	(513,'NOR MARHAYU MAHYUDDIN','2015-08-30 21:04:22','2015-08-30 21:04:22'),
	(514,'MOHD HAFIZI BIN YASABAH','2015-08-30 21:04:22','2015-08-30 21:04:22'),
	(515,'API WATAN (M) S/B','2015-08-30 21:04:22','2015-08-30 21:04:22'),
	(516,'COMOGO S/B','2015-08-30 21:04:22','2015-08-30 21:04:22'),
	(517,'MAERSK SEEKER','2015-08-30 21:04:22','2015-08-30 21:04:22'),
	(518,'ISMACO S/B','2015-08-30 21:04:22','2015-08-30 21:04:22'),
	(519,'SYARIKAT SINARAN LINOR S/B','2015-08-30 21:04:22','2015-08-30 21:04:22'),
	(520,'TAN BEE GUAN (L) HARDWARE','2015-08-30 21:04:22','2015-08-30 21:04:22'),
	(521,'SOUTH SEA OFFSHORE S/B','2015-08-30 21:04:22','2015-08-30 21:04:22'),
	(522,'HALIM MOHAMMAD','2015-08-30 21:04:22','2015-08-30 21:04:22'),
	(523,'CERGAS OILFIELD','2015-08-30 21:04:22','2015-08-30 21:04:22'),
	(524,'DUA PULUH SEN DISCOUNT STORE S/B','2015-08-30 21:04:22','2015-08-30 21:04:22'),
	(525,'MULPHA ENGINEERING & CONSTRUCTION','2015-08-30 21:04:22','2015-08-30 21:04:22'),
	(526,'INTAN EVERISE TRADING','2015-08-30 21:04:22','2015-08-30 21:04:22'),
	(527,'TELEKOM MALAYSIA','2015-08-30 21:04:22','2015-08-30 21:04:22'),
	(528,'USAHA MERIAH S/B','2015-08-30 21:04:22','2015-08-30 21:04:22'),
	(529,'MAHADI BIN MAT','2015-08-30 21:04:22','2015-08-30 21:04:22'),
	(530,'TAN CHONG INDUSTRIAL','2015-08-30 21:04:22','2015-08-30 21:04:22'),
	(531,'WILLIAM A/K BAJAI','2015-08-30 21:04:22','2015-08-30 21:04:22'),
	(532,'BUJANG A/K JAMPI','2015-08-30 21:04:22','2015-08-30 21:04:22'),
	(533,'CENTURY FOCAL S/B','2015-08-30 21:04:22','2015-08-30 21:04:22'),
	(534,'SECA DYME S/B','2015-08-30 21:04:22','2015-08-30 21:04:22'),
	(535,'MEGHA GEOPRODUCTS & SERVICES','2015-08-30 21:04:22','2015-08-30 21:04:22'),
	(536,'MAGNA PETROLEUM SERVICES S/B','2015-08-30 21:04:22','2015-08-30 21:04:22'),
	(537,'POWERCAP ELECTRIC S/B','2015-08-30 21:04:22','2015-08-30 21:04:22'),
	(538,'TENAGA M E C(S) S/B','2015-08-30 21:04:22','2015-08-30 21:04:22'),
	(539,'MULTISALE TRADING','2015-08-30 21:04:22','2015-08-30 21:04:22'),
	(540,'LABUAN CRUDE OIL TERMINAL','2015-08-30 21:04:22','2015-08-30 21:04:22'),
	(541,'KITARAN MAKMUR S/B','2015-08-30 21:04:22','2015-08-30 21:04:22'),
	(542,'S.M SERVICES','2015-08-30 21:04:22','2015-08-30 21:04:22'),
	(543,'UJAYA S/B','2015-08-30 21:04:22','2015-08-30 21:04:22'),
	(544,'JABATAN KERJA RAYA','2015-08-30 21:04:22','2015-08-30 21:04:22'),
	(545,'ZAHARA LESTARI','2015-08-30 21:04:22','2015-08-30 21:04:22'),
	(546,'MEWAMAS MARKETING SERVICES','2015-08-30 21:04:22','2015-08-30 21:04:22'),
	(547,'LABUAN FERRY TERMINAL','2015-08-30 21:04:22','2015-08-30 21:04:22'),
	(548,'HI-TECH ELECTRICAL','2015-08-30 21:04:22','2015-08-30 21:04:22'),
	(549,'NATION WIDE OIL & GAS S/B','2015-08-30 21:04:22','2015-08-30 21:04:22'),
	(550,'NUFA S/B','2015-08-30 21:04:22','2015-08-30 21:04:22'),
	(551,'MAHRIN S/B','2015-08-30 21:04:22','2015-08-30 21:04:22'),
	(552,'BAYERISCH LANDSBACK','2015-08-30 21:04:22','2015-08-30 21:04:22'),
	(553,'SHELL TRANSIT YARDS','2015-08-30 21:04:22','2015-08-30 21:04:22'),
	(554,'SOON AIR CONDITION & REFRIGE','2015-08-30 21:04:22','2015-08-30 21:04:22'),
	(555,'EH CHEMICALS','2015-08-30 21:04:22','2015-08-30 21:04:22'),
	(556,'EXPROTECH (M) S/B','2015-08-30 21:04:22','2015-08-30 21:04:22'),
	(557,'VASTALUX S/B','2015-08-30 21:04:22','2015-08-30 21:04:22'),
	(558,'TOKO SUNRISE','2015-08-30 21:04:22','2015-08-30 21:04:22'),
	(559,'MAHRIM S/B','2015-08-30 21:04:22','2015-08-30 21:04:22'),
	(560,'BAN SWEE SIM','2015-08-30 21:04:22','2015-08-30 21:04:22'),
	(561,'DINASTIA JATI S/B','2015-08-30 21:04:22','2015-08-30 21:04:22'),
	(562,'TRANSMILLENIUM OCEAN (M) S/B','2015-08-30 21:04:22','2015-08-30 21:04:22'),
	(563,'PROJEK RUMAH KEDIAMAN JKR','2015-08-30 21:04:22','2015-08-30 21:04:22'),
	(564,'SUNGAI KELING TIMBER','2015-08-30 21:04:22','2015-08-30 21:04:22'),
	(565,'LUI GENERAL CONTRACTOR','2015-08-30 21:04:22','2015-08-30 21:04:22'),
	(566,'HK LEE TRADING CO.','2015-08-30 21:04:22','2015-08-30 21:04:22'),
	(567,'ENSCO 57','2015-08-30 21:04:22','2015-08-30 21:04:22'),
	(568,'ENSCO 52','2015-08-30 21:04:22','2015-08-30 21:04:22'),
	(569,'HAIP LOONG S/B','2015-08-30 21:04:22','2015-08-30 21:04:22'),
	(570,'YAZTECH S/B','2015-08-30 21:04:22','2015-08-30 21:04:22'),
	(571,'PAN SARAWAK CO. S/B','2015-08-30 21:04:22','2015-08-30 21:04:22'),
	(572,'ROSLAN BIN DAUD','2015-08-30 21:04:22','2015-08-30 21:04:22'),
	(573,'RM LEOPAD S/B','2015-08-30 21:04:22','2015-08-30 21:04:22'),
	(574,'SIN ONN (L) S/B','2015-08-30 21:04:22','2015-08-30 21:04:22'),
	(575,'KWONG WAH FIBERGLASS WORKS SUPPLY','2015-08-30 21:04:22','2015-08-30 21:04:22'),
	(576,'MALAYSIAN VALVES MANUFACTURING AND SERVICES SDN.BHD.','2015-08-30 21:04:22','2015-08-30 21:04:22'),
	(577,'PERDANA CINEPLEX LABUAN','2015-08-30 21:04:22','2015-08-30 21:04:22'),
	(578,'GABRIELISMA ENERGY ENT.','2015-08-30 21:04:22','2015-08-30 21:04:22'),
	(579,'WAN NOORHAYATI WAN MAHMUD','2015-08-30 21:04:22','2015-08-30 21:04:22'),
	(580,'NORZILAWATI BT ZAIDI','2015-08-30 21:04:22','2015-08-30 21:04:22'),
	(581,'HAIRUDIN BIN KATAB','2015-08-30 21:04:22','2015-08-30 21:04:22'),
	(582,'KETUA POLIS W.P LABUAN','2015-08-30 21:04:22','2015-08-30 21:04:22'),
	(583,'AZMI BIN ABDULLAH','2015-08-30 21:04:22','2015-08-30 21:04:22'),
	(584,'SCOTT MACPHEE','2015-08-30 21:04:22','2015-08-30 21:04:22'),
	(585,'MS LONG FOO TIN','2015-08-30 21:04:22','2015-08-30 21:04:22'),
	(586,'WILFRED CHAMBON','2015-08-30 21:04:22','2015-08-30 21:04:22'),
	(587,'JASLI BIN MOHD KASIM','2015-08-30 21:04:22','2015-08-30 21:04:22'),
	(588,'WESTERN ENERGY TECH (M) S/B','2015-08-30 21:04:22','2015-08-30 21:04:22'),
	(589,'DELCOM OILFIELD SERVICES S/B','2015-08-30 21:04:22','2015-08-30 21:04:22'),
	(590,'MEG S/B','2015-08-30 21:04:22','2015-08-30 21:04:22'),
	(591,'GREEN COTTAGE S/B','2015-08-30 21:04:22','2015-08-30 21:04:22'),
	(592,'HON KUAN YEW','2015-08-30 21:04:22','2015-08-30 21:04:22'),
	(593,'IBNU ABILLAH BIN WADJAR','2015-08-30 21:04:22','2015-08-30 21:04:22'),
	(594,'BOTCO S/B','2015-08-30 21:04:22','2015-08-30 21:04:22'),
	(595,'BUMI JAYA COMPANY','2015-08-30 21:04:22','2015-08-30 21:04:22'),
	(596,'HASINAH BTE WAHAB','2015-08-30 21:04:22','2015-08-30 21:04:22'),
	(597,'PENGARAH KESIHATAN NEGERI','2015-08-30 21:04:22','2015-08-30 21:04:22'),
	(598,'CERAHLIN CORPORATION (M) S/B','2015-08-30 21:04:22','2015-08-30 21:04:22'),
	(599,'TERUSAN WAJA S/B','2015-08-30 21:04:22','2015-08-30 21:04:22'),
	(600,'USAHA SERODI S/B','2015-08-30 21:04:22','2015-08-30 21:04:22'),
	(601,'GAPILIN NASARUDDIN','2015-08-30 21:04:22','2015-08-30 21:04:22'),
	(602,'COFFRETH (M) S/B','2015-08-30 21:04:22','2015-08-30 21:04:22'),
	(603,'SISTEM FURNITURE & DECORATING CO.','2015-08-30 21:04:22','2015-08-30 21:04:22'),
	(604,'GROPOINT SEAFOOD INDUSTRIES','2015-08-30 21:04:22','2015-08-30 21:04:22'),
	(605,'GLOBAL DIMENSION','2015-08-30 21:04:22','2015-08-30 21:04:22'),
	(606,'BERJAYA FURNITURE','2015-08-30 21:04:22','2015-08-30 21:04:22'),
	(607,'LABUAN WAR CEMETERY','2015-08-30 21:04:22','2015-08-30 21:04:22'),
	(608,'ENCIK YUSMADI BIN YUSA','2015-08-30 21:04:22','2015-08-30 21:04:22'),
	(609,'KONG WAH (L) S/B','2015-08-30 21:04:22','2015-08-30 21:04:22'),
	(610,'MR. RYAN CHONG','2015-08-30 21:04:22','2015-08-30 21:04:22'),
	(611,'PUMPS CITY S/B','2015-08-30 21:04:22','2015-08-30 21:04:22'),
	(612,'DIALOG E & C S/B','2015-08-30 21:04:22','2015-08-30 21:04:22'),
	(613,'MERCU TEKNIK S/B','2015-08-30 21:04:22','2015-08-30 21:04:22'),
	(614,'IBRAHIM BIN DAHLAN','2015-08-30 21:04:22','2015-08-30 21:04:22'),
	(615,'PERTAMA MAKMUR S/B','2015-08-30 21:04:22','2015-08-30 21:04:22'),
	(616,'MING SHIN HARDWARE','2015-08-30 21:04:22','2015-08-30 21:04:22'),
	(617,'BUNGA CEMPAKA S/B','2015-08-30 21:04:22','2015-08-30 21:04:22'),
	(618,'CHE HANIPA SURIANI','2015-08-30 21:04:22','2015-08-30 21:04:22'),
	(619,'KUMPULAN NIAGA MAHMUD','2015-08-30 21:04:22','2015-08-30 21:04:22'),
	(620,'SAFETY DRIVING CENTRE.','2015-08-30 21:04:22','2015-08-30 21:04:22'),
	(621,'PELANGI RESOURCES S/B','2015-08-30 21:04:22','2015-08-30 21:04:22'),
	(622,'SEAH AIR-COND & FRIDGE SERVICES','2015-08-30 21:04:22','2015-08-30 21:04:22'),
	(623,'RIDZUAN B.ZULKIFLI','2015-08-30 21:04:22','2015-08-30 21:04:22'),
	(624,'MD.JEFRI BIN HASHIM','2015-08-30 21:04:22','2015-08-30 21:04:22'),
	(625,'MR.GUN AH KOW','2015-08-30 21:04:22','2015-08-30 21:04:22'),
	(626,'PERKAPALAN & PENGHANTARAN','2015-08-30 21:04:22','2015-08-30 21:04:22'),
	(627,'PETROTECHNICAL INSPECTION (M)S/B','2015-08-30 21:04:22','2015-08-30 21:04:22'),
	(628,'CHAKLI TRANSPORT','2015-08-30 21:04:22','2015-08-30 21:04:22'),
	(629,'PERNIAGAAN BIOSTYLE','2015-08-30 21:04:22','2015-08-30 21:04:22'),
	(630,'MOCH RADZI BIN SAIRON','2015-08-30 21:04:22','2015-08-30 21:04:22'),
	(631,'KWONG HWA ENGINEERING','2015-08-30 21:04:22','2015-08-30 21:04:22'),
	(632,'HARPERS TRADING S/B','2015-08-30 21:04:22','2015-08-30 21:04:22'),
	(633,'LKPL  AHMAD SUHAIDI B. ZAINAL.','2015-08-30 21:04:22','2015-08-30 21:04:22'),
	(634,'MASTER ONBOARD MV.ASIA TIDE','2015-08-30 21:04:22','2015-08-30 21:04:22'),
	(635,'RP ENTERPRISE','2015-08-30 21:04:22','2015-08-30 21:04:22'),
	(636,'LABUAN GAS & MACHINERY S/B','2015-08-30 21:04:22','2015-08-30 21:04:22'),
	(637,'DIRECTOR FOR MARINE','2015-08-30 21:04:22','2015-08-30 21:04:22'),
	(638,'MEGA TEC CONSOLIDATION','2015-08-30 21:04:22','2015-08-30 21:04:22'),
	(639,'CHUAN BAN TRADING','2015-08-30 21:04:22','2015-08-30 21:04:22'),
	(640,'TING SHENG ENTERPRISE','2015-08-30 21:04:22','2015-08-30 21:04:22'),
	(641,'TAISEN CONSTRUCTION','2015-08-30 21:04:22','2015-08-30 21:04:22'),
	(642,'TLDM LABUAN','2015-08-30 21:04:22','2015-08-30 21:04:22'),
	(643,'SHAFINAH BINTI SAAD','2015-08-30 21:04:22','2015-08-30 21:04:22'),
	(644,'STATION MANAGER','2015-08-30 21:04:22','2015-08-30 21:04:22'),
	(645,'MR.CHOO KIAN FUTT','2015-08-30 21:04:22','2015-08-30 21:04:22'),
	(646,'WEHAYA PETROSERVICES S/B','2015-08-30 21:04:22','2015-08-30 21:04:22'),
	(647,'PEGAWAI PERTAHANAN AWAM','2015-08-30 21:04:22','2015-08-30 21:04:22'),
	(648,'SYARIKAT SRS BUMI MOTOR','2015-08-30 21:04:22','2015-08-30 21:04:22'),
	(649,'IA RESOURCES','2015-08-30 21:04:22','2015-08-30 21:04:22'),
	(650,'SOUTHERN SCOPE (M) S/B','2015-08-30 21:04:22','2015-08-30 21:04:22'),
	(651,'BORNEO AZAM S/B','2015-08-30 21:04:22','2015-08-30 21:04:22'),
	(652,'MEDICAL SUPPLIES (L) S/B','2015-08-30 21:04:22','2015-08-30 21:04:22'),
	(653,'BUMI WANGSA','2015-08-30 21:04:22','2015-08-30 21:04:22'),
	(654,'GAPIMA SDN BHD.','2015-08-30 21:04:22','2015-08-30 21:04:22'),
	(655,'EAC HOLDING (M) S/B','2015-08-30 21:04:22','2015-08-30 21:04:22'),
	(656,'JUN MOH SYN ENTERPRISE CO.','2015-08-30 21:04:22','2015-08-30 21:04:22'),
	(657,'NESTLE PRODUCTS S/B','2015-08-30 21:04:22','2015-08-30 21:04:22'),
	(658,'TONG HING S/B','2015-08-30 21:04:22','2015-08-30 21:04:22'),
	(659,'LAUTAN MAS JAYA','2015-08-30 21:04:22','2015-08-30 21:04:22'),
	(660,'FREEWAY MACHINERY S/B','2015-08-30 21:04:22','2015-08-30 21:04:22'),
	(661,'WHIZZ WATER S/B','2015-08-30 21:04:22','2015-08-30 21:04:22'),
	(662,'ENERSAVE AQUA SYSTEMS S/B','2015-08-30 21:04:22','2015-08-30 21:04:22'),
	(663,'HJ. RASHIDI YUSOF','2015-08-30 21:04:22','2015-08-30 21:04:22'),
	(664,'MR. TIONG CHEE TING','2015-08-30 21:04:22','2015-08-30 21:04:22'),
	(665,'SYKT WING ON TRADING','2015-08-30 21:04:22','2015-08-30 21:04:22'),
	(666,'MASTER OF SV','2015-08-30 21:04:22','2015-08-30 21:04:22'),
	(667,'PM NORFAZIDI BIN TOHA','2015-08-30 21:04:22','2015-08-30 21:04:22'),
	(668,'INCORPROME S/B','2015-08-30 21:04:22','2015-08-30 21:04:22'),
	(669,'GOLD COIN SABAH FLOUR.','2015-08-30 21:04:22','2015-08-30 21:04:22'),
	(670,'EGP ENGINEERING S/B','2015-08-30 21:04:22','2015-08-30 21:04:22'),
	(671,'PETRO TOOLS SUPPLIERS & SVCS S/B','2015-08-30 21:04:22','2015-08-30 21:04:22'),
	(672,'MAJLIS SUKAN LABUAN','2015-08-30 21:04:22','2015-08-30 21:04:22'),
	(673,'EQUIPMERGE S/B','2015-08-30 21:04:22','2015-08-30 21:04:22'),
	(674,'S & V SERVICES','2015-08-30 21:04:22','2015-08-30 21:04:22'),
	(675,'SYARIKAT KONTRAKTOR BERJAYA','2015-08-30 21:04:22','2015-08-30 21:04:22'),
	(676,'M/S GREEN HOLDINGS S/B','2015-08-30 21:04:22','2015-08-30 21:04:22'),
	(677,'MOHD RADZI BIN SADIRON','2015-08-30 21:04:22','2015-08-30 21:04:22'),
	(678,'LAUTAN MAS S/B','2015-08-30 21:04:22','2015-08-30 21:04:22'),
	(679,'JAPAN DRILLING (M) S/B','2015-08-30 21:04:22','2015-08-30 21:04:22'),
	(680,'PETRO-EXCEL S/B','2015-08-30 21:04:22','2015-08-30 21:04:22'),
	(681,'KIEN SAN METAL S/B','2015-08-30 21:04:22','2015-08-30 21:04:22'),
	(682,'PLC SYSTEM & ENGINEERING','2015-08-30 21:04:22','2015-08-30 21:04:22'),
	(683,'FILA CORPORATION','2015-08-30 21:04:22','2015-08-30 21:04:22'),
	(684,'RAHMAT DAGANGAN S/B','2015-08-30 21:04:22','2015-08-30 21:04:22'),
	(685,'AZMAN BIN ILYAS','2015-08-30 21:04:22','2015-08-30 21:04:22'),
	(686,'RASHIDI BIN MOHD YUNAN','2015-08-30 21:04:22','2015-08-30 21:04:22'),
	(687,'J & J CORPORATION','2015-08-30 21:04:22','2015-08-30 21:04:22'),
	(688,'SALAM TEXTILES CENTRE','2015-08-30 21:04:22','2015-08-30 21:04:22'),
	(689,'JOE AGENCY','2015-08-30 21:04:22','2015-08-30 21:04:22'),
	(690,'TIE TECK KIONG','2015-08-30 21:04:22','2015-08-30 21:04:22'),
	(691,'MEJAR MISWAN BIN BUJANG','2015-08-30 21:04:22','2015-08-30 21:04:22'),
	(692,'MOHD ZAKY BIN OSMAN','2015-08-30 21:04:22','2015-08-30 21:04:22'),
	(693,'HYPERWAVE SYSTEM ENGINEERING S/B','2015-08-30 21:04:22','2015-08-30 21:04:22'),
	(694,'PERTUBUHAN PELADANG','2015-08-30 21:04:22','2015-08-30 21:04:22'),
	(695,'HIFREIGHT EXPRESS S/B','2015-08-30 21:04:22','2015-08-30 21:04:22'),
	(696,'LIHA NTRADING S/B','2015-08-30 21:04:22','2015-08-30 21:04:22'),
	(697,'KUMBUN AK ATOK','2015-08-30 21:04:22','2015-08-30 21:04:22'),
	(698,'MARINA CENTRE SDN BHD','2015-08-30 21:04:22','2015-08-30 21:04:22'),
	(699,'MV. LADY SANDRA','2015-08-30 21:04:22','2015-08-30 21:04:22'),
	(700,'MULTILEAP (M) S/B','2015-08-30 21:04:22','2015-08-30 21:04:22'),
	(701,'CHUI FOOK HONG JOSS STICK','2015-08-30 21:04:22','2015-08-30 21:04:22'),
	(702,'PW ZULKIFLI','2015-08-30 21:04:22','2015-08-30 21:04:22'),
	(703,'MERZARIO SINGAPORE PTE LTD','2015-08-30 21:04:22','2015-08-30 21:04:22'),
	(704,'BETTY SHEE CHING LEE','2015-08-30 21:04:22','2015-08-30 21:04:22'),
	(705,'AZHAR BIN ABD.RAHMAN','2015-08-30 21:04:22','2015-08-30 21:04:22'),
	(706,'ROSLAN BIN HUSSAIN','2015-08-30 21:04:22','2015-08-30 21:04:22'),
	(707,'ZUL/HANIM/AHMAD','2015-08-30 21:04:22','2015-08-30 21:04:22'),
	(708,'OTHMAN CHE JUSOH','2015-08-30 21:04:22','2015-08-30 21:04:22'),
	(709,'MASTER VERITAS SEARCHIR.','2015-08-30 21:04:22','2015-08-30 21:04:22'),
	(710,'STEPHEN JOLLY','2015-08-30 21:04:22','2015-08-30 21:04:22'),
	(711,'GISSCO (B) SDN BHD','2015-08-30 21:04:22','2015-08-30 21:04:22'),
	(712,'TAN SRI WONG CHIK LIM','2015-08-30 21:04:22','2015-08-30 21:04:22'),
	(713,'SIMENS','2015-08-30 21:04:22','2015-08-30 21:04:22'),
	(714,'SIEMENS','2015-08-30 21:04:22','2015-08-30 21:04:22'),
	(715,'PUSPA MEGAH ENTERPRISE','2015-08-30 21:04:22','2015-08-30 21:04:22'),
	(716,'EGL ENGLE GLOBAL LOGISTICS(M)','2015-08-30 21:04:22','2015-08-30 21:04:22'),
	(717,'VERITAS SEARCHER.','2015-08-30 21:04:22','2015-08-30 21:04:22'),
	(718,'KERRY LOGISTICS MALAYSIAN SDN BHD','2015-08-30 21:04:22','2015-08-30 21:04:22'),
	(719,'GEOPETROL INTERNATIONAL LTD','2015-08-30 21:04:22','2015-08-30 21:04:22'),
	(720,'FIRST MARINE SERVICES (M) S/B','2015-08-30 21:04:22','2015-08-30 21:04:22'),
	(721,'F & N BEVERAGES S/B','2015-08-30 21:04:22','2015-08-30 21:04:22'),
	(722,'TELECOOL AIR-CONDITIONER & ELECTRICAL ENGINEERING','2015-08-30 21:04:22','2015-08-30 21:04:22'),
	(723,'SJN MUHADIR  BIN MISRAN','2015-08-30 21:04:22','2015-08-30 21:04:22'),
	(724,'ALLIANCE BANK(M) BHD.LABUAN','2015-08-30 21:04:22','2015-08-30 21:04:22'),
	(725,'M/S LABUAN SUPERMARKET','2015-08-30 21:04:22','2015-08-30 21:04:22'),
	(726,'LABUAN YAMAN MUTIARA SITE.','2015-08-30 21:04:22','2015-08-30 21:04:22'),
	(727,'KANG LEAN TEIK','2015-08-30 21:04:22','2015-08-30 21:04:22'),
	(728,'MELEWAR ENGINEERING S/B','2015-08-30 21:04:22','2015-08-30 21:04:22'),
	(729,'MR. ZAINAL ABIDIN','2015-08-30 21:04:22','2015-08-30 21:04:22'),
	(730,'ACE STAR ENTERPRISE','2015-08-30 21:04:22','2015-08-30 21:04:22'),
	(731,'B.I.G INDUSTRIAL GAS S/B','2015-08-30 21:04:22','2015-08-30 21:04:22'),
	(732,'NAFAS NIAGA S/B','2015-08-30 21:04:22','2015-08-30 21:04:22'),
	(733,'TRILLION PASSAGE (M) S/B','2015-08-30 21:04:22','2015-08-30 21:04:22'),
	(734,'MESSRS BANWORTH SDN BHD','2015-08-30 21:04:22','2015-08-30 21:04:22'),
	(735,'CHONG FUI SHIPPING','2015-08-30 21:04:22','2015-08-30 21:04:22'),
	(736,'COPEN ENGINEERING','2015-08-30 21:04:22','2015-08-30 21:04:22'),
	(737,'PERNIAGAAN RAYA','2015-08-30 21:04:22','2015-08-30 21:04:22'),
	(738,'ROLLING ROAD ENGINEERING','2015-08-30 21:04:22','2015-08-30 21:04:22'),
	(739,'FIANANCIAL PARK (L) S/B','2015-08-30 21:04:22','2015-08-30 21:04:22'),
	(740,'SAMUDRA TIMUR S/B','2015-08-30 21:04:22','2015-08-30 21:04:22'),
	(741,'LABUAN DECO SDN BHD','2015-08-30 21:04:22','2015-08-30 21:04:22'),
	(742,'EXCELVER CORPORATION S/B','2015-08-30 21:04:22','2015-08-30 21:04:22'),
	(743,'AIM PRECISION ENGINEERING','2015-08-30 21:04:22','2015-08-30 21:04:22'),
	(744,'BEHONG ENTERPRISE','2015-08-30 21:04:22','2015-08-30 21:04:22'),
	(745,'CHIN & WOO HOLDINGS.','2015-08-30 21:04:22','2015-08-30 21:04:22'),
	(746,'SRI TEGAH','2015-08-30 21:04:22','2015-08-30 21:04:22'),
	(747,'MUTIARA LABUAN','2015-08-30 21:04:22','2015-08-30 21:04:22'),
	(748,'MAERSK LIFTER','2015-08-30 21:04:22','2015-08-30 21:04:22'),
	(749,'BARAM LOGISTICS.','2015-08-30 21:04:22','2015-08-30 21:04:22'),
	(750,'ELITA METAL WORKS','2015-08-30 21:04:22','2015-08-30 21:04:22'),
	(751,'EN, JALANI BIN MANSOR','2015-08-30 21:04:22','2015-08-30 21:04:22'),
	(752,'MASACINTA S/B','2015-08-30 21:04:22','2015-08-30 21:04:22'),
	(753,'YB RESOURCES S/B','2015-08-30 21:04:22','2015-08-30 21:04:22'),
	(754,'IBRAHIM BIN YUSSOF','2015-08-30 21:04:22','2015-08-30 21:04:22'),
	(755,'UNITED JOHNCO','2015-08-30 21:04:22','2015-08-30 21:04:22'),
	(756,'DKC INTERNATIONAL LINE S/B','2015-08-30 21:04:22','2015-08-30 21:04:22'),
	(757,'NUFADEILAH BINTI HAMDEN','2015-08-30 21:04:22','2015-08-30 21:04:22'),
	(758,'SATRIA MURNI S/B','2015-08-30 21:04:22','2015-08-30 21:04:22'),
	(759,'TOCHAS SDN.BHD.','2015-08-30 21:04:22','2015-08-30 21:04:22'),
	(760,'HALLIBURTON SERVICES (M) S/B','2015-08-30 21:04:22','2015-08-30 21:04:22'),
	(761,'PENGARAH JPJ WILAYAH','2015-08-30 21:04:22','2015-08-30 21:04:22'),
	(762,'KIAN HWA CONSTRUCTION S/B','2015-08-30 21:04:22','2015-08-30 21:04:22'),
	(763,'RINTIS MALAY MOTOR SDN BHD','2015-08-30 21:04:22','2015-08-30 21:04:22'),
	(764,'LA RESOURCES','2015-08-30 21:04:22','2015-08-30 21:04:22'),
	(765,'WILAYAH ENGINEERING S/B','2015-08-30 21:04:22','2015-08-30 21:04:22'),
	(766,'KPL AZZUAN BIN DAUD','2015-08-30 21:04:22','2015-08-30 21:04:22'),
	(767,'MILIMEWAH SUPERSTORE','2015-08-30 21:04:22','2015-08-30 21:04:22'),
	(768,'MR POH CHUNG YIANG','2015-08-30 21:04:22','2015-08-30 21:04:22'),
	(769,'MARITIME & IND ENGINEERING S/B.','2015-08-30 21:04:22','2015-08-30 21:04:22'),
	(770,'WHALIS TRADING','2015-08-30 21:04:22','2015-08-30 21:04:22'),
	(771,'MR. PUDIN BIN HJ. MOHD NOR','2015-08-30 21:04:22','2015-08-30 21:04:22'),
	(772,'PELICAN OFFSHORE SERVICES','2015-08-30 21:04:22','2015-08-30 21:04:22'),
	(773,'BCI CHEMICAL S/B','2015-08-30 21:04:22','2015-08-30 21:04:22'),
	(774,'PERUSAHAN INTAN S/B','2015-08-30 21:04:22','2015-08-30 21:04:22'),
	(775,'INCOMASTER S/B','2015-08-30 21:04:22','2015-08-30 21:04:22'),
	(776,'SABAH OXYGEN S/B','2015-08-30 21:04:22','2015-08-30 21:04:22'),
	(777,'ARUS CAHAYA S/B','2015-08-30 21:04:22','2015-08-30 21:04:22'),
	(778,'SMITH DRILLING LABUAN F.T','2015-08-30 21:04:22','2015-08-30 21:04:22'),
	(779,'PAKAR HASIL S/B','2015-08-30 21:04:22','2015-08-30 21:04:22'),
	(780,'TRI-POWER ENTERPRISE','2015-08-30 21:04:22','2015-08-30 21:04:22'),
	(781,'IS ENTERPRISE','2015-08-30 21:04:22','2015-08-30 21:04:22'),
	(782,'PEJANDY CORPORATION','2015-08-30 21:04:22','2015-08-30 21:04:22'),
	(783,'HZN ASSOCIATES (M) S/B','2015-08-30 21:04:22','2015-08-30 21:04:22'),
	(784,'PACIFIC BARBARIAN','2015-08-30 21:04:22','2015-08-30 21:04:22'),
	(785,'LAU SIEW TUANG & SONS S/B','2015-08-30 21:04:22','2015-08-30 21:04:22'),
	(786,'SYARIKAT BEE GUAN','2015-08-30 21:04:22','2015-08-30 21:04:22'),
	(787,'P.P.K LABUAN SELATAN','2015-08-30 21:04:22','2015-08-30 21:04:22'),
	(788,'MANDARIN ENGINEERING & WELDING S/B','2015-08-30 21:04:22','2015-08-30 21:04:22'),
	(789,'SYARIKAT SERI MAKMUR','2015-08-30 21:04:22','2015-08-30 21:04:22'),
	(790,'RAZALI BIN JUSOH','2015-08-30 21:04:22','2015-08-30 21:04:22'),
	(791,'LK. TME. JOHN TENG','2015-08-30 21:04:22','2015-08-30 21:04:22'),
	(792,'SITI KHADIJAH BINTI SUHAILI','2015-08-30 21:04:22','2015-08-30 21:04:22'),
	(793,'SEMANTRA NO-DIG ENGINEERING S/B.','2015-08-30 21:04:22','2015-08-30 21:04:22'),
	(794,'FIBAROLL(SEA) S/B','2015-08-30 21:04:22','2015-08-30 21:04:22'),
	(795,'UNIMODAL MARITIM S/B','2015-08-30 21:04:22','2015-08-30 21:04:22'),
	(796,'BAX MALAYSIA SDN BHD','2015-08-30 21:04:22','2015-08-30 21:04:22'),
	(797,'CITRANS (MALAYSIA) SDN BHD','2015-08-30 21:04:22','2015-08-30 21:04:22'),
	(798,'MR. HENRY BRUCE ANDERSON','2015-08-30 21:04:22','2015-08-30 21:04:22'),
	(799,'AIDICKSON S/B','2015-08-30 21:04:22','2015-08-30 21:04:22'),
	(800,'PASUKAN PENYELAM, MARKAS WILAYAH LAUT','2015-08-30 21:04:22','2015-08-30 21:04:22'),
	(801,'DEPOT LOGISTICS WILAYAH 2','2015-08-30 21:04:22','2015-08-30 21:04:22'),
	(802,'MR.GAPILLIN M.RUDDIN','2015-08-30 21:04:22','2015-08-30 21:04:22'),
	(803,'JKR WILAYAH PERSEKUTUAN LABUAN','2015-08-30 21:04:22','2015-08-30 21:04:22'),
	(804,'CHUNG KWONG (L) S/B','2015-08-30 21:04:22','2015-08-30 21:04:22'),
	(805,'SDV MALAISIE','2015-08-30 21:04:22','2015-08-30 21:04:22'),
	(806,'HING WAH ART GALLERY (M) S/B','2015-08-30 21:04:22','2015-08-30 21:04:22'),
	(807,'GAMMERLITE ENTERPRISES S/B','2015-08-30 21:04:22','2015-08-30 21:04:22'),
	(808,'EXEL LOGISTICS (M) S/B','2015-08-30 21:04:22','2015-08-30 21:04:22'),
	(809,'STC MARINE SERVICES & SUPPLIES S/B','2015-08-30 21:04:22','2015-08-30 21:04:22'),
	(810,'MASTER/OWNER OF ASM/AFM & AIM','2015-08-30 21:04:22','2015-08-30 21:04:22'),
	(811,'MR. ALI','2015-08-30 21:04:22','2015-08-30 21:04:22'),
	(812,'KINGSAR SDN.BHD','2015-08-30 21:04:22','2015-08-30 21:04:22'),
	(813,'MASTER MV TORNADO','2015-08-30 21:04:22','2015-08-30 21:04:22'),
	(814,'MR. MARK ROBIN','2015-08-30 21:04:22','2015-08-30 21:04:22'),
	(815,'MASTER ONBOARD MV PIONEER TIDE','2015-08-30 21:04:22','2015-08-30 21:04:22'),
	(816,'JOSEPH YONG B.K','2015-08-30 21:04:22','2015-08-30 21:04:22'),
	(817,'TNB REPAIR AND MAINTENANCE SDN.BHD','2015-08-30 21:04:22','2015-08-30 21:04:22'),
	(818,'YS LOGISTIC S/B','2015-08-30 21:04:22','2015-08-30 21:04:22'),
	(819,'CB SERVICES','2015-08-30 21:04:22','2015-08-30 21:04:22'),
	(820,'KUSNAN KARMA','2015-08-30 21:04:22','2015-08-30 21:04:22'),
	(821,'JAHUNI NOR','2015-08-30 21:04:22','2015-08-30 21:04:22'),
	(822,'VELOSI (M) S/B','2015-08-30 21:04:22','2015-08-30 21:04:22'),
	(823,'NOVA TESTING S/B','2015-08-30 21:04:22','2015-08-30 21:04:22'),
	(824,'PN. NOR RIZA BT ZAKHARI','2015-08-30 21:04:22','2015-08-30 21:04:22'),
	(825,'JAPAN DRILLING (M) SDN.BHD','2015-08-30 21:04:22','2015-08-30 21:04:22'),
	(826,'THE MASTER PACIFIC BARBARIAN','2015-08-30 21:04:22','2015-08-30 21:04:22'),
	(827,'ROHAIZAD BIN MD DON','2015-08-30 21:04:22','2015-08-30 21:04:22'),
	(828,'ROSLAN BIN DOL','2015-08-30 21:04:22','2015-08-30 21:04:22'),
	(829,'SEGI PERKASA SDN.BHD','2015-08-30 21:04:22','2015-08-30 21:04:22'),
	(830,'MASTER/OWNER OF A TUAH 20','2015-08-30 21:04:22','2015-08-30 21:04:22'),
	(831,'FRANCIS CHARLES MEDLIOOTT','2015-08-30 21:04:22','2015-08-30 21:04:22'),
	(832,'INTERGLOBO TRANSUNION (M) S/B','2015-08-30 21:04:22','2015-08-30 21:04:22'),
	(833,'LIHAN TRADING S/B','2015-08-30 21:04:22','2015-08-30 21:04:22'),
	(834,'PEJABAT TIMBALAN PENGARAH KESIHATAN.','2015-08-30 21:04:22','2015-08-30 21:04:22'),
	(835,'SYARIKAT PERNIAGAAN KIAT SOON','2015-08-30 21:04:22','2015-08-30 21:04:22'),
	(836,'BLECTJAYA ENTERPRISE','2015-08-30 21:04:22','2015-08-30 21:04:22'),
	(837,'ALPHA TESTING SERVICES S/B','2015-08-30 21:04:22','2015-08-30 21:04:22'),
	(838,'ZAHROLAYALI BIN ABD TALIB','2015-08-30 21:04:22','2015-08-30 21:04:22'),
	(839,'TERUNA BIN ABDULLAH','2015-08-30 21:04:22','2015-08-30 21:04:22'),
	(840,'MOHAMAD RUSLAN BIN OTHMAN','2015-08-30 21:04:22','2015-08-30 21:04:22'),
	(841,'MARSILLA BINTI MOHD YUSOF','2015-08-30 21:04:22','2015-08-30 21:04:22'),
	(842,'NAIM BIN HJ. IDRIS','2015-08-30 21:04:22','2015-08-30 21:04:22'),
	(843,'EZANI BIN AB. KADIR','2015-08-30 21:04:22','2015-08-30 21:04:22'),
	(844,'AROMI BIN AHMAD','2015-08-30 21:04:22','2015-08-30 21:04:22'),
	(845,'MOHD NOH BIN ABD. HAMID','2015-08-30 21:04:22','2015-08-30 21:04:22'),
	(846,'ALICA','2015-08-30 21:04:22','2015-08-30 21:04:22'),
	(847,'PORTECH ENGINEERING','2015-08-30 21:04:22','2015-08-30 21:04:22'),
	(848,'JOHARI BIN LENG','2015-08-30 21:04:22','2015-08-30 21:04:22'),
	(849,'LEIGHTON CONTRACTOR (M) S/B','2015-08-30 21:04:22','2015-08-30 21:04:22'),
	(850,'MR. AMRIL AMRAN/MOHD FADZLI','2015-08-30 21:04:22','2015-08-30 21:04:22'),
	(851,'PERSATUAN PENGANUT HONG FONG SANG BA SIAN MIAO','2015-08-30 21:04:22','2015-08-30 21:04:22'),
	(852,'M/S.TRANSMILLENIUM OCEAN','2015-08-30 21:04:22','2015-08-30 21:04:22'),
	(853,'AST LOGISTICS S/B.','2015-08-30 21:04:22','2015-08-30 21:04:22'),
	(854,'MARKAS WILAYAH LAUT','2015-08-30 21:04:22','2015-08-30 21:04:22'),
	(855,'TAI HING TRADING','2015-08-30 21:04:22','2015-08-30 21:04:22'),
	(856,'WILAYAH SUGAR.','2015-08-30 21:04:22','2015-08-30 21:04:22'),
	(857,'SUTHENTHIRAN','2015-08-30 21:04:22','2015-08-30 21:04:22'),
	(858,'PETROCHEMICALS S/B','2015-08-30 21:04:22','2015-08-30 21:04:22'),
	(859,'ENSCO ENGINEERING S/B','2015-08-30 21:04:22','2015-08-30 21:04:22'),
	(860,'GAYA COLDSTORAGE (L) S/B','2015-08-30 21:04:22','2015-08-30 21:04:22'),
	(861,'RAHMAN LINUH','2015-08-30 21:04:22','2015-08-30 21:04:22'),
	(862,'HARRIS TAN','2015-08-30 21:04:22','2015-08-30 21:04:22'),
	(863,'MOHD FARID BIN ABD. WAHAB','2015-08-30 21:04:22','2015-08-30 21:04:22'),
	(864,'HIPNI ANAK JAUM','2015-08-30 21:04:22','2015-08-30 21:04:22'),
	(865,'LUK GUNASEGARAN A/L KRISHNAN','2015-08-30 21:04:22','2015-08-30 21:04:22'),
	(866,'NOR HAFIZAH BT ABD. MUJIB','2015-08-30 21:04:22','2015-08-30 21:04:22'),
	(867,'SIACO S/B','2015-08-30 21:04:22','2015-08-30 21:04:22'),
	(868,'WEMAL CONSTRUCTION','2015-08-30 21:04:22','2015-08-30 21:04:22'),
	(869,'HADARI ENGINEERING SERVICES S/B','2015-08-30 21:04:22','2015-08-30 21:04:22'),
	(870,'BALTRANS LOGISTICS (M) S/B','2015-08-30 21:04:22','2015-08-30 21:04:22'),
	(871,'KPT.SAMSUL EHSAN B ALWI','2015-08-30 21:04:22','2015-08-30 21:04:22'),
	(872,'CYF ENTERPRISE','2015-08-30 21:04:22','2015-08-30 21:04:22'),
	(873,'LT MD. SALLEH BIN ABDULLAH','2015-08-30 21:04:22','2015-08-30 21:04:22'),
	(874,'HAJIMIN BIN LAWADIN @ MAHIDIN','2015-08-30 21:04:22','2015-08-30 21:04:22'),
	(875,'NAZARUDIN BIN JAMIL','2015-08-30 21:04:22','2015-08-30 21:04:22'),
	(876,'MOHD SHARIN BIN HJ KASSIM','2015-08-30 21:04:22','2015-08-30 21:04:22'),
	(877,'AHMAD MUTAQIEM BIN OMAR','2015-08-30 21:04:22','2015-08-30 21:04:22'),
	(878,'IBUSAWAT TELEKOM LABUAN','2015-08-30 21:04:22','2015-08-30 21:04:22'),
	(879,'COLOUR MIXING S/B','2015-08-30 21:04:22','2015-08-30 21:04:22'),
	(880,'MOHAMAD AMIR BIN MAT AZRAAI','2015-08-30 21:04:22','2015-08-30 21:04:22'),
	(881,'VINCENT KOH','2015-08-30 21:04:22','2015-08-30 21:04:22'),
	(882,'NOOR JAHAN','2015-08-30 21:04:22','2015-08-30 21:04:22'),
	(883,'PEATINUM SHIPPING','2015-08-30 21:04:22','2015-08-30 21:04:22'),
	(884,'CALCO & L.I.E. ENGINEERING JV','2015-08-30 21:04:22','2015-08-30 21:04:22'),
	(885,'SSB WORK MANAGEMENT S/B','2015-08-30 21:04:22','2015-08-30 21:04:22'),
	(886,'ZULKIFLI BIN MUHAMMAD','2015-08-30 21:04:22','2015-08-30 21:04:22'),
	(887,'LINDA JULINONG JIMIOL','2015-08-30 21:04:22','2015-08-30 21:04:22'),
	(888,'EMY RAHAYU BINTI MISLAN','2015-08-30 21:04:22','2015-08-30 21:04:22'),
	(889,'HALIM BIN MISRAN @ MISKAM','2015-08-30 21:04:22','2015-08-30 21:04:22'),
	(890,'HADIJAH BINTI MOHD. AHIR','2015-08-30 21:04:22','2015-08-30 21:04:22'),
	(891,'MOHAMMAD JUNAIDI BIN ABDULLAH','2015-08-30 21:04:22','2015-08-30 21:04:22'),
	(892,'MOHD SIDEK BIN HAMIM','2015-08-30 21:04:22','2015-08-30 21:04:22'),
	(893,'FIRUSS BIN ISMAIL','2015-08-30 21:04:22','2015-08-30 21:04:22'),
	(894,'ERA GABUNG','2015-08-30 21:04:22','2015-08-30 21:04:22'),
	(895,'ROHANI BINTI MAT','2015-08-30 21:04:22','2015-08-30 21:04:22'),
	(896,'MOHD ROFI BIN IBRAHIM','2015-08-30 21:04:22','2015-08-30 21:04:22'),
	(897,'SS FLORET','2015-08-30 21:04:22','2015-08-30 21:04:22'),
	(898,'SOUTHERN SHIPPING','2015-08-30 21:04:22','2015-08-30 21:04:22'),
	(899,'EN MOHD ZIN','2015-08-30 21:04:22','2015-08-30 21:04:22'),
	(900,'MEOR NURUL IMRAN BIN MEOR ZAINUDDIN.','2015-08-30 21:04:22','2015-08-30 21:04:22'),
	(901,'MUTIARA AKTIF CONCRETE S/B.','2015-08-30 21:04:22','2015-08-30 21:04:22'),
	(902,'AUGUSTINE JAPI KON','2015-08-30 21:04:22','2015-08-30 21:04:22'),
	(903,'ABDUL RAHIM BIN KASIM','2015-08-30 21:04:22','2015-08-30 21:04:22'),
	(904,'SYED JA\'AFFAR BIN SYED MOHAMED','2015-08-30 21:04:22','2015-08-30 21:04:22'),
	(905,'ALI','2015-08-30 21:04:22','2015-08-30 21:04:22'),
	(906,'LITTAK','2015-08-30 21:04:22','2015-08-30 21:04:22'),
	(907,'REI MANAGEMENT S/B.','2015-08-30 21:04:22','2015-08-30 21:04:22'),
	(908,'SHOPPER\'S SHOP CO','2015-08-30 21:04:22','2015-08-30 21:04:22'),
	(909,'EN.MUSTAFA KAMAL','2015-08-30 21:04:22','2015-08-30 21:04:22'),
	(910,'SKY JAYA TRADING CO','2015-08-30 21:04:22','2015-08-30 21:04:22'),
	(911,'RANCHA-RANCHA IND. EST','2015-08-30 21:04:22','2015-08-30 21:04:22'),
	(912,'GHAZALI MISA','2015-08-30 21:04:22','2015-08-30 21:04:22'),
	(913,'TUDM LABUAN.','2015-08-30 21:04:22','2015-08-30 21:04:22'),
	(914,'LK MOHD KHUSAIRI.','2015-08-30 21:04:22','2015-08-30 21:04:22'),
	(915,'JOHN SOON','2015-08-30 21:04:22','2015-08-30 21:04:22'),
	(916,'HOSPITALITY RESOURCES','2015-08-30 21:04:22','2015-08-30 21:04:22'),
	(917,'ZAINAL BIN ABD RAHMAN.','2015-08-30 21:04:22','2015-08-30 21:04:22'),
	(918,'EN. ROSLAN BIN AHMAD','2015-08-30 21:04:22','2015-08-30 21:04:22'),
	(919,'MOHAMED JUSMEY BIN MUHAMAD NAZAM','2015-08-30 21:04:22','2015-08-30 21:04:22'),
	(920,'WINGO ELECTRIC ENGINEERING & IND SERVICES','2015-08-30 21:04:22','2015-08-30 21:04:22'),
	(921,'WILAYAH CAR AUDIO & ELECTRONIC SERVICES','2015-08-30 21:04:22','2015-08-30 21:04:22'),
	(922,'KO258, JALAN KUBONG','2015-08-30 21:04:22','2015-08-30 21:04:22'),
	(923,'MAZLAN B. MOHD DIN','2015-08-30 21:04:22','2015-08-30 21:04:22'),
	(924,'NORHASLINA BT SAID','2015-08-30 21:04:22','2015-08-30 21:04:22'),
	(925,'LT MUHAMMAD NAZMY BIN ZAINAL','2015-08-30 21:04:22','2015-08-30 21:04:22'),
	(926,'MR. SHARAEE BIN DIONG','2015-08-30 21:04:22','2015-08-30 21:04:22'),
	(927,'MOHAMAD SYUFRI BIN SHARAEE','2015-08-30 21:04:22','2015-08-30 21:04:22'),
	(928,'MOHAMAD ZARIFI BIN SHARAEE','2015-08-30 21:04:22','2015-08-30 21:04:22'),
	(929,'JAMSIAH BINTI ZULKIFLI','2015-08-30 21:04:22','2015-08-30 21:04:22'),
	(930,'MOHD IZAL BIN IDRIS','2015-08-30 21:04:22','2015-08-30 21:04:22'),
	(931,'KPL MOHS SABRI BIN YUNUS','2015-08-30 21:04:22','2015-08-30 21:04:22'),
	(932,'SJN AHMAD KHALIL BIN RAMLI','2015-08-30 21:04:22','2015-08-30 21:04:22'),
	(933,'JABATAN KERJA AIR LABUAN','2015-08-30 21:04:22','2015-08-30 21:04:22'),
	(934,'GHEEMASTERS S/B','2015-08-30 21:04:22','2015-08-30 21:04:22'),
	(935,'MR. POH CHUNG YANG','2015-08-30 21:04:22','2015-08-30 21:04:22'),
	(936,'MR. LEE HAU LING','2015-08-30 21:04:22','2015-08-30 21:04:22'),
	(937,'YUSOP MOHAMAD DAUD','2015-08-30 21:04:22','2015-08-30 21:04:22'),
	(938,'ADSA PETROWELL S/B','2015-08-30 21:04:22','2015-08-30 21:04:22'),
	(939,'EN. YAZID BIN MISSKAM','2015-08-30 21:04:22','2015-08-30 21:04:22'),
	(940,'KHAIRUL AZARI BIN NAHAR','2015-08-30 21:04:22','2015-08-30 21:04:22'),
	(941,'KL HII SHIPPING S/B','2015-08-30 21:04:22','2015-08-30 21:04:22'),
	(942,'BBR CONSTRUCTION SYSTEM (M) S/B','2015-08-30 21:04:22','2015-08-30 21:04:22'),
	(943,'WONG CHIK LIM ENT. S/B','2015-08-30 21:04:22','2015-08-30 21:04:22'),
	(944,'NICO CHONG','2015-08-30 21:04:22','2015-08-30 21:04:22'),
	(945,'MOHD FIRDAUSE ABDULLAH','2015-08-30 21:04:22','2015-08-30 21:04:22'),
	(946,'RAKYAT WIPER TRADING','2015-08-30 21:04:22','2015-08-30 21:04:22'),
	(947,'AZMI AMAT','2015-08-30 21:04:22','2015-08-30 21:04:22'),
	(948,'BAN SWEE HIN','2015-08-30 21:04:22','2015-08-30 21:04:22'),
	(949,'INTERFLO FREIGHT PDTE LTD.','2015-08-30 21:04:22','2015-08-30 21:04:22'),
	(950,'CLARIANT WAREHOUSE','2015-08-30 21:04:22','2015-08-30 21:04:22'),
	(951,'ENERSAFE SCAFFOLDING S/B','2015-08-30 21:04:22','2015-08-30 21:04:22'),
	(952,'SENG HIN BROTHERS ENT. S/B','2015-08-30 21:04:22','2015-08-30 21:04:22'),
	(953,'MAS IDAYU BINTI MOHAMED YUSUF','2015-08-30 21:04:22','2015-08-30 21:04:22'),
	(954,'RUSLAN ZAKARIA','2015-08-30 21:04:22','2015-08-30 21:04:22'),
	(955,'LLP DEVAN A/L V. SUBRAMINIAM','2015-08-30 21:04:22','2015-08-30 21:04:22'),
	(956,'LT KOL. ABD. MALIK BIN ZAKARIA','2015-08-30 21:04:22','2015-08-30 21:04:22'),
	(957,'NEE YICK ENTERPRISE','2015-08-30 21:04:22','2015-08-30 21:04:22'),
	(958,'DJ INSPECTION SERVICES (M) S/B','2015-08-30 21:04:22','2015-08-30 21:04:22'),
	(959,'IBRAHIM BIN TAMBI','2015-08-30 21:04:22','2015-08-30 21:04:22'),
	(960,'NEW CHIP GUAN ECONMART','2015-08-30 21:04:22','2015-08-30 21:04:22'),
	(961,'NG PING SIN','2015-08-30 21:04:22','2015-08-30 21:04:22'),
	(962,'TRENGGO MINERALS S/B','2015-08-30 21:04:22','2015-08-30 21:04:22'),
	(963,'WAWASAN FAJAR S/B','2015-08-30 21:04:22','2015-08-30 21:04:22'),
	(964,'LEONG KIEN WAI','2015-08-30 21:04:22','2015-08-30 21:04:22'),
	(965,'KAH LEN HARDWARE (S) S/B','2015-08-30 21:04:22','2015-08-30 21:04:22'),
	(966,'TIGATRANS S/B','2015-08-30 21:04:22','2015-08-30 21:04:22'),
	(967,'WAN NOR ANIZA BTE WAN HASSAN','2015-08-30 21:04:22','2015-08-30 21:04:22'),
	(968,'FINANCIAL PARK LABUAN COMPLEX','2015-08-30 21:04:22','2015-08-30 21:04:22'),
	(969,'BP SHIPCARE S/B','2015-08-30 21:04:22','2015-08-30 21:04:22'),
	(970,'B & H TRADING','2015-08-30 21:04:22','2015-08-30 21:04:22'),
	(971,'TEKNIK BERKAT','2015-08-30 21:04:22','2015-08-30 21:04:22'),
	(972,'JUNI AK LIMUAH','2015-08-30 21:04:22','2015-08-30 21:04:22'),
	(973,'CHE HASHIM BIN CHE NOI','2015-08-30 21:04:22','2015-08-30 21:04:22'),
	(974,'DAYANG AFSAH BT SAID','2015-08-30 21:04:22','2015-08-30 21:04:22'),
	(975,'AMPMECH CONTROLS S/B','2015-08-30 21:04:22','2015-08-30 21:04:22'),
	(976,'AL KESAH BIN MOHD ALI','2015-08-30 21:04:22','2015-08-30 21:04:22'),
	(977,'GRANT PRIDECO (SW) PTE LTD.','2015-08-30 21:04:22','2015-08-30 21:04:22'),
	(978,'SANTHA A/P P.SEERANGAN','2015-08-30 21:04:22','2015-08-30 21:04:22'),
	(979,'LUK MAZLAN BIN BAHARUDDIN','2015-08-30 21:04:22','2015-08-30 21:04:22'),
	(980,'SEA LANE SHIPPING S/B','2015-08-30 21:04:22','2015-08-30 21:04:22'),
	(981,'LABUAN SUPPLY BASE','2015-08-30 21:04:22','2015-08-30 21:04:22'),
	(982,'LLP MOCHTAR BIN BARAIM','2015-08-30 21:04:23','2015-08-30 21:04:23'),
	(983,'TANJUNG OFFSHORE S/B','2015-08-30 21:04:23','2015-08-30 21:04:23'),
	(984,'PERSATUAN KONG MERN SERN TAU YEN','2015-08-30 21:04:23','2015-08-30 21:04:23'),
	(985,'ABDUL RAHMAN BIN AHMAD','2015-08-30 21:04:23','2015-08-30 21:04:23'),
	(986,'DIALOG SYSTEM S/B','2015-08-30 21:04:23','2015-08-30 21:04:23'),
	(987,'KIONG GENERAL CONTRACTOR','2015-08-30 21:04:23','2015-08-30 21:04:23'),
	(988,'RAMUNIA FABRICATORS S/B','2015-08-30 21:04:23','2015-08-30 21:04:23'),
	(989,'NADI SUPPLY & SERVICES','2015-08-30 21:04:23','2015-08-30 21:04:23'),
	(990,'TELECOOL AIR-CON & ELECTRICAL ENGINEERING','2015-08-30 21:04:23','2015-08-30 21:04:23'),
	(991,'AMCORP LOGISTICS CENTRE','2015-08-30 21:04:23','2015-08-30 21:04:23'),
	(992,'NORMAH BT MOHD BALURI','2015-08-30 21:04:23','2015-08-30 21:04:23'),
	(993,'ANTHONY BIN BIUJIN','2015-08-30 21:04:23','2015-08-30 21:04:23'),
	(994,'MASTER FREIGHTERS (M) S/B','2015-08-30 21:04:23','2015-08-30 21:04:23'),
	(995,'MEJ MOHAMAD NAZIR BIN CHE','2015-08-30 21:04:23','2015-08-30 21:04:23'),
	(996,'LKI BDI AB LASI BIN BIDAWALI','2015-08-30 21:04:23','2015-08-30 21:04:23'),
	(997,'HASMILA OMAR','2015-08-30 21:04:23','2015-08-30 21:04:23'),
	(998,'LT. MOHD KHAIRUL ANUAR BIN SAAD','2015-08-30 21:04:23','2015-08-30 21:04:23'),
	(999,'AHMAD JAIS BIN HASIM','2015-08-30 21:04:23','2015-08-30 21:04:23'),
	(1000,'MUHAMMAD RIDZUAN LAU BIN ABDULLAH','2015-08-30 21:04:23','2015-08-30 21:04:23'),
	(1001,'HOTEL PULAU LABUAN','2015-08-30 21:04:23','2015-08-30 21:04:23'),
	(1002,'KIONG SING (M) S/B','2015-08-30 21:04:23','2015-08-30 21:04:23'),
	(1003,'LATIFAH BINTI MOHAMAD','2015-08-30 21:04:23','2015-08-30 21:04:23'),
	(1004,'PRJ HARDWARE S/B','2015-08-30 21:04:23','2015-08-30 21:04:23'),
	(1005,'JOHN CARRUTHERS','2015-08-30 21:04:23','2015-08-30 21:04:23'),
	(1006,'SUPRA JAYA CONSTRUCTION','2015-08-30 21:04:23','2015-08-30 21:04:23'),
	(1007,'MR. AKSHAY SAGAR','2015-08-30 21:04:23','2015-08-30 21:04:23'),
	(1008,'MAM-ASL LOGISTIK S/B','2015-08-30 21:04:23','2015-08-30 21:04:23'),
	(1009,'AME MARINE SERVICES S/B','2015-08-30 21:04:23','2015-08-30 21:04:23'),
	(1010,'COURT LIGHT INDUSTRIAL PARK','2015-08-30 21:04:23','2015-08-30 21:04:23'),
	(1011,'JUTA BUMI KAPITAL S/B','2015-08-30 21:04:23','2015-08-30 21:04:23'),
	(1012,'ELITE SERVICES.','2015-08-30 21:04:23','2015-08-30 21:04:23'),
	(1013,'JURUTERA SRI EMAS','2015-08-30 21:04:23','2015-08-30 21:04:23'),
	(1014,'MR. LEE CHIN SIN','2015-08-30 21:04:23','2015-08-30 21:04:23'),
	(1015,'UTAMA JAYA SUPERSTORE','2015-08-30 21:04:23','2015-08-30 21:04:23'),
	(1016,'NATSELANE SERVICES','2015-08-30 21:04:23','2015-08-30 21:04:23'),
	(1017,'NESIS CORPORATION S/B','2015-08-30 21:04:23','2015-08-30 21:04:23'),
	(1018,'MEGAFIT ELECTRIC S/B','2015-08-30 21:04:23','2015-08-30 21:04:23'),
	(1019,'INDAH WATER KONSORTIUM S/B','2015-08-30 21:04:23','2015-08-30 21:04:23'),
	(1020,'WINNIE ANAK JOSEPH ANGKIS','2015-08-30 21:04:23','2015-08-30 21:04:23'),
	(1021,'OILFIELD SERVICES (M) S/B','2015-08-30 21:04:23','2015-08-30 21:04:23'),
	(1022,'SHELL OIL & GAS MALAYSIA','2015-08-30 21:04:23','2015-08-30 21:04:23'),
	(1023,'LABUAN MARINE CENTRE S/B','2015-08-30 21:04:23','2015-08-30 21:04:23'),
	(1024,'PALUCKY S/B','2015-08-30 21:04:23','2015-08-30 21:04:23'),
	(1025,'BANTU MAJU S/B','2015-08-30 21:04:23','2015-08-30 21:04:23'),
	(1026,'SYARIKAT PETROLEUM','2015-08-30 21:04:23','2015-08-30 21:04:23'),
	(1027,'PERMATA SARI SERVICES S/B','2015-08-30 21:04:23','2015-08-30 21:04:23'),
	(1028,'LEMBAGA PERTUBUHAN PELADANG','2015-08-30 21:04:23','2015-08-30 21:04:23'),
	(1029,'LLP LAMIK A/K SAWANG','2015-08-30 21:04:23','2015-08-30 21:04:23'),
	(1030,'SSJN MOHAMAD ZULKAFLEE BIN WAHAB ','2015-08-30 21:04:23','2015-08-30 21:04:23'),
	(1031,'LLP WAN SULAIMAN BIN OMAR','2015-08-30 21:04:23','2015-08-30 21:04:23'),
	(1032,'LKPL KHAIRULNIZAM BIN HUSIN','2015-08-30 21:04:23','2015-08-30 21:04:23'),
	(1033,'MARSHITA BTE SADIN','2015-08-30 21:04:23','2015-08-30 21:04:23'),
	(1034,'NAZRI BIN ABU NAWAR','2015-08-30 21:04:23','2015-08-30 21:04:23'),
	(1035,'LK PPP ZULKIFLEE BIN AWANG KECHIK','2015-08-30 21:04:23','2015-08-30 21:04:23'),
	(1036,'WYH TRADING S/B','2015-08-30 21:04:23','2015-08-30 21:04:23'),
	(1037,'MDM SITI NURHAZIRA BINTI CHE TAHRIM','2015-08-30 21:04:23','2015-08-30 21:04:23'),
	(1038,'TL OFFSHORE S/B','2015-08-30 21:04:23','2015-08-30 21:04:23'),
	(1039,'SDV TRANSPORT (M) S/B','2015-08-30 21:04:23','2015-08-30 21:04:23'),
	(1040,'NETMASK TELECOMPUTER SDN BHD','2015-08-30 21:04:23','2015-08-30 21:04:23'),
	(1041,'L & R YARD','2015-08-30 21:04:23','2015-08-30 21:04:23'),
	(1042,'CLISTA BINTI SINTIAN','2015-08-30 21:04:23','2015-08-30 21:04:23'),
	(1043,'ANJUNG MANTAP SHIPPING & LOGISTICS S/B','2015-08-30 21:04:23','2015-08-30 21:04:23'),
	(1044,'AZMAN BIN AMAT','2015-08-30 21:04:23','2015-08-30 21:04:23'),
	(1045,'HASLINDA BINTI ABDUL JAMIL','2015-08-30 21:04:23','2015-08-30 21:04:23'),
	(1046,'MR. CHIN KOK LEONG ONG','2015-08-30 21:04:23','2015-08-30 21:04:23'),
	(1047,'E C TEAM ENTERPRISE','2015-08-30 21:04:23','2015-08-30 21:04:23'),
	(1048,'PELITA INSAN S/B','2015-08-30 21:04:23','2015-08-30 21:04:23'),
	(1049,'PACIFIC RISE LIMITED','2015-08-30 21:04:23','2015-08-30 21:04:23'),
	(1050,'MR. TAN SENG CHAI','2015-08-30 21:04:23','2015-08-30 21:04:23'),
	(1051,'TUKANG EMAS SHUN YICK','2015-08-30 21:04:23','2015-08-30 21:04:23'),
	(1052,'BAN SENG CHEONG','2015-08-30 21:04:23','2015-08-30 21:04:23'),
	(1053,'PROLINE ENTERPRISE','2015-08-30 21:04:23','2015-08-30 21:04:23'),
	(1054,'WAWASAN TAMBAMAJU S/B','2015-08-30 21:04:23','2015-08-30 21:04:23'),
	(1055,'LITAK KEJURUTERAAN S/B','2015-08-30 21:04:23','2015-08-30 21:04:23'),
	(1056,'MR. CHIN FUNG CHIO','2015-08-30 21:04:23','2015-08-30 21:04:23'),
	(1057,'DELTA PUMPS CORPORATION S/B','2015-08-30 21:04:23','2015-08-30 21:04:23'),
	(1058,'SOON XIANG ENTERPRISE','2015-08-30 21:04:23','2015-08-30 21:04:23'),
	(1059,'GLOW ENTERPRISE','2015-08-30 21:04:23','2015-08-30 21:04:23'),
	(1060,'J2M ENGINEERING S/B','2015-08-30 21:04:23','2015-08-30 21:04:23'),
	(1061,'PSC-NAVAL DOCKYARD S/B','2015-08-30 21:04:23','2015-08-30 21:04:23'),
	(1062,'PERMAI DAMAI (M) S/B','2015-08-30 21:04:23','2015-08-30 21:04:23'),
	(1063,'ROMILLY (M) S/B','2015-08-30 21:04:23','2015-08-30 21:04:23'),
	(1064,'OMS OILFIELD SERVICES (M) S/B','2015-08-30 21:04:23','2015-08-30 21:04:23'),
	(1065,'GADONG KIMIA S/B','2015-08-30 21:04:23','2015-08-30 21:04:23'),
	(1066,'CONCRETE CORNER S/B','2015-08-30 21:04:23','2015-08-30 21:04:23'),
	(1067,'OLIO RESOURCES S/B','2015-08-30 21:04:23','2015-08-30 21:04:23'),
	(1068,'HONG FANG SANG BA SIAN MIAO','2015-08-30 21:04:23','2015-08-30 21:04:23'),
	(1069,'FITTERS (S) S/B','2015-08-30 21:04:23','2015-08-30 21:04:23'),
	(1070,'SAN Y SAN HOLDINGS S/B','2015-08-30 21:04:23','2015-08-30 21:04:23'),
	(1071,'MASTER OF OWNER OF LEWEK SWIFT','2015-08-30 21:04:23','2015-08-30 21:04:23'),
	(1072,'APPORAO API WATAN (M) S/B','2015-08-30 21:04:23','2015-08-30 21:04:23'),
	(1073,'TAN VUI CHIANG','2015-08-30 21:04:23','2015-08-30 21:04:23'),
	(1074,'KOO HEN GIAP','2015-08-30 21:04:23','2015-08-30 21:04:23'),
	(1075,'MEJAR JAFRI BIN SUBOH','2015-08-30 21:04:23','2015-08-30 21:04:23'),
	(1076,'AWANGKU KHAIRUL BIN AWANG JAHIR','2015-08-30 21:04:23','2015-08-30 21:04:23'),
	(1077,'JEFTINUS BIN UTIM','2015-08-30 21:04:23','2015-08-30 21:04:23'),
	(1078,'MEJAR MOHAMAD JAFRI BIN SUBOH','2015-08-30 21:04:23','2015-08-30 21:04:23'),
	(1079,'EN. PABILA BIN KARIM','2015-08-30 21:04:23','2015-08-30 21:04:23'),
	(1080,'THE ROYAL BANK OF SCOTLAND PLC','2015-08-30 21:04:23','2015-08-30 21:04:23'),
	(1081,'KEE HEI CHING','2015-08-30 21:04:23','2015-08-30 21:04:23'),
	(1082,'WIRA PACIFIC SERVICES S/B','2015-08-30 21:04:23','2015-08-30 21:04:23'),
	(1083,'RAHAYU HUSIN','2015-08-30 21:04:23','2015-08-30 21:04:23'),
	(1084,'FULLGATE NETWORK (M) S/B','2015-08-30 21:04:23','2015-08-30 21:04:23'),
	(1085,'TAN CHOON ANN','2015-08-30 21:04:23','2015-08-30 21:04:23'),
	(1086,'MITCO S/B','2015-08-30 21:04:23','2015-08-30 21:04:23'),
	(1087,'DATO VINCENT LEONG','2015-08-30 21:04:23','2015-08-30 21:04:23'),
	(1088,'NOVE DEEP ENTERPRISE','2015-08-30 21:04:23','2015-08-30 21:04:23'),
	(1089,'MR. AYODELE SANWOOLU','2015-08-30 21:04:23','2015-08-30 21:04:23'),
	(1090,'NIPPON EXPRESS (M) S/B','2015-08-30 21:04:23','2015-08-30 21:04:23'),
	(1091,'LUBIS BIN HJ. ABD. GHANI','2015-08-30 21:04:23','2015-08-30 21:04:23'),
	(1092,'PUNJAU ANAK SEPOI','2015-08-30 21:04:23','2015-08-30 21:04:23'),
	(1093,'HAMZAH BIN IBRAHIM','2015-08-30 21:04:23','2015-08-30 21:04:23'),
	(1094,'NCE CONSTRUCTION','2015-08-30 21:04:23','2015-08-30 21:04:23'),
	(1095,'POWERPOINT ELECTRICAL S/B','2015-08-30 21:04:23','2015-08-30 21:04:23'),
	(1096,'BAKA JAYA ENTERPRISE','2015-08-30 21:04:23','2015-08-30 21:04:23'),
	(1097,'SERI WANGSA BIN HAMID','2015-08-30 21:04:23','2015-08-30 21:04:23'),
	(1098,'LEYDEN TRANSPORTATION SERVICES','2015-08-30 21:04:23','2015-08-30 21:04:23'),
	(1099,'GP OCEAN FOOD S/B','2015-08-30 21:04:23','2015-08-30 21:04:23'),
	(1100,'CHIN KOK LEONG','2015-08-30 21:04:23','2015-08-30 21:04:23'),
	(1101,'IDRIS BIN HJ ABD GHANI','2015-08-30 21:04:23','2015-08-30 21:04:23'),
	(1102,'MASTER OF IOS JAGUAR','2015-08-30 21:04:23','2015-08-30 21:04:23'),
	(1103,'LK 1 KMR MOHD HAIZOL BIN AHMAD','2015-08-30 21:04:23','2015-08-30 21:04:23'),
	(1104,'DR. MEER AHAMAD','2015-08-30 21:04:23','2015-08-30 21:04:23'),
	(1105,'ANDAY AK BANTA','2015-08-30 21:04:23','2015-08-30 21:04:23'),
	(1106,'S/SJN GEKKO A/K BIRONG','2015-08-30 21:04:23','2015-08-30 21:04:23'),
	(1107,'SEAH KIAT HENG','2015-08-30 21:04:23','2015-08-30 21:04:23'),
	(1108,'WHY TRADING S/B','2015-08-30 21:04:23','2015-08-30 21:04:23'),
	(1109,'AMSERVE ENGINEERING S/B','2015-08-30 21:04:23','2015-08-30 21:04:23'),
	(1110,'PBT ZAINUDDIN BIN BIDIN','2015-08-30 21:04:23','2015-08-30 21:04:23'),
	(1111,'ZULFAKAR NOORHAN BIN ABDUL KARIM','2015-08-30 21:04:23','2015-08-30 21:04:23'),
	(1112,'LABUAN MARINA CENTRE','2015-08-30 21:04:23','2015-08-30 21:04:23'),
	(1113,'TANAYAKIN S/B','2015-08-30 21:04:23','2015-08-30 21:04:23'),
	(1114,'CHOICE RESTAURANT','2015-08-30 21:04:23','2015-08-30 21:04:23'),
	(1115,'PBJV S/B','2015-08-30 21:04:23','2015-08-30 21:04:23'),
	(1116,'KNC METAL WORKS','2015-08-30 21:04:23','2015-08-30 21:04:23'),
	(1117,'LB INDUSTRIAL GASES S/B','2015-08-30 21:04:23','2015-08-30 21:04:23'),
	(1118,'NORNAJWATULLAILA BINTI ALIAS','2015-08-30 21:04:23','2015-08-30 21:04:23'),
	(1119,'JAYA ELECTRICAL SERVICES','2015-08-30 21:04:23','2015-08-30 21:04:23'),
	(1120,'MERIT COMPOSITES S/B','2015-08-30 21:04:23','2015-08-30 21:04:23'),
	(1121,'MOHD HARIZAL BIN ABU HAMAD','2015-08-30 21:04:23','2015-08-30 21:04:23'),
	(1122,'SRI TIMUR ENTERPRISE','2015-08-30 21:04:23','2015-08-30 21:04:23'),
	(1123,'NORHAYATI BINTI MAMAT','2015-08-30 21:04:23','2015-08-30 21:04:23'),
	(1124,'HIGH RISE ENTERPRISE','2015-08-30 21:04:23','2015-08-30 21:04:23'),
	(1125,'PJ SUPPLY & ENGINEERING SERVICES','2015-08-30 21:04:23','2015-08-30 21:04:23'),
	(1126,'ENCIK HORACE YSREAL','2015-08-30 21:04:23','2015-08-30 21:04:23'),
	(1127,'INDAH HARAPAN S/B','2015-08-30 21:04:23','2015-08-30 21:04:23'),
	(1128,'INDUK HARAPAN S/B','2015-08-30 21:04:23','2015-08-30 21:04:23'),
	(1129,'SUBASSATHYASEELAN A/L MANI','2015-08-30 21:04:23','2015-08-30 21:04:23'),
	(1130,'KPL 719272 MOHAMAD SHARIF BIN DIN','2015-08-30 21:04:23','2015-08-30 21:04:23'),
	(1131,'ZAMRI BIN MD YATIM','2015-08-30 21:04:23','2015-08-30 21:04:23'),
	(1132,'SARASWATHI GOLDEN','2015-08-30 21:04:23','2015-08-30 21:04:23'),
	(1133,'DU PONT (M) S/B','2015-08-30 21:04:23','2015-08-30 21:04:23'),
	(1134,'SHELL MALAYSIA TRADING S/B','2015-08-30 21:04:23','2015-08-30 21:04:23'),
	(1135,'INAI KIARA S/B','2015-08-30 21:04:23','2015-08-30 21:04:23'),
	(1136,'IAN MARTIN AUGUSTIN','2015-08-30 21:04:23','2015-08-30 21:04:23'),
	(1137,'HARBOUR AGENCIES (SARAWAK) S/B','2015-08-30 21:04:23','2015-08-30 21:04:23'),
	(1138,'HII TAI PEI','2015-08-30 21:04:23','2015-08-30 21:04:23'),
	(1139,'KASE LINES (M) S/B','2015-08-30 21:04:23','2015-08-30 21:04:23'),
	(1140,'MR. MIKE CURTIS','2015-08-30 21:04:23','2015-08-30 21:04:23'),
	(1141,'GARUSIN AK TANDANG','2015-08-30 21:04:23','2015-08-30 21:04:23'),
	(1142,'VOON KUEK LEONG','2015-08-30 21:04:23','2015-08-30 21:04:23'),
	(1143,'MASTER/OWNER OF LEWEK SWIFT','2015-08-30 21:04:23','2015-08-30 21:04:23'),
	(1144,'MASTER JOHAN BRIGHT','2015-08-30 21:04:23','2015-08-30 21:04:23'),
	(1145,'CASCATA S/B','2015-08-30 21:04:23','2015-08-30 21:04:23'),
	(1146,'822872 ZAIDI BIN MUSTAPHA','2015-08-30 21:04:23','2015-08-30 21:04:23'),
	(1147,'GOLDEN FOR TRADE LAND CORPORATION','2015-08-30 21:04:23','2015-08-30 21:04:23'),
	(1148,'SING LIAP GENERAL CONTRACTOR','2015-08-30 21:04:23','2015-08-30 21:04:23'),
	(1149,'DATUMI S/B','2015-08-30 21:04:23','2015-08-30 21:04:23'),
	(1150,'STEEL MILLS S/B','2015-08-30 21:04:23','2015-08-30 21:04:23'),
	(1151,'TENTERA UDARA DI RAJA MALAYSIA','2015-08-30 21:04:23','2015-08-30 21:04:23'),
	(1152,'JUST RAISE S/B','2015-08-30 21:04:23','2015-08-30 21:04:23'),
	(1153,'717745 PSJN (U) HAMZAH BIN HARUN','2015-08-30 21:04:23','2015-08-30 21:04:23'),
	(1154,'CHAI TZE KHEE','2015-08-30 21:04:23','2015-08-30 21:04:23'),
	(1155,'SYARIKAT JAYA LIMA','2015-08-30 21:04:23','2015-08-30 21:04:23'),
	(1156,'DC NIAGA CONTRACTOR ENTERPRISE','2015-08-30 21:04:23','2015-08-30 21:04:23'),
	(1157,'TANJUNG MAINTENANCE SERVICES S/B','2015-08-30 21:04:23','2015-08-30 21:04:23'),
	(1158,'MR. LAWSON SIM J.H.','2015-08-30 21:04:23','2015-08-30 21:04:23'),
	(1159,'SYARIKAT HOI PENG','2015-08-30 21:04:23','2015-08-30 21:04:23'),
	(1160,'ANTARA STEEL MILLS S/B','2015-08-30 21:04:23','2015-08-30 21:04:23'),
	(1161,'IKLIMEGA S/B','2015-08-30 21:04:23','2015-08-30 21:04:23'),
	(1162,'ASIA TRADER','2015-08-30 21:04:23','2015-08-30 21:04:23'),
	(1163,'SANDAKAN TAILOR','2015-08-30 21:04:23','2015-08-30 21:04:23'),
	(1164,'SUN MINI MART','2015-08-30 21:04:23','2015-08-30 21:04:23'),
	(1165,'SPORTMART S/B','2015-08-30 21:04:23','2015-08-30 21:04:23'),
	(1166,'MEGNIC TRADING','2015-08-30 21:04:23','2015-08-30 21:04:23'),
	(1167,'TIARA LABUAN HOTEL','2015-08-30 21:04:23','2015-08-30 21:04:23'),
	(1168,'MOHD OSMAN BIN A KARIM','2015-08-30 21:04:23','2015-08-30 21:04:23'),
	(1169,'HUDJAFA AGENCY','2015-08-30 21:04:23','2015-08-30 21:04:23'),
	(1170,'PHOENIX SERIES (M) S/B','2015-08-30 21:04:23','2015-08-30 21:04:23'),
	(1171,'MASTER ONBOARD M.V HINES TIDE','2015-08-30 21:04:23','2015-08-30 21:04:23'),
	(1172,'KAFAF MULTI SERVICES','2015-08-30 21:04:23','2015-08-30 21:04:23'),
	(1173,'CABIN & CONTAINER TRADING CO.','2015-08-30 21:04:23','2015-08-30 21:04:23'),
	(1174,'KITARAN MAJU SDN BHD','2015-08-30 21:04:23','2015-08-30 21:04:23'),
	(1175,'NURIN BINTI TAJURIN','2015-08-30 21:04:23','2015-08-30 21:04:23'),
	(1176,'MISHAD BIN SARUJI','2015-08-30 21:04:23','2015-08-30 21:04:23'),
	(1177,'SITI MASTURE BT JAAFAR','2015-08-30 21:04:23','2015-08-30 21:04:23'),
	(1178,'FUJI XEROX ASIA LOGISTICS (M) S/B','2015-08-30 21:04:23','2015-08-30 21:04:23'),
	(1179,'RYODEN (M) S/B','2015-08-30 21:04:23','2015-08-30 21:04:23'),
	(1180,'ABDUL RAZAK JAAFAR','2015-08-30 21:04:23','2015-08-30 21:04:23'),
	(1181,'825413 GOLDY @ GREGORY JOSSY','2015-08-30 21:04:23','2015-08-30 21:04:23'),
	(1182,'HUP FATT CAR & PORTACABIN','2015-08-30 21:04:23','2015-08-30 21:04:23'),
	(1183,'LK TLS ISMAIL BIN MOHAMMAD','2015-08-30 21:04:23','2015-08-30 21:04:23'),
	(1184,'LK TLR MANSOR BIN JOHARI','2015-08-30 21:04:23','2015-08-30 21:04:23'),
	(1185,'LK TMK NOR AZLAN BIN AHMAD','2015-08-30 21:04:23','2015-08-30 21:04:23'),
	(1186,'LK TLR ABDULLAH BIN JUSOH','2015-08-30 21:04:23','2015-08-30 21:04:23'),
	(1187,'LT DYA ROZI BIN JAAFAR','2015-08-30 21:04:23','2015-08-30 21:04:23'),
	(1188,'EON AUTO MART S/B','2015-08-30 21:04:23','2015-08-30 21:04:23'),
	(1189,'SOBENA OFFSHORE INC. S/B','2015-08-30 21:04:23','2015-08-30 21:04:23'),
	(1190,'ANDREW B. GRANT','2015-08-30 21:04:23','2015-08-30 21:04:23'),
	(1191,'KUDRAT MARITIME (S) S/B','2015-08-30 21:04:23','2015-08-30 21:04:23'),
	(1192,'SKYGLOBAL HOTEL','2015-08-30 21:04:23','2015-08-30 21:04:23'),
	(1193,'J.W MELATI S/B','2015-08-30 21:04:23','2015-08-30 21:04:23'),
	(1194,'KEDAI PERNAMA','2015-08-30 21:04:23','2015-08-30 21:04:23'),
	(1195,'JABATAN PENGAIRAN DAN SALIRAN','2015-08-30 21:04:23','2015-08-30 21:04:23'),
	(1196,'EN. MOHD NAZUAN BIN NORDIN','2015-08-30 21:04:23','2015-08-30 21:04:23'),
	(1197,'D\'AQUARIAN SERVICES (M) S/B','2015-08-30 21:04:23','2015-08-30 21:04:23'),
	(1198,'AIR SECURE EXPRESS SERVICE','2015-08-30 21:04:23','2015-08-30 21:04:23'),
	(1199,'JOBERT ENTERPRISE','2015-08-30 21:04:23','2015-08-30 21:04:23'),
	(1200,'TITI EMBUN (M) S/B','2015-08-30 21:04:23','2015-08-30 21:04:23'),
	(1201,'ETG MALAYSIA','2015-08-30 21:04:23','2015-08-30 21:04:23'),
	(1202,'BESMINDO KEMAMAN SEMESTA S/B','2015-08-30 21:04:23','2015-08-30 21:04:23'),
	(1203,'ANDAMAN SEA FOODS','2015-08-30 21:04:23','2015-08-30 21:04:23'),
	(1204,'RASAH JAYA ELECTRIC SERVICES','2015-08-30 21:04:23','2015-08-30 21:04:23'),
	(1205,'PLATFORM (M) S/B','2015-08-30 21:04:23','2015-08-30 21:04:23'),
	(1206,'CENTRAL LUCONIA REJUVENATION PROJECT.','2015-08-30 21:04:23','2015-08-30 21:04:23'),
	(1207,'SUBALIPACK (M) S/B','2015-08-30 21:04:23','2015-08-30 21:04:23'),
	(1208,'MOHD RIZA BIN SAMAWI','2015-08-30 21:04:23','2015-08-30 21:04:23'),
	(1209,'IRONFIELD ENEGINEERING S/B','2015-08-30 21:04:23','2015-08-30 21:04:23'),
	(1210,'NOKICOM ENTERPRISE','2015-08-30 21:04:23','2015-08-30 21:04:23'),
	(1211,'IDEAL CONCEPTS ENTERPRISE','2015-08-30 21:04:23','2015-08-30 21:04:23'),
	(1212,'ALI ANAK AJAI','2015-08-30 21:04:23','2015-08-30 21:04:23'),
	(1213,'LT. MOHD ISA BIN AB RAHMAN','2015-08-30 21:04:23','2015-08-30 21:04:23'),
	(1214,'AHMAD SHAHIR BIN HAJI ABD MALEK','2015-08-30 21:04:23','2015-08-30 21:04:23'),
	(1215,'POLYOLEFINS PIPE (B) SDN BHD','2015-08-30 21:04:23','2015-08-30 21:04:23'),
	(1216,'JKS INDUSTRIES (M) S/B','2015-08-30 21:04:23','2015-08-30 21:04:23'),
	(1217,'KAPT. BAHARUDDIN B. A. GAPAR','2015-08-30 21:04:23','2015-08-30 21:04:23'),
	(1218,'NOOR AINI BTE MOHD RAZISNO','2015-08-30 21:04:23','2015-08-30 21:04:23'),
	(1219,'MASTER MEGAH JAYA DUA','2015-08-30 21:04:23','2015-08-30 21:04:23'),
	(1220,'LEE SUPPLIER','2015-08-30 21:04:23','2015-08-30 21:04:23'),
	(1221,'PICOTEC S/B','2015-08-30 21:04:23','2015-08-30 21:04:23'),
	(1222,'POWERWELL OILFIELD SERVICES (M) S/B','2015-08-30 21:04:23','2015-08-30 21:04:23'),
	(1223,'GLOBAL UPLINE S/B','2015-08-30 21:04:23','2015-08-30 21:04:23'),
	(1224,'BOLEH JAYA TRADING LABUAN','2015-08-30 21:04:23','2015-08-30 21:04:23'),
	(1225,'MOHD HAFISZUDIN BIN ARIPIN','2015-08-30 21:04:23','2015-08-30 21:04:23'),
	(1226,'LABUAN TEXTILE','2015-08-30 21:04:23','2015-08-30 21:04:23'),
	(1227,'MAIMON BTE AWANG','2015-08-30 21:04:23','2015-08-30 21:04:23'),
	(1228,'MEGA SPORTS','2015-08-30 21:04:23','2015-08-30 21:04:23'),
	(1229,'TALIAN MEGA S/B','2015-08-30 21:04:23','2015-08-30 21:04:23'),
	(1230,'RICMAS BORNEO S/B','2015-08-30 21:04:23','2015-08-30 21:04:23'),
	(1231,'PH SHAKRIAH BT ISHAK','2015-08-30 21:04:23','2015-08-30 21:04:23'),
	(1232,'PSA ENTERPRISE SDN BHD','2015-08-30 21:04:23','2015-08-30 21:04:23'),
	(1233,'WINTAN SDN BHD','2015-08-30 21:04:23','2015-08-30 21:04:23'),
	(1234,'SIM HUI LAN','2015-08-30 21:04:23','2015-08-30 21:04:23'),
	(1235,'MOHD ANIZAM BIN SARING','2015-08-30 21:04:23','2015-08-30 21:04:23'),
	(1236,'LAILATI BT MAMAT','2015-08-30 21:04:23','2015-08-30 21:04:23'),
	(1237,'ABDUL HADI B. NADIAN','2015-08-30 21:04:23','2015-08-30 21:04:23'),
	(1238,'AHMAD ROMM BIN YUSOFF','2015-08-30 21:04:23','2015-08-30 21:04:23'),
	(1239,'MARINER HOTEL LABUAN','2015-08-30 21:04:23','2015-08-30 21:04:23'),
	(1240,'PERODUA SALES SDN BHD','2015-08-30 21:04:23','2015-08-30 21:04:23'),
	(1241,'CITRA MAHIR S/B','2015-08-30 21:04:23','2015-08-30 21:04:23'),
	(1242,'HIJRAH INDAH (M) S/B','2015-08-30 21:04:23','2015-08-30 21:04:23'),
	(1243,'IZALAN BIN ISMAIL','2015-08-30 21:04:23','2015-08-30 21:04:23'),
	(1244,'ELECTELCON TECHNOLOGY S/B','2015-08-30 21:04:23','2015-08-30 21:04:23'),
	(1245,'MASKARGO OFFICE','2015-08-30 21:04:23','2015-08-30 21:04:23'),
	(1246,'BERKAT SHIPPING & FORWARDING','2015-08-30 21:04:23','2015-08-30 21:04:23'),
	(1247,'KAJARA MOVERS S/B','2015-08-30 21:04:23','2015-08-30 21:04:23'),
	(1248,'ING KWANG ELECTRONICS CENTRE','2015-08-30 21:04:23','2015-08-30 21:04:23'),
	(1249,'HUAN HUAT TRADING CO. (L)','2015-08-30 21:04:23','2015-08-30 21:04:23'),
	(1250,'JABATAN BEKALAN AIR','2015-08-30 21:04:23','2015-08-30 21:04:23'),
	(1251,'LCG IMP & EXP','2015-08-30 21:04:23','2015-08-30 21:04:23'),
	(1252,'HYS LOGESTICS S/B','2015-08-30 21:04:23','2015-08-30 21:04:23'),
	(1253,'PRIMEBIZ CORPORATION S/B','2015-08-30 21:04:23','2015-08-30 21:04:23'),
	(1254,'WONG KIM PING','2015-08-30 21:04:23','2015-08-30 21:04:23'),
	(1255,'DAVID MICHAEL ALEXANDER','2015-08-30 21:04:23','2015-08-30 21:04:23'),
	(1256,'LATIPAH BINTI IBRAHIM','2015-08-30 21:04:23','2015-08-30 21:04:23'),
	(1257,'817481 LK PPP MOHD RAHMAT BIN ABD RAHMAN','2015-08-30 21:04:23','2015-08-30 21:04:23'),
	(1258,'MUHAMMAD ZAINI BIN MAHMUD','2015-08-30 21:04:23','2015-08-30 21:04:23'),
	(1259,'MOHD RIZAL BIN MOHD RAJAB','2015-08-30 21:04:23','2015-08-30 21:04:23'),
	(1260,'ZAIDI BIN ALI','2015-08-30 21:04:23','2015-08-30 21:04:23'),
	(1261,'827263 GEORGE LANGKAN ANAK LASUM','2015-08-30 21:04:23','2015-08-30 21:04:23'),
	(1262,'ZAHURA BINTI OTHMAN','2015-08-30 21:04:23','2015-08-30 21:04:23'),
	(1263,'AHMAD SHABUDIN BIN ABD RAHMAN','2015-08-30 21:04:23','2015-08-30 21:04:23'),
	(1264,'BESJATI S/B','2015-08-30 21:04:23','2015-08-30 21:04:23'),
	(1265,'MOHMAD ARIF BIN HUSIN','2015-08-30 21:04:23','2015-08-30 21:04:23'),
	(1266,'SITI NOORZAINAH BT SAHAT','2015-08-30 21:04:23','2015-08-30 21:04:23'),
	(1267,'TUAN SAMSUDIN BIN  TUAN SULAIMAN','2015-08-30 21:04:23','2015-08-30 21:04:23'),
	(1268,'AZNI BIN AZADDIN','2015-08-30 21:04:23','2015-08-30 21:04:23'),
	(1269,'PUAN MAZHARIAH BINTI MANSOR','2015-08-30 21:04:23','2015-08-30 21:04:23'),
	(1270,'CHE KU MOHD AL FAHIMI BIN CHE KU MAT SALLEH','2015-08-30 21:04:23','2015-08-30 21:04:23'),
	(1271,'GUPI BIN SAILABBI','2015-08-30 21:04:23','2015-08-30 21:04:23'),
	(1272,'ADB AZIZ BIN ABD RASHID','2015-08-30 21:04:23','2015-08-30 21:04:23'),
	(1273,'HASNAN BIN ABIDIN','2015-08-30 21:04:23','2015-08-30 21:04:23'),
	(1274,'ABDUL KARIM BIN BUJAL','2015-08-30 21:04:23','2015-08-30 21:04:23'),
	(1275,'ROSMIN BIN RAMLI','2015-08-30 21:04:23','2015-08-30 21:04:23'),
	(1276,'AHMAD NASIR BIN AWANG','2015-08-30 21:04:23','2015-08-30 21:04:23'),
	(1277,'MAZLAN BIN MUHAMMAD','2015-08-30 21:04:23','2015-08-30 21:04:23'),
	(1278,'STRIVE FORCE S/B','2015-08-30 21:04:23','2015-08-30 21:04:23'),
	(1279,'SIN MATU S/B','2015-08-30 21:04:23','2015-08-30 21:04:23'),
	(1280,'LABUAN AIR CONDITIONERS & REFRIGERATION SERVICES S/B','2015-08-30 21:04:23','2015-08-30 21:04:23'),
	(1281,'GLIMAX CORPORATION S/B','2015-08-30 21:04:23','2015-08-30 21:04:23'),
	(1282,'INFOLADA ENGINEERING S/B','2015-08-30 21:04:23','2015-08-30 21:04:23'),
	(1283,'HUD FAJAR ENTERPRISE','2015-08-30 21:04:23','2015-08-30 21:04:23'),
	(1284,'DESB LABUAN WAREHOUSE','2015-08-30 21:04:23','2015-08-30 21:04:23'),
	(1285,'MOTORSHIP COMPANY S/B','2015-08-30 21:04:23','2015-08-30 21:04:23'),
	(1286,'KINETIC CHEMICALS (M) SDN BHD','2015-08-30 21:04:23','2015-08-30 21:04:23'),
	(1287,'SHAMSIAH BINTI AMBO','2015-08-30 21:04:23','2015-08-30 21:04:23'),
	(1288,'MOHD SHARUDDIN BIN MD. AMIN','2015-08-30 21:04:23','2015-08-30 21:04:23'),
	(1289,'TRANSOCEAN SERVICES (L)','2015-08-30 21:04:23','2015-08-30 21:04:23'),
	(1290,'KURVERS PIPING (M) S/B','2015-08-30 21:04:23','2015-08-30 21:04:23'),
	(1291,'TIBARAT S/B','2015-08-30 21:04:23','2015-08-30 21:04:23'),
	(1292,'MOHD YUSOFF BIN SULONG','2015-08-30 21:04:23','2015-08-30 21:04:23'),
	(1293,'MOHD ARIF BIN HUSIN','2015-08-30 21:04:23','2015-08-30 21:04:23'),
	(1294,'823160 NORLIZAN BIN MANSOR','2015-08-30 21:04:23','2015-08-30 21:04:23'),
	(1295,'SAHARUDDIN BIN SALLEH','2015-08-30 21:04:23','2015-08-30 21:04:23'),
	(1296,'SCOMI TRANSPORTATIONS SOLUTION SDN BHD','2015-08-30 21:04:23','2015-08-30 21:04:23'),
	(1297,'MOHD TASRIF BIN WAHAB','2015-08-30 21:04:23','2015-08-30 21:04:23'),
	(1298,'LLP YUNUS BIN ABU BAKAR','2015-08-30 21:04:23','2015-08-30 21:04:23'),
	(1299,'CHRISTIA ANAK GOIN','2015-08-30 21:04:23','2015-08-30 21:04:23'),
	(1300,'SEVERIUS SEASON @ VELENTINE','2015-08-30 21:04:23','2015-08-30 21:04:23'),
	(1301,'MOHD YUSUFF BIN ABDULLAH','2015-08-30 21:04:23','2015-08-30 21:04:23'),
	(1302,'CAPTAIN ZAIDI BIN SAAD','2015-08-30 21:04:23','2015-08-30 21:04:23'),
	(1303,'MR. DONALD KWOK WING KEEN','2015-08-30 21:04:23','2015-08-30 21:04:23'),
	(1304,'PENGARAH KASTAM NEGERI','2015-08-30 21:04:23','2015-08-30 21:04:23'),
	(1305,'SUPER NAVIGATOR AGENCY S/B','2015-08-30 21:04:23','2015-08-30 21:04:23'),
	(1306,'NOBLE REVIEW SUPPLIES & SERVICES','2015-08-30 21:04:23','2015-08-30 21:04:23'),
	(1307,'SARKU WAREHOUSE LABUAN','2015-08-30 21:04:23','2015-08-30 21:04:23'),
	(1308,'MOHD SOFI BIN MOHD SANI','2015-08-30 21:04:23','2015-08-30 21:04:23'),
	(1309,'LABUAN SYIPYARD &  ENGINEERING S/B','2015-08-30 21:04:23','2015-08-30 21:04:23'),
	(1310,'WEHAYA SDN BHD','2015-08-30 21:04:23','2015-08-30 21:04:23'),
	(1311,'ALUMINIUM Y.S. SDN BHD','2015-08-30 21:04:23','2015-08-30 21:04:23'),
	(1312,'ZSEN CHI CORPORATION','2015-08-30 21:04:23','2015-08-30 21:04:23'),
	(1313,'MASTER ONBOARD MV HINES TIDES','2015-08-30 21:04:23','2015-08-30 21:04:23'),
	(1314,'RICHTECH ENTERPRISE','2015-08-30 21:04:23','2015-08-30 21:04:23'),
	(1315,'CAROLE SLESINKSI','2015-08-30 21:04:23','2015-08-30 21:04:23'),
	(1316,'PACIFIC ADVANCE COMPOSITES S/B','2015-08-30 21:04:23','2015-08-30 21:04:23'),
	(1317,'SU POUNG HIEP','2015-08-30 21:04:23','2015-08-30 21:04:23'),
	(1318,'SABOMA SERVICES SDN BHD','2015-08-30 21:04:23','2015-08-30 21:04:23'),
	(1319,'LABUANTECH ENGINEERING & HARDWARE S/B','2015-08-30 21:04:23','2015-08-30 21:04:23'),
	(1320,'LABUAN FIRE EINGINEERING S/B','2015-08-30 21:04:23','2015-08-30 21:04:23'),
	(1321,'TNT SEAFOOD & COLDSTORAGE S/B','2015-08-30 21:04:23','2015-08-30 21:04:23'),
	(1322,'ENCIK HISAMUDDIN BIN MOHAMAD','2015-08-30 21:04:23','2015-08-30 21:04:23'),
	(1323,'LABUAN PARTS BRANCH TRANSFER','2015-08-30 21:04:23','2015-08-30 21:04:23'),
	(1324,'DANZAS AEI (M) S/B','2015-08-30 21:04:23','2015-08-30 21:04:23'),
	(1325,'FRONTIER OFFSHORE SDN BHD','2015-08-30 21:04:23','2015-08-30 21:04:23'),
	(1326,'CHEMICAL INDUSTRIES LTD','2015-08-30 21:04:23','2015-08-30 21:04:23'),
	(1327,'ALBANA CONTRACTOR S/B','2015-08-30 21:04:23','2015-08-30 21:04:23'),
	(1328,'ALEX SHIM VUI CHEAN','2015-08-30 21:04:23','2015-08-30 21:04:23'),
	(1329,'NAZMEE BIN MOHD NOR','2015-08-30 21:04:23','2015-08-30 21:04:23'),
	(1330,'MHS AVIATION S/B','2015-08-30 21:04:23','2015-08-30 21:04:23'),
	(1331,'LATIP BIN HINDRIKUS','2015-08-30 21:04:23','2015-08-30 21:04:23'),
	(1332,'NAZRI BIN HJ. ALANG ADNAN','2015-08-30 21:04:23','2015-08-30 21:04:23'),
	(1333,'ZAHARI BIN AWANG','2015-08-30 21:04:23','2015-08-30 21:04:23'),
	(1334,'MOHD HASHIM BIN ABDUL KARIM','2015-08-30 21:04:23','2015-08-30 21:04:23'),
	(1335,'RNC TECHNOLOGY (M) S/B','2015-08-30 21:04:23','2015-08-30 21:04:23'),
	(1336,'MOHD HANIZAM BIN SUDIN','2015-08-30 21:04:23','2015-08-30 21:04:23'),
	(1337,'ZAINAL BIN MOHD TASRIF','2015-08-30 21:04:23','2015-08-30 21:04:23'),
	(1338,'LIMI TRANS FORWARDING & SUPPLY CHAINS S/B','2015-08-30 21:04:23','2015-08-30 21:04:23'),
	(1339,'ALLY AZRAN HOLDINGS S/B','2015-08-30 21:04:23','2015-08-30 21:04:23'),
	(1340,'GEOWELL S/B','2015-08-30 21:04:23','2015-08-30 21:04:23'),
	(1341,'EDARAN MESRA SDN BHD','2015-08-30 21:04:23','2015-08-30 21:04:23'),
	(1342,'MADANG BENUA SDN BHD','2015-08-30 21:04:23','2015-08-30 21:04:23'),
	(1343,'AVER ASIA SDN BHD','2015-08-30 21:04:23','2015-08-30 21:04:23'),
	(1344,'G.P. DUNCAN PARKERS & MOVERS','2015-08-30 21:04:23','2015-08-30 21:04:23'),
	(1345,'KWOK HOW SHIPPING SDN BHD.','2015-08-30 21:04:23','2015-08-30 21:04:23'),
	(1346,'KIONG NGEE TRANSPORTATION','2015-08-30 21:04:23','2015-08-30 21:04:23'),
	(1347,'HA SUTERA IDAMAN ENTERPRISE','2015-08-30 21:04:23','2015-08-30 21:04:23'),
	(1348,'PEMBINAAN D.G.E. S/B','2015-08-30 21:04:23','2015-08-30 21:04:23'),
	(1349,'JABATAN PELAJARAN','2015-08-30 21:04:23','2015-08-30 21:04:23'),
	(1350,'EJ JOINT VENTURE S/B','2015-08-30 21:04:23','2015-08-30 21:04:23'),
	(1351,'KOMPLEKS PETRONAS METHANOL (L) S/B','2015-08-30 21:04:23','2015-08-30 21:04:23'),
	(1352,'LABUAN SHIPYARD & ENGINEERING S/B','2015-08-30 21:04:23','2015-08-30 21:04:23'),
	(1353,'HARBOUR LINK (M) S/B','2015-08-30 21:04:23','2015-08-30 21:04:23'),
	(1354,'JAMSIDAH JAMES','2015-08-30 21:04:23','2015-08-30 21:04:23'),
	(1355,'MR. LATIP B BIDIN','2015-08-30 21:04:23','2015-08-30 21:04:23'),
	(1356,'ROSLI BIN MOHD','2015-08-30 21:04:23','2015-08-30 21:04:23'),
	(1357,'RIZAL BIN MUHAMAD TAIB','2015-08-30 21:04:23','2015-08-30 21:04:23'),
	(1358,'ROZLAN BIN MADDIAH','2015-08-30 21:04:23','2015-08-30 21:04:23'),
	(1359,'MOHD FAKRI SETHRO BIN JAMES SIMON','2015-08-30 21:04:23','2015-08-30 21:04:23'),
	(1360,'KOMPLEKS SUKAN AIR ANTARABANGSA LABUAN','2015-08-30 21:04:23','2015-08-30 21:04:23'),
	(1361,'KINETIC ENGINEERING S/B','2015-08-30 21:04:23','2015-08-30 21:04:23'),
	(1362,'GAC CARGO SYSTEM','2015-08-30 21:04:23','2015-08-30 21:04:23'),
	(1363,'MSTER ONBOARD MV. SYDNEY TIDE II','2015-08-30 21:04:23','2015-08-30 21:04:23'),
	(1364,'MASTER ONBOARD MV. SYDNEY TIDE II','2015-08-30 21:04:23','2015-08-30 21:04:23'),
	(1365,'Y.B DATO HJ. SUHAILI BIN HJ. ABD RAHMAN','2015-08-30 21:04:23','2015-08-30 21:04:23'),
	(1366,'COR RENTAL (M) S/B','2015-08-30 21:04:23','2015-08-30 21:04:23'),
	(1367,'KST GAGIE LABUAN LTD','2015-08-30 21:04:23','2015-08-30 21:04:23'),
	(1368,'CKV HARDWARE SUPPLY','2015-08-30 21:04:23','2015-08-30 21:04:23'),
	(1369,'A. PEROLEHAN GLOBAL S/B','2015-08-30 21:04:23','2015-08-30 21:04:23'),
	(1370,'MASTER ONBOARD MV. MURRIL TIDE','2015-08-30 21:04:23','2015-08-30 21:04:23'),
	(1371,'SALFIAN FAIDEL BIN SLAMET','2015-08-30 21:04:23','2015-08-30 21:04:23'),
	(1372,'MOHD RAQZI BIN LAJI','2015-08-30 21:04:23','2015-08-30 21:04:23'),
	(1373,'JOHHNY AK APAS','2015-08-30 21:04:23','2015-08-30 21:04:23'),
	(1374,'RAJOLI BIN DOLADI','2015-08-30 21:04:23','2015-08-30 21:04:23'),
	(1375,'ZAKARIYA BIN OMAR','2015-08-30 21:04:23','2015-08-30 21:04:23'),
	(1376,'PUSAT SUMBER PENDIDIKAN NEGERI W.P LABUAN','2015-08-30 21:04:23','2015-08-30 21:04:23'),
	(1377,'JABATAN PENDAFTARAN','2015-08-30 21:04:23','2015-08-30 21:04:23'),
	(1378,'SUHAIMI ALASS','2015-08-30 21:04:23','2015-08-30 21:04:23'),
	(1379,'DOUGLAS AK DOMIEAN','2015-08-30 21:04:23','2015-08-30 21:04:23'),
	(1380,'MARKAS TENTERA LAUT','2015-08-30 21:04:23','2015-08-30 21:04:23'),
	(1381,'SBN INDUSTRIES SDN BHD','2015-08-30 21:04:23','2015-08-30 21:04:23'),
	(1382,'MV HAGANES','2015-08-30 21:04:23','2015-08-30 21:04:23'),
	(1383,'CHIN WHEEL','2015-08-30 21:04:23','2015-08-30 21:04:23'),
	(1384,'MARCOCO (M) S/B','2015-08-30 21:04:23','2015-08-30 21:04:23'),
	(1385,'RAYNER BIN AKOI','2015-08-30 21:04:23','2015-08-30 21:04:23'),
	(1386,'FORWARD TRADE ENTERPRISE','2015-08-30 21:04:23','2015-08-30 21:04:23'),
	(1387,'FREE VENTURE ENTERPRISE','2015-08-30 21:04:23','2015-08-30 21:04:23'),
	(1388,'KTS TRADING S/B','2015-08-30 21:04:23','2015-08-30 21:04:23'),
	(1389,'MOCH RAMLI ZAMAN','2015-08-30 21:04:23','2015-08-30 21:04:23'),
	(1390,'DEMENSI SERVICES','2015-08-30 21:04:23','2015-08-30 21:04:23'),
	(1391,'TAKZIM MARINE COMMUNICATION & ENGINEERING S/B','2015-08-30 21:04:23','2015-08-30 21:04:23'),
	(1392,'SCHLUMBERGER OILFIELD SERVICE','2015-08-30 21:04:23','2015-08-30 21:04:23'),
	(1393,'MOHD WIRA BIN ROMLI','2015-08-30 21:04:23','2015-08-30 21:04:23'),
	(1394,'NOR HAMIZI BIN SUJAK','2015-08-30 21:04:23','2015-08-30 21:04:23'),
	(1395,'CHIN KIN YIN','2015-08-30 21:04:23','2015-08-30 21:04:23'),
	(1396,'NOOR FAUZI BIN MASDUKI','2015-08-30 21:04:23','2015-08-30 21:04:23'),
	(1397,'SYARIKAT TRANSPORT SERVICES','2015-08-30 21:04:23','2015-08-30 21:04:23'),
	(1398,'POH KOON LOON','2015-08-30 21:04:23','2015-08-30 21:04:23'),
	(1399,'EZIL AZLAN BIN AHMAD MUNIRAN','2015-08-30 21:04:23','2015-08-30 21:04:23'),
	(1400,'NAZRI BIN IBRAHIM','2015-08-30 21:04:23','2015-08-30 21:04:23'),
	(1401,'SRIBIMA OFFSHORE CATERING','2015-08-30 21:04:23','2015-08-30 21:04:23'),
	(1402,'BH HARDWARE','2015-08-30 21:04:23','2015-08-30 21:04:23'),
	(1403,'JOTUN (M) S/B','2015-08-30 21:04:23','2015-08-30 21:04:23'),
	(1404,'SARAWAK WORK MANAGEMENT PLANT','2015-08-30 21:04:23','2015-08-30 21:04:23'),
	(1405,'KINTABEST S/B','2015-08-30 21:04:23','2015-08-30 21:04:23'),
	(1406,'LT MUDA AL-IMRAN HAKIEM BIN ZAINI','2015-08-30 21:04:23','2015-08-30 21:04:23'),
	(1407,'KEN ENTERPRISE TRADING CO','2015-08-30 21:04:23','2015-08-30 21:04:23'),
	(1408,'OTHMAN BIN ABU AMIN','2015-08-30 21:04:23','2015-08-30 21:04:23'),
	(1409,'SARIFAH BTE HASSAN','2015-08-30 21:04:23','2015-08-30 21:04:23'),
	(1410,'MOHD FAIRUL BIN OMAR','2015-08-30 21:04:23','2015-08-30 21:04:23'),
	(1411,'MOHD RAQZI BIN HAJI ABDULLAH','2015-08-30 21:04:23','2015-08-30 21:04:23'),
	(1412,'NOOR FAUZI B MASDUKI','2015-08-30 21:04:23','2015-08-30 21:04:23'),
	(1413,'IMEXTCO (M) S/B','2015-08-30 21:04:23','2015-08-30 21:04:23'),
	(1414,'A.HARTRODT (MALAYSIA) S/B','2015-08-30 21:04:23','2015-08-30 21:04:23'),
	(1415,'BESMINDO LABUAN SEMESTA','2015-08-30 21:04:23','2015-08-30 21:04:23'),
	(1416,'TRANSOCEAN SERVICES','2015-08-30 21:04:23','2015-08-30 21:04:23'),
	(1417,'MJSB ASIAN SUPPLY BASE','2015-08-30 21:04:23','2015-08-30 21:04:23'),
	(1418,'PROTECH RESOURCES & CO','2015-08-30 21:04:23','2015-08-30 21:04:23'),
	(1419,'UNITED ADVERTISING','2015-08-30 21:04:23','2015-08-30 21:04:23'),
	(1420,'MAXI PURPOSE S/B','2015-08-30 21:04:23','2015-08-30 21:04:23'),
	(1421,'AKADEMI MEMANDU LABUAN S/B','2015-08-30 21:04:23','2015-08-30 21:04:23'),
	(1422,'SHAN METAL TRADING','2015-08-30 21:04:23','2015-08-30 21:04:23'),
	(1423,'NORHAMDI BIN AHMAD','2015-08-30 21:04:23','2015-08-30 21:04:23'),
	(1424,'SUHAIRI BIN SHAFIE','2015-08-30 21:04:23','2015-08-30 21:04:23'),
	(1425,'ABDUL AZIZ BIN JAMERAN','2015-08-30 21:04:23','2015-08-30 21:04:23'),
	(1426,'WILLIAM GIMAN ANAK UNTIN','2015-08-30 21:04:23','2015-08-30 21:04:23'),
	(1427,'STANDARD CHARTERED BANK','2015-08-30 21:04:23','2015-08-30 21:04:23'),
	(1428,'MOHD KHAIRUDIN BIN MOKHTAR','2015-08-30 21:04:23','2015-08-30 21:04:23'),
	(1429,'JOACHIM ALBERT KOK','2015-08-30 21:04:23','2015-08-30 21:04:23'),
	(1430,'DV. TEAM SIAM LABUAN FT.','2015-08-30 21:04:23','2015-08-30 21:04:23'),
	(1431,'LA MARINE & TRANSPORTATION P/LTD.','2015-08-30 21:04:23','2015-08-30 21:04:23'),
	(1432,'EASTERN DECORATOR S/B','2015-08-30 21:04:23','2015-08-30 21:04:23'),
	(1433,'RUMIAZI BIN MOHD TEJERI','2015-08-30 21:04:23','2015-08-30 21:04:23'),
	(1434,'MOHD GHAZALI BIN RIO','2015-08-30 21:04:23','2015-08-30 21:04:23'),
	(1435,'METRA INDAH S/B','2015-08-30 21:04:23','2015-08-30 21:04:23'),
	(1436,'SERI AERO JAYA S/B','2015-08-30 21:04:23','2015-08-30 21:04:23'),
	(1437,'NOBLEHOUSE INTERNATIONAL TRUST LTD','2015-08-30 21:04:23','2015-08-30 21:04:23'),
	(1438,'TENAGA ORBIT S/B','2015-08-30 21:04:23','2015-08-30 21:04:23'),
	(1439,'LABUAN TMNET DATA CENTRE','2015-08-30 21:04:23','2015-08-30 21:04:23'),
	(1440,'CHEN SOOI LEONG','2015-08-30 21:04:23','2015-08-30 21:04:23'),
	(1441,'INTERSCOPED (M) S/B.','2015-08-30 21:04:23','2015-08-30 21:04:23'),
	(1442,'PW U MIOR SAHAR BIN SHAMSUDIN','2015-08-30 21:04:23','2015-08-30 21:04:23'),
	(1443,'NORAZIM BIN MOHD RAFIAI','2015-08-30 21:04:23','2015-08-30 21:04:23'),
	(1444,'HARBOUR AGENCIES(SABAH) SDN BHD','2015-08-30 21:04:23','2015-08-30 21:04:23'),
	(1445,'TRANS MARINE LOGISTIC','2015-08-30 21:04:23','2015-08-30 21:04:23'),
	(1446,'MASRI BIN MOHD YUNUS','2015-08-30 21:04:23','2015-08-30 21:04:23'),
	(1447,'AZRUL EFFINDY ABD RAHMAN','2015-08-30 21:04:23','2015-08-30 21:04:23'),
	(1448,'GERGAS OILFIELD & ENGINEERING SDN BHD','2015-08-30 21:04:23','2015-08-30 21:04:23'),
	(1449,'KF MARINE & OFFSHORE SUPPLIES','2015-08-30 21:04:23','2015-08-30 21:04:23'),
	(1450,'ACROWIN SDN BHD','2015-08-30 21:04:23','2015-08-30 21:04:23'),
	(1451,'KITA ICE TUBE SUPPLIER','2015-08-30 21:04:23','2015-08-30 21:04:23'),
	(1452,'LLP AZMAN BIN AHMAD','2015-08-30 21:04:23','2015-08-30 21:04:23'),
	(1453,'TANJUNG KAPAL SERVICES SDN BHD','2015-08-30 21:04:23','2015-08-30 21:04:23'),
	(1454,'K.M.SINGH SDN BHD','2015-08-30 21:04:23','2015-08-30 21:04:23'),
	(1455,'ELKK ENTERPRISE','2015-08-30 21:04:23','2015-08-30 21:04:23'),
	(1456,'HOWEVER SALVAGE S/B','2015-08-30 21:04:23','2015-08-30 21:04:23'),
	(1457,'GALAKSINAR S/B','2015-08-30 21:04:23','2015-08-30 21:04:23'),
	(1458,'TIMUR UDARA ENTERPRISE','2015-08-30 21:04:23','2015-08-30 21:04:23'),
	(1459,'SCHLUMBERGER WELL SERVICES','2015-08-30 21:04:23','2015-08-30 21:04:23'),
	(1460,'YUSRI BIN SAMION','2015-08-30 21:04:23','2015-08-30 21:04:23'),
	(1461,'MR.HAJI RAMLI','2015-08-30 21:04:23','2015-08-30 21:04:23'),
	(1462,'MOHD RODZI BIN OSMAN','2015-08-30 21:04:23','2015-08-30 21:04:23'),
	(1463,'DERMATA SIAH BT ABDUL JALIL','2015-08-30 21:04:23','2015-08-30 21:04:23'),
	(1464,'MUNYRA HAYATI BINTI MOHD MUSA','2015-08-30 21:04:23','2015-08-30 21:04:23'),
	(1465,'WAN ROFIDAH BINTI MEOR AZMAN','2015-08-30 21:04:23','2015-08-30 21:04:23'),
	(1466,'SANDU STORE','2015-08-30 21:04:23','2015-08-30 21:04:23'),
	(1467,'SYRKT SINARAN SEJATI','2015-08-30 21:04:23','2015-08-30 21:04:23'),
	(1468,'MR DAVID MARK ADAMS','2015-08-30 21:04:23','2015-08-30 21:04:23'),
	(1469,'LABUAN DEEPSEA FISHING CO','2015-08-30 21:04:23','2015-08-30 21:04:23'),
	(1470,'M/S DRILLING SPECIALITIES & SUPPLY CO.','2015-08-30 21:04:23','2015-08-30 21:04:23'),
	(1471,'FREIGHTWORLD (M) SDN BHD','2015-08-30 21:04:23','2015-08-30 21:04:23'),
	(1472,'DAVID CHIN','2015-08-30 21:04:23','2015-08-30 21:04:23'),
	(1473,'MASDA CHEMICAL S/B','2015-08-30 21:04:23','2015-08-30 21:04:23'),
	(1474,'PANALPINA TRANSPORT MALAYSIA SDN BHD','2015-08-30 21:04:23','2015-08-30 21:04:23'),
	(1475,'MOC SDN BHD','2015-08-30 21:04:23','2015-08-30 21:04:23'),
	(1476,'KIN KEE METAL SDN BHD','2015-08-30 21:04:23','2015-08-30 21:04:23'),
	(1477,'DHL GLOBAL FORWARDING','2015-08-30 21:04:23','2015-08-30 21:04:23'),
	(1478,'PANSAR ENGINEERING SERVICES S/B.','2015-08-30 21:04:23','2015-08-30 21:04:23'),
	(1479,'BERSATU FREIGHT AGENCY (LBN)SDN BHD','2015-08-30 21:04:23','2015-08-30 21:04:23'),
	(1480,'MOHD KHAIRIL RIDZUAN BIN MOHD FAZIL','2015-08-30 21:04:23','2015-08-30 21:04:23'),
	(1481,'LU WAN ROZAIDI BIN WAN DERAMAN','2015-08-30 21:04:23','2015-08-30 21:04:23'),
	(1482,'KPL U MOHD HANIF BIN BUANG','2015-08-30 21:04:23','2015-08-30 21:04:23'),
	(1483,'MUI LEE ENTERPRISE S/B','2015-08-30 21:04:23','2015-08-30 21:04:23'),
	(1484,'ALPHA MARINE','2015-08-30 21:04:23','2015-08-30 21:04:23'),
	(1485,'HAJI RAMLI','2015-08-30 21:04:23','2015-08-30 21:04:23'),
	(1486,'FLOR ENGINEERING','2015-08-30 21:04:23','2015-08-30 21:04:23'),
	(1487,'PIZZA HUT RESTAURANTS','2015-08-30 21:04:23','2015-08-30 21:04:23'),
	(1488,'MALAYSIA AIRPORT S/B','2015-08-30 21:04:23','2015-08-30 21:04:23'),
	(1489,'METRO IMPORT  &  EKSPORT S/B','2015-08-30 21:04:23','2015-08-30 21:04:23'),
	(1490,'HONG LEONG BANK BERHAD','2015-08-30 21:04:23','2015-08-30 21:04:23'),
	(1491,'NORHAIDAH ABD. WAHAB','2015-08-30 21:04:23','2015-08-30 21:04:23'),
	(1492,'SYAYUZIE BINTI OMAR','2015-08-30 21:04:23','2015-08-30 21:04:23'),
	(1493,'YASRINA BINTI MOHD YASIN','2015-08-30 21:04:23','2015-08-30 21:04:23'),
	(1494,'REDZUAN BIN ABDULLAH','2015-08-30 21:04:23','2015-08-30 21:04:23'),
	(1495,'YAN BAN SOON','2015-08-30 21:04:23','2015-08-30 21:04:23'),
	(1496,'NORIZAWATI BT ITAM','2015-08-30 21:04:23','2015-08-30 21:04:23'),
	(1497,'MOHAMED RIDUAN B .ABD HALIM','2015-08-30 21:04:23','2015-08-30 21:04:23'),
	(1498,'LAHAD DATU FLOUR MILLS S/B','2015-08-30 21:04:23','2015-08-30 21:04:23'),
	(1499,'MR JAFRY BIN SUHAILI','2015-08-30 21:04:23','2015-08-30 21:04:23'),
	(1500,'G LINK XPRESS LOGISTICS SDN BHD','2015-08-30 21:04:23','2015-08-30 21:04:23'),
	(1501,'SYARIKAT R E MORRIS (S) SDN BHD','2015-08-30 21:04:23','2015-08-30 21:04:23'),
	(1502,'LING HUA HOCK','2015-08-30 21:04:23','2015-08-30 21:04:23'),
	(1503,'MASTER ONBOARD M.V. PALMAS SERVICE','2015-08-30 21:04:23','2015-08-30 21:04:23'),
	(1504,'MURPHY OIL SDN BHD','2015-08-30 21:04:23','2015-08-30 21:04:23'),
	(1505,'TAKZIM MARINE COMMUNICATION & ENGINEERING SDN BHD','2015-08-30 21:04:23','2015-08-30 21:04:23'),
	(1506,'EVOLUSI BERSATU SDN BHD','2015-08-30 21:04:23','2015-08-30 21:04:23'),
	(1507,'TIOMAN DRILLING CO S/B.','2015-08-30 21:04:23','2015-08-30 21:04:23'),
	(1508,'SUMATEC CORPORATION SDN BHD','2015-08-30 21:04:23','2015-08-30 21:04:23'),
	(1509,'UGEENS BERJAYA ENTERPRISE','2015-08-30 21:04:23','2015-08-30 21:04:23'),
	(1510,'INNATECH COASTAL MARINE S/B','2015-08-30 21:04:23','2015-08-30 21:04:23'),
	(1511,'TD CARGO SERVICES','2015-08-30 21:04:23','2015-08-30 21:04:23'),
	(1512,'YEE LEE TRADING CO S/B','2015-08-30 21:04:23','2015-08-30 21:04:23'),
	(1513,'MAZRI BIN MOHD YUNUS','2015-08-30 21:04:23','2015-08-30 21:04:23'),
	(1514,'FELIX TOH YUK FOO','2015-08-30 21:04:23','2015-08-30 21:04:23'),
	(1515,'SIN HAP HOE TRANSPORT','2015-08-30 21:04:23','2015-08-30 21:04:23'),
	(1516,'HJ. RAMLI','2015-08-30 21:04:23','2015-08-30 21:04:23'),
	(1517,'SPS INTERNATIONAL','2015-08-30 21:04:23','2015-08-30 21:04:23'),
	(1518,'MARTIM KONTRAKTOR','2015-08-30 21:04:23','2015-08-30 21:04:23'),
	(1519,'SAN SOON SENG FOOD INDUSTRIES S/B','2015-08-30 21:04:23','2015-08-30 21:04:23'),
	(1520,'PERFECT SHIP SUPPLIER','2015-08-30 21:04:23','2015-08-30 21:04:23'),
	(1521,'LABUAN PRINTING S/B','2015-08-30 21:04:23','2015-08-30 21:04:23'),
	(1522,'EMAS OFFSHORE S/B','2015-08-30 21:04:23','2015-08-30 21:04:23'),
	(1523,'G2 BUTIK','2015-08-30 21:04:23','2015-08-30 21:04:23'),
	(1524,'GEOSERVICES (M) SDN BHD','2015-08-30 21:04:23','2015-08-30 21:04:23'),
	(1525,'MASTER OF ROBERT VAN DER MOIGG','2015-08-30 21:04:23','2015-08-30 21:04:23'),
	(1526,'HARBOUR AGENCIES(LABUAN) SDN BHD','2015-08-30 21:04:23','2015-08-30 21:04:23'),
	(1527,'TRANS GOOD ENTERPRISE','2015-08-30 21:04:23','2015-08-30 21:04:23'),
	(1528,'M.Y.BLUE LIBERTY','2015-08-30 21:04:23','2015-08-30 21:04:23'),
	(1529,'EN.MOHD AKHIR B ABD RAHMAN','2015-08-30 21:04:23','2015-08-30 21:04:23'),
	(1530,'MT JUTA S/B','2015-08-30 21:04:23','2015-08-30 21:04:23'),
	(1531,'H. ROSEN ENGINEERING (M) S/B.','2015-08-30 21:04:23','2015-08-30 21:04:23'),
	(1532,'INTERTEK CALEB BRETT','2015-08-30 21:04:23','2015-08-30 21:04:23'),
	(1533,'KAMBAYAU ENTERPRISE','2015-08-30 21:04:23','2015-08-30 21:04:23'),
	(1534,'FALAH-TEK S/B','2015-08-30 21:04:23','2015-08-30 21:04:23'),
	(1535,'SASARAN NALURI SDN BHD','2015-08-30 21:04:23','2015-08-30 21:04:23'),
	(1536,'MR DENNIS YIN YEW JIN','2015-08-30 21:04:23','2015-08-30 21:04:23'),
	(1537,'BWT HOLDINGS LABUAN SHIPYARDS','2015-08-30 21:04:23','2015-08-30 21:04:23'),
	(1538,'UMW OIL PIPE SERVICES S/B','2015-08-30 21:04:23','2015-08-30 21:04:23'),
	(1539,'AIFA ELECTRICAL (M) SDN BHD','2015-08-30 21:04:23','2015-08-30 21:04:23'),
	(1540,'MASTER SWEE LONG SATU','2015-08-30 21:04:23','2015-08-30 21:04:23'),
	(1541,'WONG BROTHERS WORKSHOP','2015-08-30 21:04:23','2015-08-30 21:04:23'),
	(1542,'ROSLAN BIN IBRAHIM','2015-08-30 21:04:23','2015-08-30 21:04:23'),
	(1543,'OMEGA GENTING S/B','2015-08-30 21:04:23','2015-08-30 21:04:23'),
	(1544,'PIN YEN MARBLE & GRANITE SDN BHD','2015-08-30 21:04:23','2015-08-30 21:04:23'),
	(1545,'ORION SHIPPING & FORWARDING S/B.','2015-08-30 21:04:23','2015-08-30 21:04:23'),
	(1546,'EAST FIELD TECHNOLOGIES S/B','2015-08-30 21:04:23','2015-08-30 21:04:23'),
	(1547,'SWALLOWS TRADING S/B','2015-08-30 21:04:23','2015-08-30 21:04:23'),
	(1548,'H.ROSEN ENGINEERING (M) S/B','2015-08-30 21:04:23','2015-08-30 21:04:23'),
	(1549,'MR BRUCE WILLIAMS','2015-08-30 21:04:23','2015-08-30 21:04:23'),
	(1550,'MR. YONG KOK FOO','2015-08-30 21:04:23','2015-08-30 21:04:23'),
	(1551,'ECO X-VENTURES SDN BHD','2015-08-30 21:04:23','2015-08-30 21:04:23'),
	(1552,'K & K MARINE OILFIELD SERVICES SDN BHD.','2015-08-30 21:04:23','2015-08-30 21:04:23'),
	(1553,'SHAPADU ENERGY & ENGINEERING SDN BHD.','2015-08-30 21:04:23','2015-08-30 21:04:23'),
	(1554,'JUN UNDERWOOD.','2015-08-30 21:04:23','2015-08-30 21:04:23'),
	(1555,'TECHNIP FAT EAST SDN BHD.','2015-08-30 21:04:23','2015-08-30 21:04:23'),
	(1556,'PENGKALAN MARIN KASTAM.','2015-08-30 21:04:23','2015-08-30 21:04:23'),
	(1557,'SUWARAN SINGH A/L BALDEV','2015-08-30 21:04:23','2015-08-30 21:04:23'),
	(1558,'LABUAN BUDDHIST ASSOCIATION','2015-08-30 21:04:23','2015-08-30 21:04:23'),
	(1559,'FARIDAH BINTI HASSAN','2015-08-30 21:04:23','2015-08-30 21:04:23'),
	(1560,'ASAS SERIBUMI SDN BHD','2015-08-30 21:04:23','2015-08-30 21:04:23'),
	(1561,'YACHT IN TRANSIT MV BLUE LIBERTY','2015-08-30 21:04:23','2015-08-30 21:04:23'),
	(1562,'CP SHIPPING SDN BHD','2015-08-30 21:04:23','2015-08-30 21:04:23'),
	(1563,'MASTER OWNER MV JENWIN 2.','2015-08-30 21:04:23','2015-08-30 21:04:23'),
	(1564,'SAHIH BIN MAT SALIH','2015-08-30 21:04:23','2015-08-30 21:04:23'),
	(1565,'BWT CAPITAL HOLDING','2015-08-30 21:04:23','2015-08-30 21:04:23'),
	(1566,'WISMA KISHAN SINGH','2015-08-30 21:04:23','2015-08-30 21:04:23'),
	(1567,'HERMAN WOOD-WORK & GENERAL CONSTRUCTION','2015-08-30 21:04:23','2015-08-30 21:04:23'),
	(1568,'SYARIKAT SINARAN SEJATI','2015-08-30 21:04:23','2015-08-30 21:04:23'),
	(1569,'MCLEAN CARGO','2015-08-30 21:04:23','2015-08-30 21:04:23'),
	(1570,'COL AZIZOOL ARIF BIN ABDUL GHANI','2015-08-30 21:04:23','2015-08-30 21:04:23'),
	(1571,'PURELINE MARKETING & SERVICES.','2015-08-30 21:04:23','2015-08-30 21:04:23'),
	(1572,'MOHD AKHIR B ABD RAHMAN','2015-08-30 21:04:23','2015-08-30 21:04:23'),
	(1573,'RAJAWALI INDAH ENGINEERING S/B','2015-08-30 21:04:23','2015-08-30 21:04:23'),
	(1574,'DELTA REGION ENGINEERING SDN BHD','2015-08-30 21:04:23','2015-08-30 21:04:23'),
	(1575,'BARWIL WESTEXT SDN BHD','2015-08-30 21:04:23','2015-08-30 21:04:23'),
	(1576,'KEPT BABUBAS AK MANIAM NAIDU','2015-08-30 21:04:23','2015-08-30 21:04:23'),
	(1577,'TEGUH CEMERLANG (M) SDN BHD','2015-08-30 21:04:23','2015-08-30 21:04:23'),
	(1578,'HEXAGON TOWER SDN BHD','2015-08-30 21:04:23','2015-08-30 21:04:23'),
	(1579,'IHG LOGISTICS (M) SDN BHD.','2015-08-30 21:04:23','2015-08-30 21:04:23'),
	(1580,'MASTER OWNER OF SABAH PEARL.','2015-08-30 21:04:23','2015-08-30 21:04:23'),
	(1581,'UMW JDC DRILLING SDN BHD.','2015-08-30 21:04:23','2015-08-30 21:04:23'),
	(1582,'ORIENTAL MIST SDN BHD','2015-08-30 21:04:23','2015-08-30 21:04:23'),
	(1583,'DDU SSPC WAREHOUSE LABUAN.','2015-08-30 21:04:23','2015-08-30 21:04:23'),
	(1584,'MALAYSIAN INTERNATIONAL TRADING CORPORATION.','2015-08-30 21:04:23','2015-08-30 21:04:23'),
	(1585,'MASTER OF MV CSO DEEP PIONEER.','2015-08-30 21:04:23','2015-08-30 21:04:23'),
	(1586,'BDP INTERNATIONAL MALAYSIA.','2015-08-30 21:04:23','2015-08-30 21:04:23'),
	(1587,'KUALA LUMPUR VALVE & FITTINGS (M) SDN BHD','2015-08-30 21:04:23','2015-08-30 21:04:23'),
	(1588,'SSPC WORK MANAGEMENT PLANT.','2015-08-30 21:04:23','2015-08-30 21:04:23'),
	(1589,'RICHE MONDE SDN BHD','2015-08-30 21:04:23','2015-08-30 21:04:23'),
	(1590,'HALUAN CEKAP SDN BHD.','2015-08-30 21:04:23','2015-08-30 21:04:23'),
	(1591,'MASTER OF MV NOR STAR','2015-08-30 21:04:23','2015-08-30 21:04:23'),
	(1592,'MASTER OF VESSEL, BOURBON ALEXANDRE','2015-08-30 21:04:23','2015-08-30 21:04:23'),
	(1593,'COUGAR LOGISTICS (M) SDN BHD','2015-08-30 21:04:23','2015-08-30 21:04:23'),
	(1594,'MASTER JOHAN JADE SHIPS SPARE IN TRANSIT.','2015-08-30 21:04:23','2015-08-30 21:04:23'),
	(1595,'PEMBORONG SEPAKAT','2015-08-30 21:04:23','2015-08-30 21:04:23'),
	(1596,'NURULASYIKIN BINTI MUDA','2015-08-30 21:04:23','2015-08-30 21:04:23'),
	(1597,'MOHD ISA BIN ENDUT.','2015-08-30 21:04:23','2015-08-30 21:04:23'),
	(1598,'PW II ZAINUDDIN BIN MOHAMAD ','2015-08-30 21:04:23','2015-08-30 21:04:23'),
	(1599,'LUI SUHAIMI BIN SHUKOR','2015-08-30 21:04:23','2015-08-30 21:04:23'),
	(1600,'LUI SAIFUL BAHRI BIN MOHD ARIFFIN','2015-08-30 21:04:23','2015-08-30 21:04:23'),
	(1601,'ZULKORNAIN BIN MOHAMAD','2015-08-30 21:04:23','2015-08-30 21:04:23'),
	(1602,'TIMAH @ NORAINAH BINTI AMIT','2015-08-30 21:04:23','2015-08-30 21:04:23'),
	(1603,'MOHD ARIFFIN BIN JAKO','2015-08-30 21:04:23','2015-08-30 21:04:23'),
	(1604,'WONG SU YEN CAROLINE','2015-08-30 21:04:23','2015-08-30 21:04:23'),
	(1605,'CHE HALIMAH BT MOHAMAD','2015-08-30 21:04:23','2015-08-30 21:04:23'),
	(1606,'CHE HALIMAH BT MOHAMMAD','2015-08-30 21:04:23','2015-08-30 21:04:23'),
	(1607,'SABARI BIN BAKAR','2015-08-30 21:04:23','2015-08-30 21:04:23'),
	(1608,'TAN JEE CHOO','2015-08-30 21:04:23','2015-08-30 21:04:23'),
	(1609,'SAMSUDDIN BIN MUHAMMAD','2015-08-30 21:04:23','2015-08-30 21:04:23'),
	(1610,'BADRUL HISHAM BIN ABU DIN','2015-08-30 21:04:23','2015-08-30 21:04:23'),
	(1611,'SJN AHMAD JOHARI BIN HJ KHALIS','2015-08-30 21:04:23','2015-08-30 21:04:23'),
	(1612,'PENGARAH KASTAM WILAYAH','2015-08-30 21:04:23','2015-08-30 21:04:23'),
	(1613,'E.M OIL SUPPLY & SERVICES ','2015-08-30 21:04:23','2015-08-30 21:04:23'),
	(1614,'ULFA FURNITURE','2015-08-30 21:04:23','2015-08-30 21:04:23'),
	(1615,'SAF ENGINEERING SDN BHD','2015-08-30 21:04:23','2015-08-30 21:04:23'),
	(1616,'MASTER OF MV LEWEK SNIPE.','2015-08-30 21:04:23','2015-08-30 21:04:23'),
	(1617,'KURNIA CARGAS LOGISTIK S/B','2015-08-30 21:04:23','2015-08-30 21:04:23'),
	(1618,'MASTER OF M.V NORMAND ATLANTIC SHIPS SPARES IN TRANSIT','2015-08-30 21:04:23','2015-08-30 21:04:23'),
	(1619,'GOLDEN BOWL','2015-08-30 21:04:23','2015-08-30 21:04:23'),
	(1620,'SHARIFFUDIN BIN BOJO','2015-08-30 21:04:23','2015-08-30 21:04:23'),
	(1621,'WAN NOR ROSMAN BIN WAN ISHAK','2015-08-30 21:04:23','2015-08-30 21:04:23'),
	(1622,'MR CHUA KAH CHAI','2015-08-30 21:04:23','2015-08-30 21:04:23'),
	(1623,'SYARIKAT EMASTIKA S/B','2015-08-30 21:04:23','2015-08-30 21:04:23'),
	(1624,'KIBAR BEBAS S/B','2015-08-30 21:04:23','2015-08-30 21:04:23'),
	(1625,'PACIFIC TOPAZ S/B','2015-08-30 21:04:23','2015-08-30 21:04:23'),
	(1626,'BAO JIN TIAN','2015-08-30 21:04:23','2015-08-30 21:04:23'),
	(1627,'SCHENKER LOGISTICS (M) S/B','2015-08-30 21:04:23','2015-08-30 21:04:23'),
	(1628,'BERJAYA ALUMINIUM & GLASS WORKS(LABUAN) SDN BHD','2015-08-30 21:04:23','2015-08-30 21:04:23'),
	(1629,'ZAIBA ENTERPRISE SDN BHD','2015-08-30 21:04:23','2015-08-30 21:04:23'),
	(1630,'MOHAMAD AMIR BIN SIDIK.','2015-08-30 21:04:23','2015-08-30 21:04:23'),
	(1631,'ABDUL SADAT BIN ABDUL RAHIM','2015-08-30 21:04:23','2015-08-30 21:04:23'),
	(1632,'NORHAFIZAH BINTI MOHD DAUD','2015-08-30 21:04:23','2015-08-30 21:04:23'),
	(1633,'LH OIL & GAS SDN BHD','2015-08-30 21:04:24','2015-08-30 21:04:24'),
	(1634,'717620 FSJN RAJENDRAN A/L GANDIRAJU','2015-08-30 21:04:24','2015-08-30 21:04:24'),
	(1635,'GAS ARGON STATION','2015-08-30 21:04:24','2015-08-30 21:04:24'),
	(1636,'717409 SJN U SAIFUDIN BIN SHAMSUDIN','2015-08-30 21:04:24','2015-08-30 21:04:24'),
	(1637,'719660 KPL U FARIZAN BIN JUNU','2015-08-30 21:04:24','2015-08-30 21:04:24'),
	(1638,'719781 KPL U MOHD FAIZAM BIN CHE KAR','2015-08-30 21:04:24','2015-08-30 21:04:24'),
	(1639,'NAZA QUEST SDN BHD','2015-08-30 21:04:24','2015-08-30 21:04:24'),
	(1640,'LABUAN OFFSHORE FINANCIAL SERVICES AUTHORITY','2015-08-30 21:04:24','2015-08-30 21:04:24'),
	(1641,'TENTERA LAUT DIRAJA MALAYSIA LABUAN','2015-08-30 21:04:24','2015-08-30 21:04:24'),
	(1642,'PEMBINAAN MUHIBAH JAYA','2015-08-30 21:04:24','2015-08-30 21:04:24'),
	(1643,'ISMAIL BIN JUNNY','2015-08-30 21:04:24','2015-08-30 21:04:24'),
	(1644,'JABATAN HAL EHWAL KHAS WP.LABUAN','2015-08-30 21:04:24','2015-08-30 21:04:24'),
	(1645,'KEMENTERIAN PERDAGANGAN DALAM NEGERI DAN HAL EHWAL PENGGUNA CAWANGAN LABUAN','2015-08-30 21:04:24','2015-08-30 21:04:24'),
	(1646,'KPL BALONG @ NYALU A/K BAUK','2015-08-30 21:04:24','2015-08-30 21:04:24'),
	(1647,'UCM OILPIPE SERVICES S/B','2015-08-30 21:04:24','2015-08-30 21:04:24'),
	(1648,'TAY TRADING COMPANY','2015-08-30 21:04:24','2015-08-30 21:04:24'),
	(1649,'SENA LETRIK (M) S/B','2015-08-30 21:04:24','2015-08-30 21:04:24'),
	(1650,'MDM SHIPPING AGENCIES SDN BHD','2015-08-30 21:04:24','2015-08-30 21:04:24'),
	(1651,'CNC FREIGHT SERVICES S/B','2015-08-30 21:04:24','2015-08-30 21:04:24'),
	(1652,'AIRASIA BERHAD','2015-08-30 21:04:24','2015-08-30 21:04:24'),
	(1653,'BENTAMAKMUR S/B','2015-08-30 21:04:24','2015-08-30 21:04:24'),
	(1654,'KAPT. JAMALUDDIN BIN MOHD. ZIN','2015-08-30 21:04:24','2015-08-30 21:04:24'),
	(1655,'SEBI AK NYOMA','2015-08-30 21:04:24','2015-08-30 21:04:24'),
	(1656,'TAT WAI FURNITURE MARKET','2015-08-30 21:04:24','2015-08-30 21:04:24'),
	(1657,'PBJV GROUP SDN BHD','2015-08-30 21:04:24','2015-08-30 21:04:24'),
	(1658,'EQUITY TRUST (L)','2015-08-30 21:04:24','2015-08-30 21:04:24'),
	(1659,'YEW HUAT EMPORIUM','2015-08-30 21:04:24','2015-08-30 21:04:24'),
	(1660,'TEO BERSAUDARA PERTAMA INDUSTRIAL','2015-08-30 21:04:24','2015-08-30 21:04:24'),
	(1661,'HOLD HARDWARE TRADING','2015-08-30 21:04:24','2015-08-30 21:04:24'),
	(1662,'MACES SDN BHD','2015-08-30 21:04:24','2015-08-30 21:04:24'),
	(1663,'MAJU UNIVERSAL ENGINEERING S/B','2015-08-30 21:04:24','2015-08-30 21:04:24'),
	(1664,'GOH TSUI MEI','2015-08-30 21:04:24','2015-08-30 21:04:24'),
	(1665,'BARCLAYS BANK PLC','2015-08-30 21:04:24','2015-08-30 21:04:24'),
	(1666,'SBN INDUSTRIES S/B','2015-08-30 21:04:24','2015-08-30 21:04:24'),
	(1667,'PEROLEHAN GLOBAL SDN BHD','2015-08-30 21:04:24','2015-08-30 21:04:24'),
	(1668,'KF MARIN','2015-08-30 21:04:24','2015-08-30 21:04:24'),
	(1669,'KEDAI RUNCIT HONG HUAT','2015-08-30 21:04:24','2015-08-30 21:04:24'),
	(1670,'INATRAC SDN BHD','2015-08-30 21:04:24','2015-08-30 21:04:24'),
	(1671,'GHW ENTERPRISE','2015-08-30 21:04:24','2015-08-30 21:04:24'),
	(1672,'SURING @ SAFWAN ABDULLAH','2015-08-30 21:04:24','2015-08-30 21:04:24'),
	(1673,'FALIAN SHIPPING SDN BHD','2015-08-30 21:04:24','2015-08-30 21:04:24'),
	(1674,'CLASQUIN MALAYSIA SDN BHD','2015-08-30 21:04:24','2015-08-30 21:04:24'),
	(1675,'ROXAR SDN BHD','2015-08-30 21:04:24','2015-08-30 21:04:24'),
	(1676,'RASA TRADING CO.','2015-08-30 21:04:24','2015-08-30 21:04:24'),
	(1677,'BAYULINK SDN BHD','2015-08-30 21:04:24','2015-08-30 21:04:24'),
	(1678,'ECONOMY PACKING & FREIGHT SERVICES','2015-08-30 21:04:24','2015-08-30 21:04:24'),
	(1679,'EVERGROWTH COLDSTORAGE S/B','2015-08-30 21:04:24','2015-08-30 21:04:24'),
	(1680,'EECO LOGISTICS ','2015-08-30 21:04:24','2015-08-30 21:04:24'),
	(1681,'HOE LUNG GENERAL CONSTRUCTION','2015-08-30 21:04:24','2015-08-30 21:04:24'),
	(1682,'SOLAR ALERT','2015-08-30 21:04:24','2015-08-30 21:04:24'),
	(1683,'TEKAD WARISAN (M) SDN BHD','2015-08-30 21:04:24','2015-08-30 21:04:24'),
	(1684,'KUEHNE & NAGEL SDN BHD','2015-08-30 21:04:24','2015-08-30 21:04:24'),
	(1685,'OCEANCARE CORPORATION S/B','2015-08-30 21:04:24','2015-08-30 21:04:24'),
	(1686,'ZELIE HO','2015-08-30 21:04:24','2015-08-30 21:04:24'),
	(1687,'HES (M) S/B','2015-08-30 21:04:24','2015-08-30 21:04:24'),
	(1688,'OMAR BIN AWALUDIN','2015-08-30 21:04:24','2015-08-30 21:04:24'),
	(1689,'LEE YEE LUNG','2015-08-30 21:04:24','2015-08-30 21:04:24'),
	(1690,'BRIDGESTONE TYRE SALES (M) SDN BHD','2015-08-30 21:04:24','2015-08-30 21:04:24'),
	(1691,'NURFARIZA BINTI NOORDIN','2015-08-30 21:04:24','2015-08-30 21:04:24'),
	(1692,'NOOR IDAYU BINTI NORDIN','2015-08-30 21:04:24','2015-08-30 21:04:24'),
	(1693,'ASPHAMIX SDN BHD','2015-08-30 21:04:24','2015-08-30 21:04:24'),
	(1694,'MOHAMED HADRI BIN ABD. RAHIM','2015-08-30 21:04:24','2015-08-30 21:04:24'),
	(1695,'REDZUAN BIN ABDUL RAHMAN','2015-08-30 21:04:24','2015-08-30 21:04:24'),
	(1696,'OI BROTHER MOTOR STATION (M) SDN BHD','2015-08-30 21:04:24','2015-08-30 21:04:24'),
	(1697,'KK FLOORING SDN BHD','2015-08-30 21:04:24','2015-08-30 21:04:24'),
	(1698,'KAEFER MALAYSIA SDN BHD','2015-08-30 21:04:24','2015-08-30 21:04:24'),
	(1699,'YAP NGUK FAH','2015-08-30 21:04:24','2015-08-30 21:04:24'),
	(1700,'AZAM TEROKA SDN BHD','2015-08-30 21:04:24','2015-08-30 21:04:24'),
	(1701,'KHANAFIAH BIN SABLEE','2015-08-30 21:04:24','2015-08-30 21:04:24'),
	(1702,'MAXALON CORPORATION S/B','2015-08-30 21:04:24','2015-08-30 21:04:24'),
	(1703,'POS MALAYSIA BERHAD','2015-08-30 21:04:24','2015-08-30 21:04:24'),
	(1704,'VICTORIA RICH RESOURCES SDN BHD','2015-08-30 21:04:24','2015-08-30 21:04:24'),
	(1705,'SABALAND CONSTRUCTION SDN BHD','2015-08-30 21:04:24','2015-08-30 21:04:24'),
	(1706,'SINAR BEBAS SDN BHD','2015-08-30 21:04:24','2015-08-30 21:04:24'),
	(1707,'CONFIDENT PORTFOLIO SDN BHD','2015-08-30 21:04:24','2015-08-30 21:04:24'),
	(1708,'ALFA ELECTRICAL (M) SDN BHD','2015-08-30 21:04:24','2015-08-30 21:04:24'),
	(1709,'CK WINE LINK','2015-08-30 21:04:24','2015-08-30 21:04:24'),
	(1710,'WORLDWIDE EXPRESS INC','2015-08-30 21:04:24','2015-08-30 21:04:24'),
	(1711,'UMW PERTODRILL (M) SDN BHD.','2015-08-30 21:04:24','2015-08-30 21:04:24'),
	(1712,'GAS INSULATION SDN BHD','2015-08-30 21:04:24','2015-08-30 21:04:24'),
	(1713,'HI ESSENCE CABLE SDN BHD','2015-08-30 21:04:24','2015-08-30 21:04:24'),
	(1714,'AL HIDAYA JEWELS SDN BHD','2015-08-30 21:04:24','2015-08-30 21:04:24'),
	(1715,'INTERGRATED FREIGHTERS SEA AND AIR SDN BHD','2015-08-30 21:04:24','2015-08-30 21:04:24'),
	(1716,'MUHAMAD ISMAIL TAUFIK','2015-08-30 21:04:24','2015-08-30 21:04:24'),
	(1717,'JARAH LOGISTICS (M) SDN BHD','2015-08-30 21:04:24','2015-08-30 21:04:24'),
	(1718,'WH BRENNAN AND CO PTE LTD','2015-08-30 21:04:24','2015-08-30 21:04:24'),
	(1719,'AHMAD BIN DIN','2015-08-30 21:04:24','2015-08-30 21:04:24'),
	(1720,'ABD HAKIM BIN ABD RAHMAN','2015-08-30 21:04:24','2015-08-30 21:04:24'),
	(1721,'JAMHARIAH BINI ABIDIN','2015-08-30 21:04:24','2015-08-30 21:04:24'),
	(1722,'CAHAYA SURIA VENTURES S/B','2015-08-30 21:04:24','2015-08-30 21:04:24'),
	(1723,'JABATAN KASTAM DIRAJA MALAYSIA','2015-08-30 21:04:24','2015-08-30 21:04:24'),
	(1724,'SYARIKAT STEELCON SDN BHD','2015-08-30 21:04:24','2015-08-30 21:04:24'),
	(1725,'MI SWACO SPECIALIZED TOOLS','2015-08-30 21:04:24','2015-08-30 21:04:24'),
	(1726,'IBU PEJABAT POLIS DAERAH','2015-08-30 21:04:24','2015-08-30 21:04:24'),
	(1727,'MASTER ON BOARD M.V MURRILL TIDE','2015-08-30 21:04:24','2015-08-30 21:04:24'),
	(1728,'DESB MARINE SERVICES SDN BHD','2015-08-30 21:04:24','2015-08-30 21:04:24'),
	(1729,'PRENSE BINA (M) SDN BHD','2015-08-30 21:04:24','2015-08-30 21:04:24'),
	(1730,'AIR MARINE CARGO AGENCY SDN BHD','2015-08-30 21:04:24','2015-08-30 21:04:24'),
	(1731,'MEGA UNITED RESOURCES SDN BHD','2015-08-30 21:04:24','2015-08-30 21:04:24'),
	(1732,'TERANGA S/B','2015-08-30 21:04:24','2015-08-30 21:04:24'),
	(1733,'PENGKALAN UDARA LABUAN','2015-08-30 21:04:24','2015-08-30 21:04:24'),
	(1734,'ROBI A/K ASEN','2015-08-30 21:04:24','2015-08-30 21:04:24'),
	(1735,'MADURI MUTTU A/L SUBRAMANIAM','2015-08-30 21:04:24','2015-08-30 21:04:24'),
	(1736,'ABDUL SAMAD BIN YANNA','2015-08-30 21:04:24','2015-08-30 21:04:24'),
	(1737,'DOMINIC CHIN JOON SIONG','2015-08-30 21:04:24','2015-08-30 21:04:24'),
	(1738,'SABAHLAND CONSTRUCTION S/B','2015-08-30 21:04:24','2015-08-30 21:04:24'),
	(1739,'SUMILAU ENTERPRISE','2015-08-30 21:04:24','2015-08-30 21:04:24'),
	(1740,'LURGI (MALAYSIA) SDN BHD','2015-08-30 21:04:24','2015-08-30 21:04:24'),
	(1741,'EXPEDITORS (MALAYSIA) SDN BHD','2015-08-30 21:04:24','2015-08-30 21:04:24'),
	(1742,'JETS EXPRESS SERVICES SDN BHD','2015-08-30 21:04:24','2015-08-30 21:04:24'),
	(1743,'METROPORT ASIA SDN BHD','2015-08-30 21:04:24','2015-08-30 21:04:24'),
	(1744,'CORRA SHIELD (M) SDN BHD','2015-08-30 21:04:24','2015-08-30 21:04:24'),
	(1745,'NORIMAX (M) SDN BHD','2015-08-30 21:04:24','2015-08-30 21:04:24'),
	(1746,'JESSELTON MARINE SERVICES SDN BHD','2015-08-30 21:04:24','2015-08-30 21:04:24'),
	(1747,'S.P SATRIA SDN BHD','2015-08-30 21:04:24','2015-08-30 21:04:24'),
	(1748,'JABATAN LAUT WILAYAH PERSEKUTUAN LABUAN','2015-08-30 21:04:24','2015-08-30 21:04:24'),
	(1749,'BOUJESS FASHION','2015-08-30 21:04:24','2015-08-30 21:04:24'),
	(1750,'PORT ENGINEERING COMPANY','2015-08-30 21:04:24','2015-08-30 21:04:24'),
	(1751,'ALADO AUTOMOBILE SDN BHD','2015-08-30 21:04:24','2015-08-30 21:04:24'),
	(1752,'EASTERNPOINTS LOGISTIC (M) SDN BHD','2015-08-30 21:04:24','2015-08-30 21:04:24'),
	(1753,'MOVERS (M) SDN BHD','2015-08-30 21:04:24','2015-08-30 21:04:24'),
	(1754,'MASTER ONBOARD MV GULF FLEET 63','2015-08-30 21:04:24','2015-08-30 21:04:24'),
	(1755,'ALAM MARITIM (M) SDN BHD','2015-08-30 21:04:24','2015-08-30 21:04:24'),
	(1756,'PERABOT USAHASAMA SDN BHD','2015-08-30 21:04:24','2015-08-30 21:04:24'),
	(1757,'UMW EQUIPMENT MALAYSIA','2015-08-30 21:04:24','2015-08-30 21:04:24'),
	(1758,'NEW STORE LABUAN','2015-08-30 21:04:24','2015-08-30 21:04:24'),
	(1759,'FORMULA BERKAT SDN BHD','2015-08-30 21:04:24','2015-08-30 21:04:24'),
	(1760,'718532 KPL MAUZI BIN JUSOH','2015-08-30 21:04:24','2015-08-30 21:04:24'),
	(1761,'AZNORA BINTI MOHAMED IDRIS','2015-08-30 21:04:24','2015-08-30 21:04:24'),
	(1762,'JOHARI DASIN ','2015-08-30 21:04:24','2015-08-30 21:04:24'),
	(1763,'MOHD FADRUL HISHAM','2015-08-30 21:04:24','2015-08-30 21:04:24'),
	(1764,'MUHAMMAD HELMI BIN ALI','2015-08-30 21:04:24','2015-08-30 21:04:24'),
	(1765,'DERMAGA BIRU ENTERPRISE','2015-08-30 21:04:24','2015-08-30 21:04:24'),
	(1766,'ENGGANG SERVICES & PRODUCT SDN BHD','2015-08-30 21:04:24','2015-08-30 21:04:24'),
	(1767,'COALDA ENGINEERING SDN BHD','2015-08-30 21:04:24','2015-08-30 21:04:24'),
	(1768,'ALOWAY IMPORT & EXPORT TRADING','2015-08-30 21:04:24','2015-08-30 21:04:24'),
	(1769,'AGILITY LOGISTICS SDN BHD','2015-08-30 21:04:24','2015-08-30 21:04:24'),
	(1770,'JAFFRY BIN PUNGGUT @ SUHAILI','2015-08-30 21:04:24','2015-08-30 21:04:24'),
	(1771,'FRANCIS LABUAN NATSELENA SERVICES S/B','2015-08-30 21:04:24','2015-08-30 21:04:24'),
	(1772,'SCOMI OMS OILFIELD SERVICES (M) SDN BHD','2015-08-30 21:04:24','2015-08-30 21:04:24'),
	(1773,'ROSLI BIN SALEH','2015-08-30 21:04:24','2015-08-30 21:04:24'),
	(1774,'NOMIS SHIPPING LTD','2015-08-30 21:04:24','2015-08-30 21:04:24'),
	(1775,'SCOMI OILTOOLS SDN BHD','2015-08-30 21:04:24','2015-08-30 21:04:24'),
	(1776,'LAVENDA BUILDING SYSTEM SDN BHD','2015-08-30 21:04:24','2015-08-30 21:04:24'),
	(1777,'BRIGHTMARK SDN BHD','2015-08-30 21:04:24','2015-08-30 21:04:24'),
	(1778,'DFYOUNG INTERNATIONAL LOGISTICS','2015-08-30 21:04:24','2015-08-30 21:04:24'),
	(1779,'ZAJU ENTERPRISE','2015-08-30 21:04:24','2015-08-30 21:04:24'),
	(1780,'SJN MOHD ZAIDI BIN MOHD SIDIN','2015-08-30 21:04:24','2015-08-30 21:04:24'),
	(1781,'SJN SAPERI@SAFRI BIN KATAK','2015-08-30 21:04:24','2015-08-30 21:04:24'),
	(1782,'KPL ZUKI BIN BAKRURAZI','2015-08-30 21:04:24','2015-08-30 21:04:24'),
	(1783,'TAN SHAI PHIN','2015-08-30 21:04:24','2015-08-30 21:04:24'),
	(1784,'ABU BAKAR BIN MD DESA','2015-08-30 21:04:24','2015-08-30 21:04:24'),
	(1785,'ROBERT ASSAN AK PALUS','2015-08-30 21:04:24','2015-08-30 21:04:24'),
	(1786,'ZETI HARYANI BINTI ISMAIL','2015-08-30 21:04:24','2015-08-30 21:04:24'),
	(1787,'MARZUKI BIN ISMAIL','2015-08-30 21:04:24','2015-08-30 21:04:24'),
	(1788,'KROEMER ASIA PACIFIC GMBH','2015-08-30 21:04:24','2015-08-30 21:04:24'),
	(1789,'EXXONMOBIL CORPORATION EXPLORATION AND PRODUCTION PHILIPPINES BV.','2015-08-30 21:04:24','2015-08-30 21:04:24'),
	(1790,'MEGA EASTERN TEAMWORK SDN BHD','2015-08-30 21:04:24','2015-08-30 21:04:24'),
	(1791,'SAK CONSOLIDATORS','2015-08-30 21:04:24','2015-08-30 21:04:24'),
	(1792,'MARINE OFFSHORE SERVICES SDN BHD','2015-08-30 21:04:24','2015-08-30 21:04:24'),
	(1793,'ENVITECH SDN BHD','2015-08-30 21:04:24','2015-08-30 21:04:24'),
	(1794,'GLOBAL PROCESS SYSTEMS SDN BHD','2015-08-30 21:04:24','2015-08-30 21:04:24'),
	(1795,'KIM TECK CHEONG SDN BHD','2015-08-30 21:04:24','2015-08-30 21:04:24'),
	(1796,'CHAKLI SHIPPING & FORWARDING SDN BHD','2015-08-30 21:04:24','2015-08-30 21:04:24'),
	(1797,'SUZANNA IBRAHIM','2015-08-30 21:04:24','2015-08-30 21:04:24'),
	(1798,'MISC INTERGRATED LOGISTIC SDN BHD','2015-08-30 21:04:24','2015-08-30 21:04:24'),
	(1799,'LABUAN LIBERTY PORT MANAGEMENT SDN BHD','2015-08-30 21:04:24','2015-08-30 21:04:24'),
	(1800,'MR TAN KIM LIAN','2015-08-30 21:04:24','2015-08-30 21:04:24'),
	(1801,'BAKER HUGHES EHO PRODUCTION','2015-08-30 21:04:24','2015-08-30 21:04:24'),
	(1802,'PERSECT STEEL ENGINEERING SDN BHD','2015-08-30 21:04:24','2015-08-30 21:04:24'),
	(1803,'GYRODATA SERVICES SDN BHD','2015-08-30 21:04:24','2015-08-30 21:04:24'),
	(1804,'BCI CHEMICAL CORPORATION SDN BHD','2015-08-30 21:04:24','2015-08-30 21:04:24'),
	(1805,'SCIENCE TECH SOLUTION SDN BHD','2015-08-30 21:04:24','2015-08-30 21:04:24'),
	(1806,'EMBASSY FREIGHT SERVICES SDN BHD','2015-08-30 21:04:24','2015-08-30 21:04:24'),
	(1807,'BILLIONABLE ENTERPRISE SDN BHD','2015-08-30 21:04:24','2015-08-30 21:04:24'),
	(1808,'AZIAH BT. JAMALUDDIN','2015-08-30 21:04:24','2015-08-30 21:04:24'),
	(1809,'SYARIKAT MULIA ','2015-08-30 21:04:24','2015-08-30 21:04:24'),
	(1810,'SHUHAIMI BIN HALIM','2015-08-30 21:04:24','2015-08-30 21:04:24'),
	(1811,'PFC ENGINEERING SDN BHD','2015-08-30 21:04:24','2015-08-30 21:04:24'),
	(1812,'SELAUT OILTOOLS SERVICES SDN BHD','2015-08-30 21:04:24','2015-08-30 21:04:24'),
	(1813,'CLEARWAYS OFFSHORE DRILLING SDN BHD','2015-08-30 21:04:24','2015-08-30 21:04:24'),
	(1814,'SIM NURSERY','2015-08-30 21:04:24','2015-08-30 21:04:24'),
	(1815,'DAIKIN AIRCONDITIONING (M) SDN BHD','2015-08-30 21:04:24','2015-08-30 21:04:24'),
	(1816,'MR. JAMES DAVID WITHERS','2015-08-30 21:04:24','2015-08-30 21:04:24'),
	(1817,'SABAH FOREST INDUSTRIES SDN BHD','2015-08-30 21:04:24','2015-08-30 21:04:24'),
	(1818,'INNATECH LOGISTIC SDN BHD','2015-08-30 21:04:24','2015-08-30 21:04:24'),
	(1819,'SP BILLION SDN BHD','2015-08-30 21:04:24','2015-08-30 21:04:24'),
	(1820,'MAKMUR AKTIF ENTERPRISE','2015-08-30 21:04:24','2015-08-30 21:04:24'),
	(1821,'SIGMAKALON (M) SDN BHD','2015-08-30 21:04:24','2015-08-30 21:04:24'),
	(1822,'HSAP S/B','2015-08-30 21:04:24','2015-08-30 21:04:24'),
	(1823,'TEGANAS SDN BHD','2015-08-30 21:04:24','2015-08-30 21:04:24'),
	(1824,'BENA SAMA COURTLIGHT','2015-08-30 21:04:24','2015-08-30 21:04:24'),
	(1825,'USAHA ERAJAYA SDN BHD','2015-08-30 21:04:24','2015-08-30 21:04:24'),
	(1826,'YP VISION ENTERPRISE','2015-08-30 21:04:24','2015-08-30 21:04:24'),
	(1827,'SINBERY ELECTRICAL & CONSTRUCTION SDN BHD','2015-08-30 21:04:24','2015-08-30 21:04:24'),
	(1828,'NITROAIR SUPPLY AND EQUIPMENT SERVICE','2015-08-30 21:04:24','2015-08-30 21:04:24'),
	(1829,'AGENSI PENGUATKUASAAN MARITIM MALAYSIA','2015-08-30 21:04:24','2015-08-30 21:04:24'),
	(1830,'MENJANA JAYA ENTERPRISE SDN BHD','2015-08-30 21:04:24','2015-08-30 21:04:24'),
	(1831,'PATSON ENTERPRISE','2015-08-30 21:04:24','2015-08-30 21:04:24'),
	(1832,'KST FISHING SDN BHD','2015-08-30 21:04:24','2015-08-30 21:04:24'),
	(1833,'MUI CHEW SDN BHD','2015-08-30 21:04:24','2015-08-30 21:04:24'),
	(1834,'KEB VENTURES SDN BHD','2015-08-30 21:04:24','2015-08-30 21:04:24'),
	(1835,'INCASA ENTERPRISE','2015-08-30 21:04:24','2015-08-30 21:04:24'),
	(1836,'DULLAH BIN TANJUNG','2015-08-30 21:04:24','2015-08-30 21:04:24'),
	(1837,'CROWN WORLDWIDE MOVERS S/B','2015-08-30 21:04:24','2015-08-30 21:04:24'),
	(1838,'BAKER HUGHES PRODUCTION QUEST','2015-08-30 21:04:24','2015-08-30 21:04:24'),
	(1839,'FCL FREIGHT FORWARDING SDN BHD','2015-08-30 21:04:24','2015-08-30 21:04:24'),
	(1840,'SJN MOHD ZAILANI BIN CHE MOHAMAD','2015-08-30 21:04:24','2015-08-30 21:04:24'),
	(1841,'SJN FAIZUL ANUAR BIN HASHIM','2015-08-30 21:04:24','2015-08-30 21:04:24'),
	(1842,'LOKE SO TSUI','2015-08-30 21:04:24','2015-08-30 21:04:24'),
	(1843,'IDRIS BIN DRANI','2015-08-30 21:04:24','2015-08-30 21:04:24'),
	(1844,'SUHAINA BINTI MUSANI','2015-08-30 21:04:24','2015-08-30 21:04:24'),
	(1845,'LAU ING HIONG','2015-08-30 21:04:24','2015-08-30 21:04:24'),
	(1846,'UNIVERSAL IDEAL HOMES SDN BHD','2015-08-30 21:04:24','2015-08-30 21:04:24'),
	(1847,'MULTI YAN ENTERPRISE','2015-08-30 21:04:24','2015-08-30 21:04:24'),
	(1848,'LAYAK ENGINEERING SDN BHD','2015-08-30 21:04:24','2015-08-30 21:04:24'),
	(1849,'TECH ISLAND (M) SDN BHD','2015-08-30 21:04:24','2015-08-30 21:04:24'),
	(1850,'ALADATA S/B','2015-08-30 21:04:24','2015-08-30 21:04:24'),
	(1851,'WONG CHENG LAM','2015-08-30 21:04:24','2015-08-30 21:04:24'),
	(1852,'SAMAJA LETRIK S/B','2015-08-30 21:04:24','2015-08-30 21:04:24'),
	(1853,'EXCEL CORPORATION','2015-08-30 21:04:24','2015-08-30 21:04:24'),
	(1854,'F&N DAIRIES (M) S/B','2015-08-30 21:04:24','2015-08-30 21:04:24'),
	(1855,'DSV AIR & SEA SDN BHD','2015-08-30 21:04:24','2015-08-30 21:04:24'),
	(1856,'JOHNNY BIN PETROS','2015-08-30 21:04:24','2015-08-30 21:04:24'),
	(1857,'NOAH MARINE SERVICES','2015-08-30 21:04:24','2015-08-30 21:04:24'),
	(1858,'PENULAJU S/B','2015-08-30 21:04:24','2015-08-30 21:04:24'),
	(1859,'KEDAI KOPI TAMU','2015-08-30 21:04:24','2015-08-30 21:04:24'),
	(1860,'SATURA JAYA ENTERPRISE','2015-08-30 21:04:24','2015-08-30 21:04:24'),
	(1861,'SP MARKETING AND SERVICES','2015-08-30 21:04:24','2015-08-30 21:04:24'),
	(1862,'NUBAYU OFFSHORE SDN BHD','2015-08-30 21:04:24','2015-08-30 21:04:24'),
	(1863,'HARBOUR OFFICES','2015-08-30 21:04:24','2015-08-30 21:04:24'),
	(1864,'HV CONSTRUCTION & SUPPLY SERVICES','2015-08-30 21:04:24','2015-08-30 21:04:24'),
	(1865,'MR RONNIE CHIA SUKUN','2015-08-30 21:04:24','2015-08-30 21:04:24'),
	(1866,'MALAYSIA DEEPWATER FLOATING TERMINAL','2015-08-30 21:04:24','2015-08-30 21:04:24'),
	(1867,'SRI PENGARBAN DEVELOPMENT & CONSTRUCTION','2015-08-30 21:04:24','2015-08-30 21:04:24'),
	(1868,'MANIRAJAN A/L MANIKAN','2015-08-30 21:04:24','2015-08-30 21:04:24'),
	(1869,'EGANG EGANG MAJU SDN BHD','2015-08-30 21:04:24','2015-08-30 21:04:24'),
	(1870,'TECHNO RADA SDN BHD','2015-08-30 21:04:24','2015-08-30 21:04:24'),
	(1871,'IBRAHIM BIN DONGLAH','2015-08-30 21:04:24','2015-08-30 21:04:24'),
	(1872,'KPT.SALMAN BIN SHARIF','2015-08-30 21:04:24','2015-08-30 21:04:24'),
	(1873,'AHMAD TERMIZI BIN KHALID','2015-08-30 21:04:24','2015-08-30 21:04:24'),
	(1874,'LT NORAZLAN BIN HAMZAH','2015-08-30 21:04:24','2015-08-30 21:04:24'),
	(1875,'EXPERT AUTOMOBILE SERVICE','2015-08-30 21:04:24','2015-08-30 21:04:24'),
	(1876,'PRISMA CERAH SDN BHD','2015-08-30 21:04:24','2015-08-30 21:04:24'),
	(1877,'ZAWINAH BINTI DOL','2015-08-30 21:04:24','2015-08-30 21:04:24'),
	(1878,'MISI SETIA OIL & GAS SDN BHD','2015-08-30 21:04:24','2015-08-30 21:04:24'),
	(1879,'GOLDEN WING\'S TRADING','2015-08-30 21:04:24','2015-08-30 21:04:24'),
	(1880,'JACO-NEIL BRUWER','2015-08-30 21:04:24','2015-08-30 21:04:24'),
	(1881,'MSM SERVICES (M) S/B','2015-08-30 21:04:24','2015-08-30 21:04:24'),
	(1882,'SCOMI SOSMA S/B','2015-08-30 21:04:24','2015-08-30 21:04:24'),
	(1883,'YONG SOK GENERAL CONTRACTOR','2015-08-30 21:04:24','2015-08-30 21:04:24'),
	(1884,'JABATAN UKUR DAN PEMETAAN','2015-08-30 21:04:24','2015-08-30 21:04:24'),
	(1885,'PANSAR COMPANY S/B','2015-08-30 21:04:24','2015-08-30 21:04:24'),
	(1886,'IFB FREIGHTBRIDGE (MSIA) S/B','2015-08-30 21:04:24','2015-08-30 21:04:24'),
	(1887,'A.T. DUNIA (KIDURUNG) S/B','2015-08-30 21:04:24','2015-08-30 21:04:24'),
	(1888,'KTS TRADING SDN BHD','2015-08-30 21:04:24','2015-08-30 21:04:24'),
	(1889,'LABUAN ANGLERS','2015-08-30 21:04:24','2015-08-30 21:04:24'),
	(1890,'GAVIN ROBERT DERRICK SWEETMAN C/O','2015-08-30 21:04:24','2015-08-30 21:04:24'),
	(1891,'TANDEX CHEMICALS S/B','2015-08-30 21:04:24','2015-08-30 21:04:24'),
	(1892,'U-GLOBAL FREIGHT SERVICES S/B','2015-08-30 21:04:24','2015-08-30 21:04:24'),
	(1893,'MEDIA SIGNS SDN BHD','2015-08-30 21:04:24','2015-08-30 21:04:24'),
	(1894,'SES TRADING ','2015-08-30 21:04:24','2015-08-30 21:04:24'),
	(1895,'CENTRAL MANAGEMENT CATALOGUE AGENCY MALAYSIA','2015-08-30 21:04:24','2015-08-30 21:04:24'),
	(1896,'SAPURA ACERGY SDN BHD','2015-08-30 21:04:24','2015-08-30 21:04:24'),
	(1897,'CHUNG HIN RENTAL & SERVICES','2015-08-30 21:04:24','2015-08-30 21:04:24'),
	(1898,'PEMBORONG USAHA DAN SABAR','2015-08-30 21:04:24','2015-08-30 21:04:24'),
	(1899,'CALIDAD SDN BHD','2015-08-30 21:04:24','2015-08-30 21:04:24'),
	(1900,'JABRI BIN HANAFI','2015-08-30 21:04:24','2015-08-30 21:04:24'),
	(1901,'DOMINANT TECHNOLOGIES & SUPPLY (M) SDN BHD','2015-08-30 21:04:24','2015-08-30 21:04:24'),
	(1902,'PEMBINAAN DGE SDN BHD','2015-08-30 21:04:24','2015-08-30 21:04:24'),
	(1903,'SUTERA SHIPPING SDN BHD','2015-08-30 21:04:24','2015-08-30 21:04:24'),
	(1904,'GOLDBRIGE ENTERPRISE','2015-08-30 21:04:24','2015-08-30 21:04:24'),
	(1905,'BUMI LAND SHIPPING SDN BHD','2015-08-30 21:04:24','2015-08-30 21:04:24'),
	(1906,'FONTESEA TRADING','2015-08-30 21:04:24','2015-08-30 21:04:24'),
	(1907,'EXPECT AUTOMOBILE SERVICES','2015-08-30 21:04:24','2015-08-30 21:04:24'),
	(1908,'STAGNO TECH SDN BHD','2015-08-30 21:04:24','2015-08-30 21:04:24'),
	(1909,'BUMERIA CEMERLANG FREIGHT SDN BHD','2015-08-30 21:04:24','2015-08-30 21:04:24'),
	(1910,'WILAYAH ADVERTISING','2015-08-30 21:04:24','2015-08-30 21:04:24'),
	(1911,'KEE SENG HARDWARE SDN BHD','2015-08-30 21:04:24','2015-08-30 21:04:24'),
	(1912,'INDERA JATI GENERAL CONTRACTOR','2015-08-30 21:04:24','2015-08-30 21:04:24'),
	(1913,'PRESTON SHIPYARD SDN BHD','2015-08-30 21:04:24','2015-08-30 21:04:24'),
	(1914,'AHS SERVICES SDN BHD.','2015-08-30 21:04:24','2015-08-30 21:04:24'),
	(1915,'AHS SERVICES SDN BHD','2015-08-30 21:04:24','2015-08-30 21:04:24'),
	(1916,'CHAN FURNITURE (M) SDN BHD','2015-08-30 21:04:24','2015-08-30 21:04:24'),
	(1917,'KUMUS SDN BHD','2015-08-30 21:04:24','2015-08-30 21:04:24'),
	(1918,'VICTORIA TRADING','2015-08-30 21:04:24','2015-08-30 21:04:24'),
	(1919,'COLUMBIA TRADING CO','2015-08-30 21:04:24','2015-08-30 21:04:24'),
	(1920,'RAMSEY MACHINE SHOP ','2015-08-30 21:04:24','2015-08-30 21:04:24'),
	(1921,'LABUAN SEA SPORTS COMPLEX','2015-08-30 21:04:24','2015-08-30 21:04:24'),
	(1922,'DATIN WONG SECK FONG YOKE','2015-08-30 21:04:24','2015-08-30 21:04:24'),
	(1923,'TECHNOTREND SDN BHD','2015-08-30 21:04:24','2015-08-30 21:04:24'),
	(1924,'YU SENG WHOLESALE SDN BHD','2015-08-30 21:04:24','2015-08-30 21:04:24'),
	(1925,'BEST CHOICE MARKETING SERVICES ','2015-08-30 21:04:24','2015-08-30 21:04:24'),
	(1926,'JK SPORTS','2015-08-30 21:04:24','2015-08-30 21:04:24'),
	(1927,'HICOM (MALAYSIA) SDN BHD','2015-08-30 21:04:24','2015-08-30 21:04:24'),
	(1928,'OMBAK MERIDIEN SERVICE','2015-08-30 21:04:24','2015-08-30 21:04:24'),
	(1929,'PRESMECH ENGINEERING MULTI SERVICES','2015-08-30 21:04:24','2015-08-30 21:04:24'),
	(1930,'NGIEN LE TRANSPORTATION','2015-08-30 21:04:24','2015-08-30 21:04:24'),
	(1931,'KEMENTERIAN WILAYAH PERSEKUTUAN','2015-08-30 21:04:24','2015-08-30 21:04:24'),
	(1932,'BAKER HUGHES (M) SDN BHD','2015-08-30 21:04:24','2015-08-30 21:04:24'),
	(1933,'TRANSCOM ENGINEERING SERVICES','2015-08-30 21:04:24','2015-08-30 21:04:24'),
	(1934,'RUSHOE ENTERPRISE SDN BHD','2015-08-30 21:04:24','2015-08-30 21:04:24'),
	(1935,'DEMESI SERVICES','2015-08-30 21:04:24','2015-08-30 21:04:24'),
	(1936,'BINTANG EMAS UTAMA SDN BHD','2015-08-30 21:04:24','2015-08-30 21:04:24'),
	(1937,'RM LEOPAD SDN BHD','2015-08-30 21:04:24','2015-08-30 21:04:24'),
	(1938,'AQUASIS CATALYST MANAGEMENT SYSTEM (M) SDN BHD','2015-08-30 21:04:24','2015-08-30 21:04:24'),
	(1939,'JATI MAS AYU','2015-08-30 21:04:24','2015-08-30 21:04:24'),
	(1940,'OLITA INDUSTRIAL SDN BHD','2015-08-30 21:04:24','2015-08-30 21:04:24'),
	(1941,'BERDIKARI BERSATU SDN BHD','2015-08-30 21:04:24','2015-08-30 21:04:24'),
	(1942,'DIMENSION BID (M) SDN BHD','2015-08-30 21:04:24','2015-08-30 21:04:24'),
	(1943,'LAU SU CHONG ','2015-08-30 21:04:24','2015-08-30 21:04:24'),
	(1944,'WONG MAJU ENTERPRISE SDN BHD','2015-08-30 21:04:24','2015-08-30 21:04:24'),
	(1945,'CE RESOURCES SDN BHD','2015-08-30 21:04:24','2015-08-30 21:04:24'),
	(1946,'TERUS MAJU LOGISTIK S/B','2015-08-30 21:04:24','2015-08-30 21:04:24'),
	(1947,'MINAREX RESOURCES SDN BHD','2015-08-30 21:04:24','2015-08-30 21:04:24'),
	(1948,'LABUAN CONTAINER TERMINAL S/B','2015-08-30 21:04:24','2015-08-30 21:04:24'),
	(1949,'SALAM GLORY & SONS ENTERPRISE','2015-08-30 21:04:24','2015-08-30 21:04:24'),
	(1950,'OVERSEA PACIFIC SDN BHD','2015-08-30 21:04:24','2015-08-30 21:04:24'),
	(1951,'TEGUH FAJAR ENTERPRISE','2015-08-30 21:04:24','2015-08-30 21:04:24'),
	(1952,'UTARAKITA (M) SDN BHD','2015-08-30 21:04:24','2015-08-30 21:04:24'),
	(1953,'TOTAL STERLING (M) SDN BHD','2015-08-30 21:04:24','2015-08-30 21:04:24'),
	(1954,'SYKT HK TRADING','2015-08-30 21:04:24','2015-08-30 21:04:24'),
	(1955,'SUYA (M) SDN BHD','2015-08-30 21:04:24','2015-08-30 21:04:24'),
	(1956,'CP OCEAN FOOD BERHAD','2015-08-30 21:04:24','2015-08-30 21:04:24'),
	(1957,'MOHAN\'S CARPET PALACE','2015-08-30 21:04:24','2015-08-30 21:04:24'),
	(1958,'RILMAX ENTERPRISE','2015-08-30 21:04:24','2015-08-30 21:04:24'),
	(1959,'MODULE TECH SDN BHD','2015-08-30 21:04:24','2015-08-30 21:04:24'),
	(1960,'NEPTUNE ASIA ENGINEERING SERVICES','2015-08-30 21:04:24','2015-08-30 21:04:24'),
	(1961,'PERSONAL SERVICES AGENCY','2015-08-30 21:04:24','2015-08-30 21:04:24'),
	(1962,'JPR&R CONSTRUCTION S/B','2015-08-30 21:04:24','2015-08-30 21:04:24'),
	(1963,'FABRICATION SHOP','2015-08-30 21:04:24','2015-08-30 21:04:24'),
	(1964,'VITAL INNOVATION SDN BHD','2015-08-30 21:04:24','2015-08-30 21:04:24'),
	(1965,'CORAL ALLIANCE SDN BHD','2015-08-30 21:04:24','2015-08-30 21:04:24'),
	(1966,'SUNG THAI LEE SHIPPING SDN BHD','2015-08-30 21:04:24','2015-08-30 21:04:24'),
	(1967,'AKER SOLUTIONS MALAYSIA','2015-08-30 21:04:24','2015-08-30 21:04:24'),
	(1968,'SA LOGISTIK S/B','2015-08-30 21:04:24','2015-08-30 21:04:24'),
	(1969,'SATANG JAYA S/B','2015-08-30 21:04:24','2015-08-30 21:04:24'),
	(1970,'INTEQ LABUAN MALAYSIA','2015-08-30 21:04:24','2015-08-30 21:04:24'),
	(1971,'GALAXY PILING & CONSTRUCTION S/B','2015-08-30 21:04:24','2015-08-30 21:04:24'),
	(1972,'JAKS S/B','2015-08-30 21:04:24','2015-08-30 21:04:24'),
	(1973,'PHI-MAL TYRE SUPPLY','2015-08-30 21:04:24','2015-08-30 21:04:24'),
	(1974,'MATRIK MELATI S/B','2015-08-30 21:04:24','2015-08-30 21:04:24'),
	(1975,'SCOMAC ENGINEERING SUPPLY & SERVICES','2015-08-30 21:04:24','2015-08-30 21:04:24'),
	(1976,'BORNEO STAR DIVE S/B','2015-08-30 21:04:24','2015-08-30 21:04:24'),
	(1977,'BEE GUAN HANG S/B','2015-08-30 21:04:24','2015-08-30 21:04:24'),
	(1978,'MANIKAR ENTERPRISE','2015-08-30 21:04:24','2015-08-30 21:04:24'),
	(1979,'STANDARD ELECTRIC SDN BHD.','2015-08-30 21:04:24','2015-08-30 21:04:24'),
	(1980,'KIM GUAN HAP KEE S/B & CHEE SING (L) S/B','2015-08-30 21:04:24','2015-08-30 21:04:24'),
	(1981,'BOUSTEAD SHIPPING AGENCIES S/B.','2015-08-30 21:04:24','2015-08-30 21:04:24'),
	(1982,'AMTECH CHEMICAL S/B','2015-08-30 21:04:24','2015-08-30 21:04:24'),
	(1983,'IKRAM (SABAH) S/B','2015-08-30 21:04:24','2015-08-30 21:04:24'),
	(1984,'ASASS MARITIME SERVICES S/B','2015-08-30 21:04:24','2015-08-30 21:04:24'),
	(1985,'PERUSAHAAN JASARANI','2015-08-30 21:04:24','2015-08-30 21:04:24'),
	(1986,'DUTA MARINE S/B','2015-08-30 21:04:24','2015-08-30 21:04:24'),
	(1987,'MR JOSEPH VOON','2015-08-30 21:04:24','2015-08-30 21:04:24'),
	(1988,'ASIA JUTA RESOURCE PTE LTD','2015-08-30 21:04:24','2015-08-30 21:04:24'),
	(1989,'PATPACKERS S/B','2015-08-30 21:04:24','2015-08-30 21:04:24'),
	(1990,'TIEN SOON SHIPPING S/B','2015-08-30 21:04:24','2015-08-30 21:04:24'),
	(1991,'MALAYSIAN AIRLINE SYSTEM BERHAD ENGINEERING DEPARTMENT','2015-08-30 21:04:24','2015-08-30 21:04:24'),
	(1992,'TRANSOCEAN DRILLING S/B','2015-08-30 21:04:24','2015-08-30 21:04:24'),
	(1993,'WILSON ALEX','2015-08-30 21:04:24','2015-08-30 21:04:24'),
	(1994,'KFC (S) S/B','2015-08-30 21:04:24','2015-08-30 21:04:24'),
	(1995,'SIME DARBY INDUSTRIAL S/B','2015-08-30 21:04:24','2015-08-30 21:04:24'),
	(1996,'JABATAN PERIKANAN LABUAN','2015-08-30 21:04:24','2015-08-30 21:04:24'),
	(1997,'KEDAI KEMAJUAN','2015-08-30 21:04:24','2015-08-30 21:04:24'),
	(1998,'STREETWISE FASHION SDN BHD','2015-08-30 21:04:24','2015-08-30 21:04:24'),
	(1999,'CHIN SOON HIN','2015-08-30 21:04:24','2015-08-30 21:04:24'),
	(2000,'ALADO BUMI AUTOMOBILE S/B.','2015-08-30 21:04:24','2015-08-30 21:04:24'),
	(2001,'FORTUNEDLAND ENTERPRISE','2015-08-30 21:04:24','2015-08-30 21:04:24'),
	(2002,'ALBERT VALVE','2015-08-30 21:04:24','2015-08-30 21:04:24'),
	(2003,'INTEGRITY FABRICATION & CONTRUCTION S/B.','2015-08-30 21:04:24','2015-08-30 21:04:24'),
	(2004,'CETCO OILFIELD','2015-08-30 21:04:24','2015-08-30 21:04:24'),
	(2005,'SYARIKAT SRIBIMA S/B','2015-08-30 21:04:24','2015-08-30 21:04:24'),
	(2006,'SERI LABUAN PAPER PRODUCTS (S) S/B.','2015-08-30 21:04:24','2015-08-30 21:04:24'),
	(2007,'P.D EMAS JATI','2015-08-30 21:04:24','2015-08-30 21:04:24'),
	(2008,'EMAS OFFSHORE (M) S/B.','2015-08-30 21:04:24','2015-08-30 21:04:24'),
	(2009,'LABINDO ENGINEERING SERVICES','2015-08-30 21:04:24','2015-08-30 21:04:24'),
	(2010,'EM OIL SUPPLY AND SERVICES','2015-08-30 21:04:24','2015-08-30 21:04:24'),
	(2011,'AHMAD FARHAN BIN AHMAD','2015-08-30 21:04:24','2015-08-30 21:04:24'),
	(2012,'ZURAINI BINTI MOHD ISA','2015-08-30 21:04:24','2015-08-30 21:04:24'),
	(2013,'EN MD FAUZI BIN MINHAT','2015-08-30 21:04:24','2015-08-30 21:04:24'),
	(2014,'HB INDUSTRIAL SUPPLY SDN BHD','2015-08-30 21:04:24','2015-08-30 21:04:24'),
	(2015,'CONSTANT VENTURES RESOURCES','2015-08-30 21:04:24','2015-08-30 21:04:24'),
	(2016,'S.M.V SERVICES','2015-08-30 21:04:24','2015-08-30 21:04:24'),
	(2017,'GREAT SHIPPING & TRADING','2015-08-30 21:04:24','2015-08-30 21:04:24'),
	(2018,'PALB ENGINEERING S/B','2015-08-30 21:04:24','2015-08-30 21:04:24'),
	(2019,'S.A.CONTINENTAL S/B','2015-08-30 21:04:24','2015-08-30 21:04:24'),
	(2020,'KEMAJUAN MINIMART','2015-08-30 21:04:24','2015-08-30 21:04:24'),
	(2021,'SRI PENGARASAN DEVELOPMENT & CONST','2015-08-30 21:04:24','2015-08-30 21:04:24'),
	(2022,'GREEN A SERVICES','2015-08-30 21:04:24','2015-08-30 21:04:24'),
	(2023,'PRECIOUS ARENA SDN BHD','2015-08-30 21:04:24','2015-08-30 21:04:24'),
	(2024,'GREEN DORSETT LABUAN','2015-08-30 21:04:24','2015-08-30 21:04:24'),
	(2025,'GRAND DORSETT LABUAN','2015-08-30 21:04:24','2015-08-30 21:04:24'),
	(2026,'PETROLEUM INDUSTRY OF MALAYSIA','2015-08-30 21:04:24','2015-08-30 21:04:24'),
	(2027,'SMITH SERVICES','2015-08-30 21:04:24','2015-08-30 21:04:24'),
	(2028,'ALFA MELI PRECISION INDUSTRIES S/B','2015-08-30 21:04:24','2015-08-30 21:04:24'),
	(2029,'BINTANG MAS SHIPPING PTE LTD.','2015-08-30 21:04:24','2015-08-30 21:04:24'),
	(2030,'MEGA EASTERN TEAM','2015-08-30 21:04:24','2015-08-30 21:04:24'),
	(2031,'SOON YU KON','2015-08-30 21:04:24','2015-08-30 21:04:24'),
	(2032,'FLT SDN BHD','2015-08-30 21:04:24','2015-08-30 21:04:24'),
	(2033,'MDPC','2015-08-30 21:04:24','2015-08-30 21:04:24'),
	(2034,'SEACOM','2015-08-30 21:04:24','2015-08-30 21:04:24'),
	(2035,'LING SOON TAI','2015-08-30 21:04:24','2015-08-30 21:04:24'),
	(2036,'CETCO OILFIELD SERVICES','2015-08-30 21:04:24','2015-08-30 21:04:24'),
	(2037,'FIAMM MALAYSIA SDN BHD','2015-08-30 21:04:24','2015-08-30 21:04:24'),
	(2038,'NADI BUDIMMAN S/B','2015-08-30 21:04:24','2015-08-30 21:04:24'),
	(2039,'CHE ENTERPRISE S/B','2015-08-30 21:04:24','2015-08-30 21:04:24'),
	(2040,'MASTER OF MV BUILDER SUCCESS','2015-08-30 21:04:24','2015-08-30 21:04:24'),
	(2041,'PETRONAS MITCO JAPAN S/B','2015-08-30 21:04:24','2015-08-30 21:04:24'),
	(2042,'MV ATLANTIC GUARDIAN','2015-08-30 21:04:24','2015-08-30 21:04:24'),
	(2043,'SKY JAYA LABUAN F T','2015-08-30 21:04:24','2015-08-30 21:04:24'),
	(2044,'EVOLUSI WAJA ENTERPRISE','2015-08-30 21:04:24','2015-08-30 21:04:24'),
	(2045,'KVC INDUSTRIES','2015-08-30 21:04:24','2015-08-30 21:04:24'),
	(2046,'DDKSH MALAYSIA S/B','2015-08-30 21:04:24','2015-08-30 21:04:24'),
	(2047,'SUNYALA TRADING S/B','2015-08-30 21:04:24','2015-08-30 21:04:24'),
	(2048,'GANDA SAKIT ENGINEERING','2015-08-30 21:04:24','2015-08-30 21:04:24'),
	(2049,'SMITH INTERNATIONAL INC','2015-08-30 21:04:24','2015-08-30 21:04:24'),
	(2050,'EVERLIGHT ELECTRICAL ENTERPRISE','2015-08-30 21:04:24','2015-08-30 21:04:24'),
	(2051,'MCDONALD CORP','2015-08-30 21:04:24','2015-08-30 21:04:24'),
	(2052,'PCPP OPERATION COMPANY','2015-08-30 21:04:24','2015-08-30 21:04:24'),
	(2053,'PPG PERFORMANCE','2015-08-30 21:04:24','2015-08-30 21:04:24'),
	(2054,'HESS OIL AND GAS','2015-08-30 21:04:24','2015-08-30 21:04:24'),
	(2055,'WILHELMSEN SHIP SERVICES ','2015-08-30 21:04:24','2015-08-30 21:04:24'),
	(2056,'OSMIND ENTERPRISE.','2015-08-30 21:04:24','2015-08-30 21:04:24'),
	(2057,'PASTI BERNAS S/B','2015-08-30 21:04:24','2015-08-30 21:04:24'),
	(2058,'PANSAR LABUAN GROUND FLOOR','2015-08-30 21:04:24','2015-08-30 21:04:24'),
	(2059,'GEOHAN S/B','2015-08-30 21:04:24','2015-08-30 21:04:24'),
	(2060,'SYARIKAT USAHA BESTARI','2015-08-30 21:04:24','2015-08-30 21:04:24'),
	(2061,'THUNDER OILFIELD SRVCS S/B','2015-08-30 21:04:24','2015-08-30 21:04:24'),
	(2062,'SHUN LONG','2015-08-30 21:04:24','2015-08-30 21:04:24'),
	(2063,'NEPTUNE ASIA ENGINEERING SRVCS','2015-08-30 21:04:24','2015-08-30 21:04:24'),
	(2064,'PRESTASI JAYA SDN. BHD','2015-08-30 21:04:24','2015-08-30 21:04:24'),
	(2065,'LA FORWARDING ENTERPRISE','2015-08-30 21:04:24','2015-08-30 21:04:24'),
	(2066,'LA FORWARDER ENTERPRISE','2015-08-30 21:04:24','2015-08-30 21:04:24'),
	(2067,'FMC TECHNOLOGIES','2015-08-30 21:04:24','2015-08-30 21:04:24'),
	(2068,'NATSELENE S/B','2015-08-30 21:04:24','2015-08-30 21:04:24'),
	(2069,'SAFEMED S/B','2015-08-30 21:04:24','2015-08-30 21:04:24'),
	(2070,'SIN LEONG YU CO','2015-08-30 21:04:24','2015-08-30 21:04:24'),
	(2071,'CRYSTAL BRIGHT STATIONERY','2015-08-30 21:04:24','2015-08-30 21:04:24'),
	(2072,'MI DRILLING','2015-08-30 21:04:24','2015-08-30 21:04:24'),
	(2073,'SINCERE FOOD S/B','2015-08-30 21:04:24','2015-08-30 21:04:24'),
	(2074,'CHAKLI SIPPING & FORWARDING S/B','2015-08-30 21:04:24','2015-08-30 21:04:24'),
	(2075,'LABUAN UNITED CONSTRUCTION S/B','2015-08-30 21:04:24','2015-08-30 21:04:24'),
	(2076,'CHAN MMC TRADING','2015-08-30 21:04:24','2015-08-30 21:04:24'),
	(2077,'KONTENA NASIONAL GLOBAL LOG. S/B','2015-08-30 21:04:24','2015-08-30 21:04:24'),
	(2078,'NEPTUNE FRIEGHT SERVICES S/B','2015-08-30 21:04:24','2015-08-30 21:04:24'),
	(2079,'ENDEAVADR MARINE CRANES (M)','2015-08-30 21:04:24','2015-08-30 21:04:24'),
	(2080,'QIFLEE RESOURSES (M) S/B','2015-08-30 21:04:24','2015-08-30 21:04:24'),
	(2081,'LIMA BINTANG LOGISTICS S/B','2015-08-30 21:04:24','2015-08-30 21:04:24'),
	(2082,'DIA LOGISTICS SDN BHD','2015-08-30 21:04:24','2015-08-30 21:04:24'),
	(2083,'IDS SEBOR SABAH SDN BHD','2015-08-30 21:04:24','2015-08-30 21:04:24'),
	(2084,'PERUSAHAAN MACSIS SDN BHD','2015-08-30 21:04:24','2015-08-30 21:04:24'),
	(2085,'GLOBAL MULTITRADE & SUPPLY','2015-08-30 21:04:24','2015-08-30 21:04:24'),
	(2086,'MANGKUBUMI SDN BHD','2015-08-30 21:04:24','2015-08-30 21:04:24'),
	(2087,'GHEE HUA COMPANY','2015-08-30 21:04:24','2015-08-30 21:04:24'),
	(2088,'PERSATUAN PENGANUT JIU WANG TA DE','2015-08-30 21:04:24','2015-08-30 21:04:24'),
	(2089,'ZAINON SHIPPING SDN BHD','2015-08-30 21:04:24','2015-08-30 21:04:24'),
	(2090,'CHEW HOONG REFRACTORY ENGINEERING S/B','2015-08-30 21:04:24','2015-08-30 21:04:24'),
	(2091,'PERSATUAN PENGANUT AGAMA','2015-08-30 21:04:24','2015-08-30 21:04:24'),
	(2092,'SENG HENG SHIPPING S/B','2015-08-30 21:04:24','2015-08-30 21:04:24'),
	(2093,'GL BINTANG ENTERPRISE','2015-08-30 21:04:24','2015-08-30 21:04:24'),
	(2094,'OLD TOWN','2015-08-30 21:04:24','2015-08-30 21:04:24'),
	(2095,'NORTHLAB SEAMS (M) SDN BHD','2015-08-30 21:04:24','2015-08-30 21:04:24'),
	(2096,'SETEGAP VENTURES PETROLEUM S/B','2015-08-30 21:04:24','2015-08-30 21:04:24'),
	(2097,'NGU BROTHER ENTERPRISE','2015-08-30 21:04:24','2015-08-30 21:04:24'),
	(2098,'SMK BEDAUN LABUAN','2015-08-30 21:04:24','2015-08-30 21:04:24'),
	(2099,'TAN CHONG & SONS MOTOR LABUAN','2015-08-30 21:04:24','2015-08-30 21:04:24'),
	(2100,'SARAWAK ELECTRICITY','2015-08-30 21:04:24','2015-08-30 21:04:24'),
	(2101,'RIGHTPOWER CORPORATION LABUAN ','2015-08-30 21:04:24','2015-08-30 21:04:24'),
	(2102,'WAN PAINTING CONSTRUCTION','2015-08-30 21:04:24','2015-08-30 21:04:24'),
	(2103,'WMP GLOBAL LOGISTICS SDN BHD','2015-08-30 21:04:24','2015-08-30 21:04:24'),
	(2104,'AEMOS INTERNATIONAL PETRONAS CARIGALI SDN BHD','2015-08-30 21:04:24','2015-08-30 21:04:24'),
	(2105,'CENTRE SIDE EXPRESS S/B','2015-08-30 21:04:24','2015-08-30 21:04:24'),
	(2106,'BINTANG MAJU HARDWARE SDN BHD','2015-08-30 21:04:24','2015-08-30 21:04:24'),
	(2107,'WELLTEC OILFIELD SERVICES (M) S/B','2015-08-30 21:04:24','2015-08-30 21:04:24'),
	(2108,'JAVA KOSMOS SDN BHD','2015-08-30 21:04:24','2015-08-30 21:04:24'),
	(2109,'BATARAS SDN BHD','2015-08-30 21:04:24','2015-08-30 21:04:24'),
	(2110,'DENSIT ASIA PACIFIC SDN BHD','2015-08-30 21:04:24','2015-08-30 21:04:24'),
	(2111,'WELFIELD SERVICES SDN BHD','2015-08-30 21:04:24','2015-08-30 21:04:24'),
	(2112,'KAYAHAN CONSTRUCTION S/B','2015-08-30 21:04:24','2015-08-30 21:04:24'),
	(2113,'KMJ TRADING SDN BHD ','2015-08-30 21:04:24','2015-08-30 21:04:24'),
	(2114,'MY GLOBAL LOGISTICS SDN BHD','2015-08-30 21:04:24','2015-08-30 21:04:24'),
	(2115,'EXTREMZ ZONE PAINTBALL S/B','2015-08-30 21:04:24','2015-08-30 21:04:24'),
	(2116,'KEKALSAR SDN BHD','2015-08-30 21:04:24','2015-08-30 21:04:24'),
	(2117,'SKY MART TRADING','2015-08-30 21:04:24','2015-08-30 21:04:24'),
	(2118,'SYARIKAT SEH HUAT S/B','2015-08-30 21:04:24','2015-08-30 21:04:24'),
	(2119,'SEN INDUSTRIAL S/B','2015-08-30 21:04:24','2015-08-30 21:04:24'),
	(2120,'GLADRON CHEMICALS SDN BHD','2015-08-30 21:04:24','2015-08-30 21:04:24'),
	(2121,'DKSH MALAYSIA SDN BHD','2015-08-30 21:04:24','2015-08-30 21:04:24'),
	(2122,'YUN HIN ENTERPRISE','2015-08-30 21:04:24','2015-08-30 21:04:24'),
	(2123,'YUEN HIN ENTERPRISE','2015-08-30 21:04:24','2015-08-30 21:04:24'),
	(2124,'AUDIOMARK ENTERPRISE','2015-08-30 21:04:24','2015-08-30 21:04:24'),
	(2125,'SCHNEIDER ELECTRIC IT M S/B','2015-08-30 21:04:24','2015-08-30 21:04:24'),
	(2126,'SCHEIDER ELECTRIC INDUSTRIES (M) S/B','2015-08-30 21:04:24','2015-08-30 21:04:24'),
	(2127,'UTAMA OFFSHORE SUPPLIES & SERVICES S/B','2015-08-30 21:04:24','2015-08-30 21:04:24'),
	(2128,'ASIA PACIFIC SUPERYACHTS','2015-08-30 21:04:24','2015-08-30 21:04:24'),
	(2129,'CARIMIN ENGINEERING SERVICES S/B','2015-08-30 21:04:24','2015-08-30 21:04:24'),
	(2130,'INTERGRITY FABRICATION & CONSTRUCTION S/B','2015-08-30 21:04:24','2015-08-30 21:04:24'),
	(2131,'ALTUS OIL & GAS MALASIA SDN BHD','2015-08-30 21:04:24','2015-08-30 21:04:24'),
	(2132,'AUPAC INDUSTRY S/B','2015-08-30 21:04:24','2015-08-30 21:04:24'),
	(2133,'LEGA USAHA SDN BHD','2015-08-30 21:04:24','2015-08-30 21:04:24'),
	(2134,'TEO PEI LU','2015-08-30 21:04:24','2015-08-30 21:04:24'),
	(2135,'SAID KHAN ENTERPRISE ','2015-08-30 21:04:24','2015-08-30 21:04:24'),
	(2136,'MAXTUBE LTD','2015-08-30 21:04:24','2015-08-30 21:04:24'),
	(2137,'IOT PETROLEUM S/B','2015-08-30 21:04:24','2015-08-30 21:04:24'),
	(2138,'IOT PETROLEUM SDN BHD','2015-08-30 21:04:24','2015-08-30 21:04:24'),
	(2139,'TESTRITE RESOURCES','2015-08-30 21:04:24','2015-08-30 21:04:24'),
	(2140,'KF OILFIELD SERVICES','2015-08-30 21:04:24','2015-08-30 21:04:24'),
	(2141,'FMC WELLHEAD EQUIPMENT S/B','2015-08-30 21:04:24','2015-08-30 21:04:24'),
	(2142,'PEJABAT TAPAK SAUJANA & GREEN SDN BHD','2015-08-30 21:04:24','2015-08-30 21:04:24'),
	(2143,'DHL GLOBAL FORWARDING (M) SB','2015-08-30 21:04:24','2015-08-30 21:04:24'),
	(2144,'LEESING','2015-08-30 21:04:24','2015-08-30 21:04:24'),
	(2145,'CARE ION TECHNOLOGIES','2015-08-30 21:04:24','2015-08-30 21:04:24'),
	(2146,'SYARIKAT SERI NOR HOLDINGS S/B','2015-08-30 21:04:24','2015-08-30 21:04:24'),
	(2147,'LEE GUAN ENTERPRISE','2015-08-30 21:04:24','2015-08-30 21:04:24'),
	(2148,'NUSANILAI S/B','2015-08-30 21:04:24','2015-08-30 21:04:24'),
	(2149,'WNF DISTRIBUTER (M0 S/B','2015-08-30 21:04:24','2015-08-30 21:04:24'),
	(2150,'PIMMAG LABUAN BASE ','2015-08-30 21:04:24','2015-08-30 21:04:24'),
	(2151,'HMD TOURS & TRAVEL S/B','2015-08-30 21:04:24','2015-08-30 21:04:24'),
	(2152,'WNF DISTRIBUTION (M) S/B','2015-08-30 21:04:24','2015-08-30 21:04:24'),
	(2153,'NEPSLING S/B','2015-08-30 21:04:24','2015-08-30 21:04:24'),
	(2154,'LAYANGAN SHOPPER','2015-08-30 21:04:24','2015-08-30 21:04:24'),
	(2155,'BOILERMASTER (EM) S/B','2015-08-30 21:04:24','2015-08-30 21:04:24'),
	(2156,'SUB ZERO DISTRIBUTOR','2015-08-30 21:04:24','2015-08-30 21:04:24'),
	(2157,'ASTRACO FREIGHT FORWARDERS S/B','2015-08-30 21:04:24','2015-08-30 21:04:24'),
	(2158,'XTREME COMPUTER ZONE','2015-08-30 21:04:24','2015-08-30 21:04:24'),
	(2159,'ESTN SCAFFOLDING SUPPLY SDN BHD','2015-08-30 21:04:24','2015-08-30 21:04:24'),
	(2160,'KAWASAKI GAS TURBINE ASIA S/B','2015-08-30 21:04:24','2015-08-30 21:04:24'),
	(2161,'KONG LONG HUAT CHEMICALS S/B','2015-08-30 21:04:24','2015-08-30 21:04:24'),
	(2162,'PTT CORPORATION S/B','2015-08-30 21:04:24','2015-08-30 21:04:24'),
	(2163,'OBM AUTOMOBIL (M) S/B','2015-08-30 21:04:24','2015-08-30 21:04:24'),
	(2164,'AFIE ENTERPRISE SDN BHD','2015-08-30 21:04:24','2015-08-30 21:04:24'),
	(2165,'CROSSWAY ENTERPRISE','2015-08-30 21:04:24','2015-08-30 21:04:24'),
	(2166,'INSITU ENVIROTECH PTD LTD','2015-08-30 21:04:24','2015-08-30 21:04:24'),
	(2167,'EAGLE LOGISTICS S/B','2015-08-30 21:04:24','2015-08-30 21:04:24'),
	(2168,'ALTUS OIL & GAS SRVCS S/B','2015-08-30 21:04:24','2015-08-30 21:04:24'),
	(2169,'SGS PETROTECHNICAL INSPECTION (M) S/B','2015-08-30 21:04:24','2015-08-30 21:04:24'),
	(2170,'LF ASIA SEBOR SB','2015-08-30 21:04:24','2015-08-30 21:04:24'),
	(2171,'PETRA SERVICES S/B','2015-08-30 21:04:24','2015-08-30 21:04:24'),
	(2172,'OBM AUTOMART (M) S/B','2015-08-30 21:04:24','2015-08-30 21:04:24'),
	(2173,'FORTUNE TRIUMPH S/B','2015-08-30 21:04:24','2015-08-30 21:04:24'),
	(2174,'GLOBELINK MULTITRADE & SUPPLY','2015-08-30 21:04:24','2015-08-30 21:04:24'),
	(2175,'C9 INTERNATIONAL S/B','2015-08-30 21:04:24','2015-08-30 21:04:24'),
	(2176,'MUTIARA JAYA ENGINEERING','2015-08-30 21:04:24','2015-08-30 21:04:24'),
	(2177,'ST FOOD SDN BHD','2015-08-30 21:04:24','2015-08-30 21:04:24'),
	(2178,'SEMANDAH SDN BHD','2015-08-30 21:04:24','2015-08-30 21:04:24'),
	(2179,'HELMSION ENGINEERING S/B','2015-08-30 21:04:24','2015-08-30 21:04:24'),
	(2180,'ENDEAVOUR MARINE CRANES (M) S/B','2015-08-30 21:04:24','2015-08-30 21:04:24'),
	(2181,'KCCI MAJU (LABUAN) S/B','2015-08-30 21:04:24','2015-08-30 21:04:24'),
	(2182,'AMSITO OILWELL SERVICES (M) S/B','2015-08-30 21:04:24','2015-08-30 21:04:24'),
	(2183,'ABSOLUTE AIR SCUBA S/B','2015-08-30 21:04:24','2015-08-30 21:04:24'),
	(2184,'SUPERIER MAJU ENGINEERING S/B','2015-08-30 21:04:24','2015-08-30 21:04:24'),
	(2185,'TCIE LABUAN S/B','2015-08-30 21:04:24','2015-08-30 21:04:24'),
	(2186,'JALUR ANGGUN SDN BHD','2015-08-30 21:04:24','2015-08-30 21:04:24'),
	(2187,'NEW TECH FURNITURE S/B','2015-08-30 21:04:24','2015-08-30 21:04:24'),
	(2188,'HAO YIN TRADING ','2015-08-30 21:04:24','2015-08-30 21:04:24'),
	(2189,'SKC IMPORT & EXPORT','2015-08-30 21:04:24','2015-08-30 21:04:24'),
	(2190,'CLIMAX DISTTRIBUTOR S/B','2015-08-30 21:04:24','2015-08-30 21:04:24'),
	(2191,'EASTERN STRUCTURE ENGINEERING S/B','2015-08-30 21:04:24','2015-08-30 21:04:24'),
	(2192,'PETRONAS CHEMICAL METHANOL (L) ','2015-08-30 21:04:24','2015-08-30 21:04:24'),
	(2193,'TC INTERNATIONAL TRADING','2015-08-30 21:04:24','2015-08-30 21:04:24'),
	(2194,'SUNSET BEACH LBN F.T','2015-08-30 21:04:24','2015-08-30 21:04:24'),
	(2195,'TC INTERNATIONAL TRADING (M) S/B','2015-08-30 21:04:24','2015-08-30 21:04:24'),
	(2196,'UNSUR HEBAT SDN BHD','2015-08-30 21:04:24','2015-08-30 21:04:24'),
	(2197,'RIGHTPOWER CORPORATION SDN BHD','2015-08-30 21:04:24','2015-08-30 21:04:24'),
	(2198,'RESPOHPADU SDN BHD','2015-08-30 21:04:24','2015-08-30 21:04:24'),
	(2199,'RIMBA RAMIN','2015-08-30 21:04:24','2015-08-30 21:04:24'),
	(2200,'ASAS NADI S/B','2015-08-30 21:04:24','2015-08-30 21:04:24'),
	(2201,'MANIKAR BEACH RESORT','2015-08-30 21:04:24','2015-08-30 21:04:24'),
	(2202,'NATIONAL OILWELL VARGO','2015-08-30 21:04:24','2015-08-30 21:04:24'),
	(2203,'K.M SINGH S/B','2015-08-30 21:04:24','2015-08-30 21:04:24'),
	(2204,'GELIGA SLIPWAY S/B','2015-08-30 21:04:24','2015-08-30 21:04:24'),
	(2205,'HARTRODT AIR SERVICES','2015-08-30 21:04:24','2015-08-30 21:04:24'),
	(2206,'CSE GROUP OF COMPANIES','2015-08-30 21:04:24','2015-08-30 21:04:24'),
	(2207,'INVENT LOGISTICS S/B','2015-08-30 21:04:24','2015-08-30 21:04:24'),
	(2208,'BORNEO KAINMEWAH SDN BHD','2015-08-30 21:04:24','2015-08-30 21:04:24'),
	(2209,'SMD TRADING','2015-08-30 21:04:24','2015-08-30 21:04:24'),
	(2210,'KIMRAJ ROOPLAL','2015-08-30 21:04:24','2015-08-30 21:04:24'),
	(2211,'MAJU JAYA S/B','2015-08-30 21:04:24','2015-08-30 21:04:24'),
	(2212,'TUNG FANG TRADING','2015-08-30 21:04:24','2015-08-30 21:04:24'),
	(2213,'KENCANA PINEWELL S/B','2015-08-30 21:04:24','2015-08-30 21:04:24'),
	(2214,'HENG HUAT HANG ENTERPRISE','2015-08-30 21:04:24','2015-08-30 21:04:24'),
	(2215,'JBA WILAYAH PERSEKUTUAN LABUAN','2015-08-30 21:04:24','2015-08-30 21:04:24'),
	(2216,'ANJUNG EKAR S/B','2015-08-30 21:04:24','2015-08-30 21:04:24'),
	(2217,'TRANSMARK ASIA LOGISTIC (M) S/B','2015-08-30 21:04:24','2015-08-30 21:04:24'),
	(2218,'ASAS NADI','2015-08-30 21:04:24','2015-08-30 21:04:24'),
	(2219,'NORTH JAVA SEA GROUP (M) S/B','2015-08-30 21:04:24','2015-08-30 21:04:24'),
	(2220,'TANG LONG CIGARETTES FACTORY','2015-08-30 21:04:24','2015-08-30 21:04:24'),
	(2221,'CHELIN TRADING','2015-08-30 21:04:24','2015-08-30 21:04:24'),
	(2222,'BAYULINK S/B','2015-08-30 21:04:24','2015-08-30 21:04:24'),
	(2223,'MITA OILFIELD SERVICES (M) S/B','2015-08-30 21:04:24','2015-08-30 21:04:24'),
	(2224,'EXPRO OILFIELD SERVICES S/B','2015-08-30 21:04:24','2015-08-30 21:04:24'),
	(2225,'TITIAN USAHA S/B','2015-08-30 21:04:24','2015-08-30 21:04:24'),
	(2226,'PETRO EQUIPS ASIA PACIFIC S/B','2015-08-30 21:04:24','2015-08-30 21:04:24'),
	(2227,'AKER QSERV S/B','2015-08-30 21:04:24','2015-08-30 21:04:24'),
	(2228,'PENJARA LABUAN','2015-08-30 21:04:24','2015-08-30 21:04:24'),
	(2229,'RADZUAN MOHD RADZUAN BIN YUSOF','2015-08-30 21:04:24','2015-08-30 21:04:24'),
	(2230,'AHMAD RAFIEI BIN SHEIKH SALLEH','2015-08-30 21:04:24','2015-08-30 21:04:24'),
	(2231,'NEXUS MEGA CARRIERS S/B','2015-08-30 21:04:24','2015-08-30 21:04:24'),
	(2232,'TEO CHEE YAM','2015-08-30 21:04:24','2015-08-30 21:04:24'),
	(2233,'SITI AMINAH BINTI AHMAD RAMLI','2015-08-30 21:04:24','2015-08-30 21:04:24'),
	(2234,'GAGAH SATRIA (M) S/B','2015-08-30 21:04:24','2015-08-30 21:04:24'),
	(2235,'SUGANTHI A/P NITSINGAM','2015-08-30 21:04:24','2015-08-30 21:04:24'),
	(2236,'SOMUDDIN BIN ANIH','2015-08-30 21:04:24','2015-08-30 21:04:24'),
	(2237,'JINOH BIN SIPIN','2015-08-30 21:04:24','2015-08-30 21:04:24'),
	(2238,'ABDUL MUMIN BIN APONG','2015-08-30 21:04:24','2015-08-30 21:04:24'),
	(2239,'SITI HERLINA BINTI HUSSIN','2015-08-30 21:04:24','2015-08-30 21:04:24'),
	(2240,'ABDUL AZIZ BIN OMAR','2015-08-30 21:04:24','2015-08-30 21:04:24'),
	(2241,'LEN ONG ENTERPRISE','2015-08-30 21:04:24','2015-08-30 21:04:24'),
	(2242,'IBHRAHIM BIN OMAR','2015-08-30 21:04:24','2015-08-30 21:04:24'),
	(2243,'NUBAYU OFFSHORE COMPANY S/B','2015-08-30 21:04:24','2015-08-30 21:04:24'),
	(2244,'SAID ENTERPRISE S/B','2015-08-30 21:04:24','2015-08-30 21:04:24'),
	(2245,'INTERNATIONAL SHIPCARE S/B','2015-08-30 21:04:24','2015-08-30 21:04:24'),
	(2246,'PDZ SHIPPING AGENCY SABAH S/B','2015-08-30 21:04:24','2015-08-30 21:04:24'),
	(2247,'MI DRILLING FLUIDS (M) S/B','2015-08-30 21:04:24','2015-08-30 21:04:24'),
	(2248,'PRIMESOURCING INTERNATIONAL SDN BHD','2015-08-30 21:04:24','2015-08-30 21:04:24'),
	(2249,'MHK KASTURI TRADING','2015-08-30 21:04:24','2015-08-30 21:04:24'),
	(2250,'KK FOODSTUFFS S/B','2015-08-30 21:04:24','2015-08-30 21:04:24'),
	(2251,'FAMILY SHOPPING MART','2015-08-30 21:04:24','2015-08-30 21:04:24'),
	(2252,'DENSIT ASIA PASIFIC S/B','2015-08-30 21:04:24','2015-08-30 21:04:24'),
	(2253,'LABUAN PUBLIC MARINA','2015-08-30 21:04:24','2015-08-30 21:04:24'),
	(2254,'QUICK PLAN S/B','2015-08-30 21:04:24','2015-08-30 21:04:24'),
	(2255,'GE WATER & PROCESS TECHNOLOGIES','2015-08-30 21:04:24','2015-08-30 21:04:24'),
	(2256,'ABD HALIM BIN MD NOOR','2015-08-30 21:04:24','2015-08-30 21:04:24'),
	(2257,'HB INDUSTRIAL SUPPLY S/B','2015-08-30 21:04:24','2015-08-30 21:04:24'),
	(2258,'WAWASAN MAJUSAMA S/B','2015-08-30 21:04:24','2015-08-30 21:04:24'),
	(2259,'LABUAN MARINE RESOURCES S/B','2015-08-30 21:04:24','2015-08-30 21:04:24'),
	(2260,'LISAG SDN BHD','2015-08-30 21:04:24','2015-08-30 21:04:24'),
	(2261,'NEWFIELD EXPLORATION','2015-08-30 21:04:24','2015-08-30 21:04:24'),
	(2262,'YUN KWONG & KAY TEOW TRADING','2015-08-30 21:04:24','2015-08-30 21:04:24'),
	(2263,'LESSING SALES & MARKETING (EM) S/B','2015-08-30 21:04:24','2015-08-30 21:04:24'),
	(2264,'SRI LAYANG ENTERPRISE','2015-08-30 21:04:24','2015-08-30 21:04:24'),
	(2265,'SYARIKAT NS COLD ROOM & REFRIGERATOR','2015-08-30 21:04:24','2015-08-30 21:04:24'),
	(2266,'DESTINY SHIPPING AGENCY SDN BHD','2015-08-30 21:04:24','2015-08-30 21:04:24'),
	(2267,'OCEAN SUCCESS (M) S/B','2015-08-30 21:04:24','2015-08-30 21:04:24'),
	(2268,'PARKSON RIA LABUAN','2015-08-30 21:04:24','2015-08-30 21:04:24'),
	(2269,'EXACT AUTOMATION SDN BHD','2015-08-30 21:04:24','2015-08-30 21:04:24'),
	(2270,'MASTER OF M/V ELNUSA FINDER','2015-08-30 21:04:24','2015-08-30 21:04:24'),
	(2271,'ULTIMATE ADVENTURE ZONE','2015-08-30 21:04:24','2015-08-30 21:04:24'),
	(2272,'ENSCO ASIA PACIFIC PTE LTD','2015-08-30 21:04:24','2015-08-30 21:04:24'),
	(2273,'POLCOM DEVELOPMENT S/B','2015-08-30 21:04:24','2015-08-30 21:04:24'),
	(2274,'V.Y. ENTERPRISE','2015-08-30 21:04:24','2015-08-30 21:04:24'),
	(2275,'TUAN SAEDI BIN TUAN MAKTAR','2015-08-30 21:04:24','2015-08-30 21:04:24'),
	(2276,'KUMPULAN NIAGA MAHMUD TAIB','2015-08-30 21:04:24','2015-08-30 21:04:24'),
	(2277,'ULTRADEX ENGINEERING SUPPLY S/B','2015-08-30 21:04:24','2015-08-30 21:04:24'),
	(2278,'BOK PILING SDN BHD','2015-08-30 21:04:24','2015-08-30 21:04:24'),
	(2279,'FRANCISCO JAVIER ZILLO','2015-08-30 21:04:24','2015-08-30 21:04:24'),
	(2280,'TAIKO MARKETING SDN BHD','2015-08-30 21:04:24','2015-08-30 21:04:24'),
	(2281,'TCIE LABUAN (SABAH) S/B','2015-08-30 21:04:24','2015-08-30 21:04:24'),
	(2282,'ART FORCE SYNERGY SDN BHD','2015-08-30 21:04:24','2015-08-30 21:04:24'),
	(2283,'MOHD FAIRUZ ZAKRI BIN CHIK','2015-08-30 21:04:24','2015-08-30 21:04:24'),
	(2284,'BOURBON HAMELIN','2015-08-30 21:04:24','2015-08-30 21:04:24'),
	(2285,'PCSB SBO OPERATIONS','2015-08-30 21:04:25','2015-08-30 21:04:25'),
	(2286,'TRANSOCEAN ASIA SERVICES SDN BHD','2015-08-30 21:04:25','2015-08-30 21:04:25'),
	(2287,'MOHD FAIZAL BIN ABD KARIM','2015-08-30 21:04:25','2015-08-30 21:04:25'),
	(2288,'OVERSEA CHINESE BANKING','2015-08-30 21:04:25','2015-08-30 21:04:25'),
	(2289,'EVOLUSI ETNIK S/B','2015-08-30 21:04:25','2015-08-30 21:04:25'),
	(2290,'PMJ OFFSHORE SUPPLIES S/B','2015-08-30 21:04:25','2015-08-30 21:04:25'),
	(2291,'AMERTEST ENGINEERING SDN BHD','2015-08-30 21:04:25','2015-08-30 21:04:25'),
	(2292,'MSA SAFETY MALAYSIA SDN BHD','2015-08-30 21:04:25','2015-08-30 21:04:25'),
	(2293,'TANJUNG OFFSHORE SERVICES SDN BHD','2015-08-30 21:04:25','2015-08-30 21:04:25'),
	(2294,'BARISAN SAMUDERA S/B','2015-08-30 21:04:25','2015-08-30 21:04:25'),
	(2295,'MAERSK COMPLETER ','2015-08-30 21:04:25','2015-08-30 21:04:25'),
	(2296,'LUNDIN MALAYSIA B.V. LABUAN','2015-08-30 21:04:25','2015-08-30 21:04:25'),
	(2297,'SUN DEPARTMENT STORE (M) S/B','2015-08-30 21:04:25','2015-08-30 21:04:25'),
	(2298,'INTERMOOR INC','2015-08-30 21:04:25','2015-08-30 21:04:25'),
	(2299,'DURAGATE ENGINEERING & SERVICES S/B','2015-08-30 21:04:25','2015-08-30 21:04:25'),
	(2300,'TACKLEWORLD SPORT & FISHING','2015-08-30 21:04:25','2015-08-30 21:04:25'),
	(2301,'JOLAC ENGINEERING SDN BHD','2015-08-30 21:04:25','2015-08-30 21:04:25'),
	(2302,'WENHUN ENTERPRISE','2015-08-30 21:04:25','2015-08-30 21:04:25'),
	(2303,'UNIVERSITI MALAYSIA SABAH','2015-08-30 21:04:25','2015-08-30 21:04:25'),
	(2304,'RUNCIT HONG FATT','2015-08-30 21:04:25','2015-08-30 21:04:25'),
	(2305,'INTERLUMEN GENERAL CONTRACTOR','2015-08-30 21:04:25','2015-08-30 21:04:25'),
	(2306,'MARIWANGSA MAJU LABUAN','2015-08-30 21:04:25','2015-08-30 21:04:25'),
	(2307,'LABUAN TECH & HARDWARE S/B','2015-08-30 21:04:25','2015-08-30 21:04:25'),
	(2308,'NOBLE STAR SERVICES PTE LTD','2015-08-30 21:04:25','2015-08-30 21:04:25'),
	(2309,'KOK GARDEN','2015-08-30 21:04:25','2015-08-30 21:04:25'),
	(2310,'ASTURI METAL BUILDERS (M) S/B','2015-08-30 21:04:25','2015-08-30 21:04:25'),
	(2311,'TIARA HOTEL LABUAN','2015-08-30 21:04:25','2015-08-30 21:04:25'),
	(2312,'SEE  & SONS S/B','2015-08-30 21:04:25','2015-08-30 21:04:25'),
	(2313,'SERMACO RESOURCES S/B','2015-08-30 21:04:25','2015-08-30 21:04:25'),
	(2314,'EMZEE VENTURES SDN BHD','2015-08-30 21:04:25','2015-08-30 21:04:25'),
	(2315,'ASIA LOGISTICS S/B','2015-08-30 21:04:25','2015-08-30 21:04:25'),
	(2316,'MASTEROF MV SG GLORY ','2015-08-30 21:04:25','2015-08-30 21:04:25'),
	(2317,'THE MASTER OF WESTERN SPIRIT','2015-08-30 21:04:25','2015-08-30 21:04:25'),
	(2318,'THE MASTER OF WESTERN PATRIOT','2015-08-30 21:04:25','2015-08-30 21:04:25'),
	(2319,'MURPHY SABAH OIL CO L','2015-08-30 21:04:25','2015-08-30 21:04:25'),
	(2320,'NF KONG ENGINEERING S/B','2015-08-30 21:04:25','2015-08-30 21:04:25'),
	(2321,'RAFFLES OFFSHORE MARINE SVS','2015-08-30 21:04:25','2015-08-30 21:04:25'),
	(2322,'MASTER OF VESSEL BOURBON INTAN','2015-08-30 21:04:25','2015-08-30 21:04:25'),
	(2323,'ARAH SUKMA SDN BHD','2015-08-30 21:04:25','2015-08-30 21:04:25'),
	(2324,'TRANSPROMPT EX SDN BHD','2015-08-30 21:04:25','2015-08-30 21:04:25'),
	(2325,'TRANSOCEAN OFFSHORE DEEPWATER','2015-08-30 21:04:25','2015-08-30 21:04:25'),
	(2326,'MASTER ALLIED JANE','2015-08-30 21:04:25','2015-08-30 21:04:25'),
	(2327,'MASTER OF DLB264','2015-08-30 21:04:25','2015-08-30 21:04:25'),
	(2328,'JONG FOH JOON','2015-08-30 21:04:25','2015-08-30 21:04:25'),
	(2329,'HARCROS (SABAH) SDN BHD','2015-08-30 21:04:25','2015-08-30 21:04:25'),
	(2330,'GOM RESOURCES S/B','2015-08-30 21:04:25','2015-08-30 21:04:25'),
	(2331,'DELEUM SERVICES SDN BHD','2015-08-30 21:04:25','2015-08-30 21:04:25'),
	(2332,'DANCOM SYSTEM SDN BHD','2015-08-30 21:04:25','2015-08-30 21:04:25'),
	(2333,'MS NORFARAHDINA BINTI RAMLI','2015-08-30 21:04:25','2015-08-30 21:04:25'),
	(2334,'PENAGA ORBIT S/B','2015-08-30 21:04:25','2015-08-30 21:04:25'),
	(2335,'TL ENTERPRISE','2015-08-30 21:04:25','2015-08-30 21:04:25'),
	(2336,'K.M SINGH SDN BHD','2015-08-30 21:04:25','2015-08-30 21:04:25'),
	(2337,'GEOEAST (M','2015-08-30 21:04:25','2015-08-30 21:04:25'),
	(2338,'GEOEAST (M) SDN BHD','2015-08-30 21:04:25','2015-08-30 21:04:25'),
	(2339,'SHANGKAR NAIDU A/L VENUGOPAL','2015-08-30 21:04:25','2015-08-30 21:04:25'),
	(2340,'FREELANDER TECHNOLOGIES','2015-08-30 21:04:25','2015-08-30 21:04:25'),
	(2341,'ITS SCOMI SDN BHD','2015-08-30 21:04:25','2015-08-30 21:04:25'),
	(2342,'MASTER OF MV WESTERN SPIRIT','2015-08-30 21:04:25','2015-08-30 21:04:25'),
	(2343,'FOR MASTER OF GEOWAVE VAYAGER','2015-08-30 21:04:25','2015-08-30 21:04:25'),
	(2344,'JUNAIDA BINTI EMBOK DAIK','2015-08-30 21:04:25','2015-08-30 21:04:25'),
	(2345,'CADANGAN PEMBINAN TAMAN REKREASI','2015-08-30 21:04:25','2015-08-30 21:04:25'),
	(2346,'GE WATER MALAYSIA','2015-08-30 21:04:25','2015-08-30 21:04:25'),
	(2347,'PACIFIC INTERNATIONAL LINES','2015-08-30 21:04:25','2015-08-30 21:04:25'),
	(2348,'AMRAN BIN SHUAIB','2015-08-30 21:04:25','2015-08-30 21:04:25'),
	(2349,'SHAMSHULRINA BINTI MOHD ARSHAD','2015-08-30 21:04:25','2015-08-30 21:04:25'),
	(2350,'NORIDI BIN MOHD PIRUS','2015-08-30 21:04:25','2015-08-30 21:04:25'),
	(2351,'CHE SHUKRI BIN YUSOF','2015-08-30 21:04:25','2015-08-30 21:04:25'),
	(2352,'FARID BIN MOHAMED','2015-08-30 21:04:25','2015-08-30 21:04:25'),
	(2353,'TANG POH LIN','2015-08-30 21:04:25','2015-08-30 21:04:25'),
	(2354,'JULIANA BINTI ALI','2015-08-30 21:04:25','2015-08-30 21:04:25'),
	(2355,'ARTHUR ANAK JOHNNY BANA','2015-08-30 21:04:25','2015-08-30 21:04:25'),
	(2356,'MAC BUILDER','2015-08-30 21:04:25','2015-08-30 21:04:25'),
	(2357,'VISION TRADING  & SERVICES','2015-08-30 21:04:25','2015-08-30 21:04:25'),
	(2358,'U METAL & HARDWARE','2015-08-30 21:04:25','2015-08-30 21:04:25'),
	(2359,'WINTECH TRADING S/B','2015-08-30 21:04:25','2015-08-30 21:04:25'),
	(2360,'WONG CHIK LIM HOLDINGS S/B','2015-08-30 21:04:25','2015-08-30 21:04:25'),
	(2361,'SHELL PHILIPINES EXPLORATION B V','2015-08-30 21:04:25','2015-08-30 21:04:25'),
	(2362,'GANDA SEJAGAT SDN BHD','2015-08-30 21:04:25','2015-08-30 21:04:25'),
	(2363,'BINARY OFFSHORE SDN BHD','2015-08-30 21:04:25','2015-08-30 21:04:25'),
	(2364,'INTERGRITY & ENGINEERING DEPARTMENT','2015-08-30 21:04:25','2015-08-30 21:04:25'),
	(2365,'PANTECH CORPOTATION SDN BHD','2015-08-30 21:04:25','2015-08-30 21:04:25'),
	(2366,'BC PETROLEUM SDN BHD','2015-08-30 21:04:25','2015-08-30 21:04:25'),
	(2367,'PEMBORONG WCW','2015-08-30 21:04:25','2015-08-30 21:04:25'),
	(2368,'IMAGE STONE DECOR (S) S/B','2015-08-30 21:04:25','2015-08-30 21:04:25'),
	(2369,'SERBA WARISAN SDN BHD','2015-08-30 21:04:25','2015-08-30 21:04:25'),
	(2370,'ADVANCE ENERGY SDN BHD','2015-08-30 21:04:25','2015-08-30 21:04:25'),
	(2371,'LABUAN FOOD INDUSTRIES S/B','2015-08-30 21:04:25','2015-08-30 21:04:25'),
	(2372,'IMA JATI','2015-08-30 21:04:25','2015-08-30 21:04:25'),
	(2373,'PERSAVE ENGINEERING','2015-08-30 21:04:25','2015-08-30 21:04:25'),
	(2374,'TAMAN REKREASI OFFSHORE (PADANG GOLF)','2015-08-30 21:04:25','2015-08-30 21:04:25'),
	(2375,'FRAMO ENGINEERING ASIA PACIFIC','2015-08-30 21:04:25','2015-08-30 21:04:25'),
	(2376,'DELEUM OILFIELD SERVICES S/B','2015-08-30 21:04:25','2015-08-30 21:04:25'),
	(2377,'DACING OILFIELD SUPPLIES (M) S/B','2015-08-30 21:04:25','2015-08-30 21:04:25'),
	(2378,'JAS FORWARDING GMBH','2015-08-30 21:04:25','2015-08-30 21:04:25'),
	(2379,'ENERSAFE SAFETY SYSTEMS LABUAN','2015-08-30 21:04:25','2015-08-30 21:04:25'),
	(2380,'MASTER OF LEWEK EMERALD','2015-08-30 21:04:25','2015-08-30 21:04:25'),
	(2381,'LINE OK ENTERPRISE','2015-08-30 21:04:25','2015-08-30 21:04:25'),
	(2382,'INOVATIF ENGINEERING SRVCS (M) SDN BHD','2015-08-30 21:04:25','2015-08-30 21:04:25'),
	(2383,'TEE & CHUA S/B','2015-08-30 21:04:25','2015-08-30 21:04:25'),
	(2384,'THE CHURCH OF HOLY SAVIOR','2015-08-30 21:04:25','2015-08-30 21:04:25'),
	(2385,'TUKANG EMAS SHUN VICK SDN BHD','2015-08-30 21:04:25','2015-08-30 21:04:25'),
	(2386,'EASPORT MARINE SDN BHD','2015-08-30 21:04:25','2015-08-30 21:04:25'),
	(2387,'SGS (M) S/B','2015-08-30 21:04:25','2015-08-30 21:04:25'),
	(2388,'VERITRANS GLOBAL LOGISTICS (M) S/B','2015-08-30 21:04:25','2015-08-30 21:04:25'),
	(2389,'THANG LONG CIGARETTES FACTORY','2015-08-30 21:04:25','2015-08-30 21:04:25'),
	(2390,'OKPAME ASSOCIATES S/B LABUAN FT','2015-08-30 21:04:25','2015-08-30 21:04:25'),
	(2391,'EXPRO PTI EXPRO OILFIELD SERVICES','2015-08-30 21:04:25','2015-08-30 21:04:25'),
	(2392,'MASTER OF MV AJANG ISA','2015-08-30 21:04:25','2015-08-30 21:04:25'),
	(2393,'CAMERON MALAYSIA SDN BHD','2015-08-30 21:04:25','2015-08-30 21:04:25'),
	(2394,'PERSAFE ENGINEERING S/B','2015-08-30 21:04:25','2015-08-30 21:04:25'),
	(2395,'TRANS BORNEO CAPITAL SDN BHD','2015-08-30 21:04:25','2015-08-30 21:04:25'),
	(2396,'LARISAN TIARA SDN BHD','2015-08-30 21:04:25','2015-08-30 21:04:25'),
	(2397,'STEELCASE OFFICE SOLUTIONS (M) S/B','2015-08-30 21:04:25','2015-08-30 21:04:25'),
	(2398,'TRANCY LOGISTICS (M) SDN BHD','2015-08-30 21:04:25','2015-08-30 21:04:25'),
	(2399,'MOHAMMAD RIZAL BIN ABDUL HAMID','2015-08-30 21:04:25','2015-08-30 21:04:25'),
	(2400,'ORION INTERGRATED S/B','2015-08-30 21:04:25','2015-08-30 21:04:25'),
	(2401,'OPRION INTERGRATED S/B','2015-08-30 21:04:25','2015-08-30 21:04:25'),
	(2402,'MASTER OF MV GEOVOYAGER','2015-08-30 21:04:25','2015-08-30 21:04:25'),
	(2403,'PUSAT JAM TAI WAH','2015-08-30 21:04:25','2015-08-30 21:04:25'),
	(2404,'CALISTER TAN FOOK KWAN','2015-08-30 21:04:25','2015-08-30 21:04:25'),
	(2405,'YUN KWANG ENTERPRISE','2015-08-30 21:04:25','2015-08-30 21:04:25'),
	(2406,'INTERTARDE MARKETING & SERVICES','2015-08-30 21:04:25','2015-08-30 21:04:25'),
	(2407,'TENSA RESOURCER SDN BHD','2015-08-30 21:04:25','2015-08-30 21:04:25'),
	(2408,'ORION INTERGRATED SDN BHD','2015-08-30 21:04:25','2015-08-30 21:04:25'),
	(2409,'GEOKINETICS GEOPHYSICAL MALAYSIA SB','2015-08-30 21:04:25','2015-08-30 21:04:25'),
	(2410,'WELLTEC MALAYSIA S/B','2015-08-30 21:04:25','2015-08-30 21:04:25'),
	(2411,'PMBALUMINIUM SABAH SDN BHD','2015-08-30 21:04:25','2015-08-30 21:04:25'),
	(2412,'PMB ALUMINIUM SABAH SDN BHD','2015-08-30 21:04:25','2015-08-30 21:04:25'),
	(2413,'PETRONAS SERVICES STATION','2015-08-30 21:04:25','2015-08-30 21:04:25'),
	(2414,'WORKER HIRE OILFIELD','2015-08-30 21:04:25','2015-08-30 21:04:25'),
	(2415,'ENSCO GERUDI (M) S/B CO','2015-08-30 21:04:25','2015-08-30 21:04:25'),
	(2416,'H.A.Z LOGISTICS SHIPPING & MOVERS S/B','2015-08-30 21:04:25','2015-08-30 21:04:25'),
	(2417,'QUIFFLEE RESOURCES (M) S/B','2015-08-30 21:04:25','2015-08-30 21:04:25'),
	(2418,'RANJET SINGH','2015-08-30 21:04:25','2015-08-30 21:04:25'),
	(2419,'SHAIFUL AZNI BIN SAHRAN','2015-08-30 21:04:25','2015-08-30 21:04:25'),
	(2420,'SABAH SHEEL BHD','2015-08-30 21:04:25','2015-08-30 21:04:25'),
	(2421,'MASTER OF GEOWAVE VOYAGER','2015-08-30 21:04:25','2015-08-30 21:04:25'),
	(2422,'IDEMCO SDN BHD LBN','2015-08-30 21:04:25','2015-08-30 21:04:25'),
	(2423,'FAZCRUZ LOGICTICS AGENCY','2015-08-30 21:04:25','2015-08-30 21:04:25'),
	(2424,'GERMAXCO CHEMCARGO MANAGMENT PTE LTD','2015-08-30 21:04:25','2015-08-30 21:04:25'),
	(2425,'NUSA DAMAI (M) SDN BHD','2015-08-30 21:04:25','2015-08-30 21:04:25'),
	(2426,'DR MIKE CHAN','2015-08-30 21:04:25','2015-08-30 21:04:25'),
	(2427,'MENTONTECH SDN BHD','2015-08-30 21:04:25','2015-08-30 21:04:25'),
	(2428,'DURIAN RESORCES','2015-08-30 21:04:25','2015-08-30 21:04:25'),
	(2429,'HDURIAN RESOURCES','2015-08-30 21:04:25','2015-08-30 21:04:25'),
	(2430,'JABATAN PENYIARAN MALAYSIA LBN','2015-08-30 21:04:25','2015-08-30 21:04:25'),
	(2431,'23 SELFLAUNDRY CONCEPT S/B','2015-08-30 21:04:25','2015-08-30 21:04:25'),
	(2432,'SHANSARI BIN DAHAN','2015-08-30 21:04:25','2015-08-30 21:04:25'),
	(2433,'GIANT SUPERMARKET LABUAN','2015-08-30 21:04:25','2015-08-30 21:04:25'),
	(2434,'BATA RETAIL STORE','2015-08-30 21:04:25','2015-08-30 21:04:25'),
	(2435,'AT BALANCE SERVICES','2015-08-30 21:04:25','2015-08-30 21:04:25'),
	(2436,'ZULFADZLI BIN AZIZ @ ABDUL HAMID','2015-08-30 21:04:25','2015-08-30 21:04:25'),
	(2437,'TAPAK PEMBINAAN LABUAN HALAL','2015-08-30 21:04:25','2015-08-30 21:04:25'),
	(2438,'INTRARISE SDN BHD','2015-08-30 21:04:25','2015-08-30 21:04:25'),
	(2439,'DESA 7 RESOURCES (M) S/B','2015-08-30 21:04:25','2015-08-30 21:04:25'),
	(2440,'NIPPON OIL & GAS EXPLORATION','2015-08-30 21:04:25','2015-08-30 21:04:25'),
	(2441,'AKER PROCESS SYSTEM ASIA PACIFIC SB','2015-08-30 21:04:25','2015-08-30 21:04:25'),
	(2442,'GEOWELL SDN BHD','2015-08-30 21:04:25','2015-08-30 21:04:25'),
	(2443,'ASTRY ADRIANA BINTI ABD SALLEH','2015-08-30 21:04:25','2015-08-30 21:04:25'),
	(2444,'LEESING SALES & MARKETING (EM) S/B','2015-08-30 21:04:25','2015-08-30 21:04:25'),
	(2445,'SSPC SSB ME WORKSHOP','2015-08-30 21:04:25','2015-08-30 21:04:25'),
	(2446,'CERGAS OILFIELD & EN SDN BHD','2015-08-30 21:04:25','2015-08-30 21:04:25'),
	(2447,'EMIZ ENTERPRISE SDN BHD','2015-08-30 21:04:25','2015-08-30 21:04:25'),
	(2448,'SCHENKER SINGAPORE (PTE) LTD','2015-08-30 21:04:25','2015-08-30 21:04:25'),
	(2449,'MCL SYNERGY SDN BHD','2015-08-30 21:04:25','2015-08-30 21:04:25'),
	(2450,'TLS MARKETING SDN BHD','2015-08-30 21:04:25','2015-08-30 21:04:25'),
	(2451,'APAC WEL SERVICES S/B','2015-08-30 21:04:25','2015-08-30 21:04:25'),
	(2452,'THE MASTER OF PERDANA LIBERTY','2015-08-30 21:04:25','2015-08-30 21:04:25'),
	(2453,'THE MASTER OF MV OWNER','2015-08-30 21:04:25','2015-08-30 21:04:25'),
	(2454,'CEPAT AGENCY','2015-08-30 21:04:25','2015-08-30 21:04:25'),
	(2455,'TO THE MASTER OF MV OWNER','2015-08-30 21:04:25','2015-08-30 21:04:25'),
	(2456,'TRACTORS PETROLEUM SERVICES SDN BHD','2015-08-30 21:04:25','2015-08-30 21:04:25'),
	(2457,'M/V VIKING VISION','2015-08-30 21:04:25','2015-08-30 21:04:25'),
	(2458,'VESCO MTO (M) SDN BHD','2015-08-30 21:04:25','2015-08-30 21:04:25'),
	(2459,'LEMBAGA TABUNG HAJI BANGUNAN','2015-08-30 21:04:25','2015-08-30 21:04:25'),
	(2460,'GAC FREIGHT SERVICES SDN BHD','2015-08-30 21:04:25','2015-08-30 21:04:25'),
	(2461,'FURSE ELECTRIC (SABAH) S/B','2015-08-30 21:04:25','2015-08-30 21:04:25'),
	(2462,'KENCANA HL SDN BHD','2015-08-30 21:04:25','2015-08-30 21:04:25'),
	(2463,'AQUILA EXPLORER IN TRANSIT','2015-08-30 21:04:25','2015-08-30 21:04:25'),
	(2464,'MASTER OF MV AQUILA EXPLORER','2015-08-30 21:04:25','2015-08-30 21:04:25'),
	(2465,'MOHD ABDUH BIN MOHD ARIS','2015-08-30 21:04:25','2015-08-30 21:04:25'),
	(2466,'PETRUCOM SDN BHD','2015-08-30 21:04:25','2015-08-30 21:04:25'),
	(2467,'MASTER OF MV PAC BINTAN','2015-08-30 21:04:25','2015-08-30 21:04:25'),
	(2468,'SMITH INTERNATIONAL SDN BHD','2015-08-30 21:04:25','2015-08-30 21:04:25'),
	(2469,'MV AQUILA EXPLORER IN TRANSIT','2015-08-30 21:04:25','2015-08-30 21:04:25'),
	(2470,'MASTER OF MV EM LEADER','2015-08-30 21:04:25','2015-08-30 21:04:25'),
	(2471,'LABUAN OCTG OPERATING YARD & OFFICE','2015-08-30 21:04:25','2015-08-30 21:04:25'),
	(2472,'BSK MARINE ENGINEERING S/B','2015-08-30 21:04:25','2015-08-30 21:04:25'),
	(2473,'LIM AIK HUA','2015-08-30 21:04:25','2015-08-30 21:04:25'),
	(2474,'MAJUDACO SDN BHD','2015-08-30 21:04:25','2015-08-30 21:04:25'),
	(2475,'KENALI TUAH SDN BHD','2015-08-30 21:04:25','2015-08-30 21:04:25'),
	(2476,'SERVCO RESOURCES S/B','2015-08-30 21:04:25','2015-08-30 21:04:25'),
	(2477,'PETER E. FUNK','2015-08-30 21:04:25','2015-08-30 21:04:25'),
	(2478,'KEMAS KURENIA (M) S/B','2015-08-30 21:04:25','2015-08-30 21:04:25'),
	(2479,'ENSCO INTER LABUAN','2015-08-30 21:04:25','2015-08-30 21:04:25'),
	(2480,'SMITH DRILLING SERVICES','2015-08-30 21:04:25','2015-08-30 21:04:25'),
	(2481,'BEN LINE AGENCIES','2015-08-30 21:04:25','2015-08-30 21:04:25'),
	(2482,'MASTER OF MV POST CONQUEST','2015-08-30 21:04:25','2015-08-30 21:04:25'),
	(2483,'STEELJOINT RESOURCES S/B','2015-08-30 21:04:25','2015-08-30 21:04:25'),
	(2484,'NRS ENTERPRISE','2015-08-30 21:04:25','2015-08-30 21:04:25'),
	(2485,'PETRO EQUIP SUPPLY & SERVICES S/B','2015-08-30 21:04:25','2015-08-30 21:04:25'),
	(2486,'SOLIDGRO ENERGY S/B','2015-08-30 21:04:25','2015-08-30 21:04:25'),
	(2487,'INDEPENDENT OIL TOOLS (M) S/B','2015-08-30 21:04:25','2015-08-30 21:04:25'),
	(2488,'EASY REGION ENGINEERING S/B','2015-08-30 21:04:25','2015-08-30 21:04:25'),
	(2489,'LEE CHEAM CHOON','2015-08-30 21:04:25','2015-08-30 21:04:25'),
	(2490,'INTAN CARGO SERVICES','2015-08-30 21:04:25','2015-08-30 21:04:25'),
	(2491,'SYARIKAT THYE SENG HARDWARE S/B','2015-08-30 21:04:25','2015-08-30 21:04:25'),
	(2492,'PALB RESOURCES ','2015-08-30 21:04:25','2015-08-30 21:04:25'),
	(2493,'NAUTIC OFFSHORE P/L','2015-08-30 21:04:25','2015-08-30 21:04:25'),
	(2494,'SITE OFFICE, SAUJANA ESCAFE & GREENS SB','2015-08-30 21:04:25','2015-08-30 21:04:25'),
	(2495,'DYCO WORKS SDN BHD','2015-08-30 21:04:25','2015-08-30 21:04:25'),
	(2496,'TRILINK CONSTRUCTION SDN BHD','2015-08-30 21:04:25','2015-08-30 21:04:25'),
	(2497,'EASY REGION ENGINEERING SDN BHD','2015-08-30 21:04:25','2015-08-30 21:04:25'),
	(2498,'PETER EDGAR FARRIES','2015-08-30 21:04:25','2015-08-30 21:04:25'),
	(2499,'TD INTERNATIONAL TRADING (M) S/B','2015-08-30 21:04:25','2015-08-30 21:04:25'),
	(2500,'SEGAR & SIHAT TRADING','2015-08-30 21:04:25','2015-08-30 21:04:25'),
	(2501,'CUSTOMCRAFT (M) S/B','2015-08-30 21:04:25','2015-08-30 21:04:25'),
	(2502,'OEG ASIA PACIFIC P/L','2015-08-30 21:04:25','2015-08-30 21:04:25'),
	(2503,'ERATIUM ENGINEERING SDN BHD','2015-08-30 21:04:25','2015-08-30 21:04:25'),
	(2504,'ADELINE TAN','2015-08-30 21:04:25','2015-08-30 21:04:25'),
	(2505,'SUMITOMO CORPORATION ASIA PTE LTD','2015-08-30 21:04:25','2015-08-30 21:04:25'),
	(2506,'SHAHRIZAM BIN MOHAMMAD @ ENDUT','2015-08-30 21:04:25','2015-08-30 21:04:25'),
	(2507,'HDG TRADING','2015-08-30 21:04:25','2015-08-30 21:04:25'),
	(2508,'SIGUR ROS SDN BHD','2015-08-30 21:04:25','2015-08-30 21:04:25'),
	(2509,'INTERREMOVERS (M) S/B','2015-08-30 21:04:25','2015-08-30 21:04:25'),
	(2510,'AN NUR MARINE SERVICES (M) S/B','2015-08-30 21:04:25','2015-08-30 21:04:25'),
	(2511,'INTERMOVERS (M) S/B','2015-08-30 21:04:25','2015-08-30 21:04:25'),
	(2512,'KOOK HOE TRADING S/B','2015-08-30 21:04:25','2015-08-30 21:04:25'),
	(2513,'PEJABAT FAMA W.P LABUAN','2015-08-30 21:04:25','2015-08-30 21:04:25'),
	(2514,'REKSINAR S/B','2015-08-30 21:04:25','2015-08-30 21:04:25'),
	(2515,'CHEMSAN KONSULTANT S/B','2015-08-30 21:04:25','2015-08-30 21:04:25'),
	(2516,'ICO ASIA PACIFIC (M) S/B','2015-08-30 21:04:25','2015-08-30 21:04:25'),
	(2517,'KHEPE S/B','2015-08-30 21:04:25','2015-08-30 21:04:25'),
	(2518,'PETROTECHNICAL INSPECTION (M) S/B','2015-08-30 21:04:25','2015-08-30 21:04:25'),
	(2519,'JAS WORLDWIDE SDN BHD','2015-08-30 21:04:25','2015-08-30 21:04:25'),
	(2520,'ROWENA AMAHAN AMBASAN','2015-08-30 21:04:25','2015-08-30 21:04:25'),
	(2521,'LABUAN BASE SWTA','2015-08-30 21:04:25','2015-08-30 21:04:25'),
	(2522,'DRIZZLES ENTERPRISE','2015-08-30 21:04:25','2015-08-30 21:04:25'),
	(2523,'SCOMI KMC S/B','2015-08-30 21:04:25','2015-08-30 21:04:25'),
	(2524,'UNICORNS SECRET TRADING CO','2015-08-30 21:04:25','2015-08-30 21:04:25'),
	(2525,'KU ZARINA JOSEPHINE NAJIB','2015-08-30 21:04:25','2015-08-30 21:04:25'),
	(2526,'MAERSK DRILLING','2015-08-30 21:04:25','2015-08-30 21:04:25'),
	(2527,'TO MASTER OF REMFORM EXPLORER','2015-08-30 21:04:25','2015-08-30 21:04:25'),
	(2528,'OMBAK FABRICATOR ENG S/B','2015-08-30 21:04:25','2015-08-30 21:04:25'),
	(2529,'BRUBAY SHIPCARE SDN BHD','2015-08-30 21:04:25','2015-08-30 21:04:25'),
	(2530,'BHPBILLITON PETROLEUM (S) CORP','2015-08-30 21:04:25','2015-08-30 21:04:25'),
	(2531,'BHP BILLITON PETROLEUM (S) CORP','2015-08-30 21:04:25','2015-08-30 21:04:25'),
	(2532,'MCLACHLAN ROSS (KANOWIT PROJECT)','2015-08-30 21:04:25','2015-08-30 21:04:25'),
	(2533,'OCEAN VANTAGE ENGINEERING SDN BHD','2015-08-30 21:04:25','2015-08-30 21:04:25'),
	(2534,'REMACO TECHNOLOGIES PTE LTD','2015-08-30 21:04:25','2015-08-30 21:04:25'),
	(2535,'EOS MARINE & OILFIELD SUPPLY S/B','2015-08-30 21:04:25','2015-08-30 21:04:25'),
	(2536,'GREENBASE SEPADU S/B','2015-08-30 21:04:25','2015-08-30 21:04:25'),
	(2537,'LABUAN FINANCIAL SERVICES AUTHOTITY','2015-08-30 21:04:25','2015-08-30 21:04:25'),
	(2538,'CLAYCORP MARKETING (SABAH) S/B','2015-08-30 21:04:25','2015-08-30 21:04:25'),
	(2539,'NOR HAIRUR HAZAM BIN ABD WAHAB','2015-08-30 21:04:25','2015-08-30 21:04:25'),
	(2540,'MITSUBISHI EVELATOR MALAYSIA S/B','2015-08-30 21:04:25','2015-08-30 21:04:25'),
	(2541,'CEVA LOGISTICS SINGAPORE PTE LTD','2015-08-30 21:04:25','2015-08-30 21:04:25'),
	(2542,'GAC FREIGHT SERVICES S/B','2015-08-30 21:04:25','2015-08-30 21:04:25'),
	(2543,'METONTECH SDN BHD','2015-08-30 21:04:25','2015-08-30 21:04:25'),
	(2544,'GOLD STAR FISHING S/B','2015-08-30 21:04:25','2015-08-30 21:04:25'),
	(2545,'JABATAN KESIHATAN WILAYAH','2015-08-30 21:04:25','2015-08-30 21:04:25'),
	(2546,'PERDANA VOYAGER, NATSEALANE SERVICES','2015-08-30 21:04:25','2015-08-30 21:04:25'),
	(2547,'KOPERAL UDARA JUNNY GEORGE @ CLERENCE','2015-08-30 21:04:25','2015-08-30 21:04:25'),
	(2548,'KMH RESOURCES','2015-08-30 21:04:25','2015-08-30 21:04:25'),
	(2549,'SS MEGA SDN BHD','2015-08-30 21:04:25','2015-08-30 21:04:25'),
	(2550,'SCHLUMBERGER (M) SDN BHD','2015-08-30 21:04:25','2015-08-30 21:04:25'),
	(2551,'KA PETRA SDN BHD','2015-08-30 21:04:25','2015-08-30 21:04:25'),
	(2552,'IMK GLOBAL (M) SDN BHD','2015-08-30 21:04:25','2015-08-30 21:04:25'),
	(2553,'PALM BEACH RESORT & SPA','2015-08-30 21:04:25','2015-08-30 21:04:25'),
	(2554,'SYARIKAT VEENAS','2015-08-30 21:04:25','2015-08-30 21:04:25'),
	(2555,'TUE MASTER & OWNER ORKIM EXPRESS','2015-08-30 21:04:25','2015-08-30 21:04:25'),
	(2556,'THE MASTER & OWNERS ORKIM EXPRESS','2015-08-30 21:04:25','2015-08-30 21:04:25'),
	(2557,'MOHD RASIDI BIN MUHAMMAD','2015-08-30 21:04:25','2015-08-30 21:04:25'),
	(2558,'TO THE MASTER LCT SENG HENG SHIPPING PROGRES','2015-08-30 21:04:25','2015-08-30 21:04:25'),
	(2559,'INFOLADA ENGINEERING (M) S/B','2015-08-30 21:04:25','2015-08-30 21:04:25'),
	(2560,'HIAP TECK HARDWARE SDN BHD','2015-08-30 21:04:25','2015-08-30 21:04:25'),
	(2561,'TRANSPROMPTEX SDN BHD','2015-08-30 21:04:25','2015-08-30 21:04:25'),
	(2562,'MOHD ALIAS BIN ABD RAHMAN','2015-08-30 21:04:25','2015-08-30 21:04:25'),
	(2563,'A HARTRODT (M) SDN BHD','2015-08-30 21:04:25','2015-08-30 21:04:25'),
	(2564,'MASTER AND OWNERS OF POSH CONQUEST','2015-08-30 21:04:25','2015-08-30 21:04:25'),
	(2565,'KEBANGSAAN PETROLEUM OPERATING COMP','2015-08-30 21:04:25','2015-08-30 21:04:25'),
	(2566,'TALKA TRADING','2015-08-30 21:04:25','2015-08-30 21:04:25'),
	(2567,'RINA BINTI MOHAMMED JAMEL, LABUAN F.T','2015-08-30 21:04:25','2015-08-30 21:04:25'),
	(2568,'DYNAMIC OILFIELD BORNEO S/B','2015-08-30 21:04:25','2015-08-30 21:04:25'),
	(2569,'SERBA DYNAMIK SDN BHD ','2015-08-30 21:04:25','2015-08-30 21:04:25'),
	(2570,'IRVINE ENTERPRISE LABUAN FT','2015-08-30 21:04:25','2015-08-30 21:04:25'),
	(2571,'KENCANA TORSCO SDN BHD','2015-08-30 21:04:25','2015-08-30 21:04:25'),
	(2572,'MASTER ONBOARD VOS APOLLO','2015-08-30 21:04:25','2015-08-30 21:04:25'),
	(2573,'KOH HUI HUANG','2015-08-30 21:04:25','2015-08-30 21:04:25'),
	(2574,'LYDIA ANAK MANUK','2015-08-30 21:04:25','2015-08-30 21:04:25'),
	(2575,'SALIHA AINNAA BINTI ABDUL HALIM','2015-08-30 21:04:25','2015-08-30 21:04:25'),
	(2576,'BQ PILE S/B','2015-08-30 21:04:25','2015-08-30 21:04:25'),
	(2577,'WONG MING CHONG','2015-08-30 21:04:25','2015-08-30 21:04:25'),
	(2578,'YEN ENTERPRISE','2015-08-30 21:04:25','2015-08-30 21:04:25'),
	(2579,'LABUAN HALAL DISTRIBUTION HUB','2015-08-30 21:04:25','2015-08-30 21:04:25'),
	(2580,'MASTER OF SAUJANA TIGA ','2015-08-30 21:04:25','2015-08-30 21:04:25'),
	(2581,'BARGEMASTER OF SAUJANA TIGA','2015-08-30 21:04:25','2015-08-30 21:04:25'),
	(2582,'GABOILWELL SERVICES S/B','2015-08-30 21:04:25','2015-08-30 21:04:25'),
	(2583,'MASTER M/V VOS ARTEMIS','2015-08-30 21:04:25','2015-08-30 21:04:25'),
	(2584,'SUMABOLLI S/B','2015-08-30 21:04:25','2015-08-30 21:04:25'),
	(2585,'INTRA OIL SERVICES BHD LUB','2015-08-30 21:04:25','2015-08-30 21:04:25'),
	(2586,'AMDA MARKETING LBN DT0111','2015-08-30 21:04:25','2015-08-30 21:04:25'),
	(2587,'KTS FLOORING SYSTEMS (M) S/B','2015-08-30 21:04:25','2015-08-30 21:04:25'),
	(2588,'ANTAMAHIR SDN BHD','2015-08-30 21:04:25','2015-08-30 21:04:25'),
	(2589,'AB ENGINEERING LBN','2015-08-30 21:04:25','2015-08-30 21:04:25'),
	(2590,'QUJICOM SDN BHD','2015-08-30 21:04:25','2015-08-30 21:04:25'),
	(2591,'SUPERGRAND SDN BHD','2015-08-30 21:04:25','2015-08-30 21:04:25'),
	(2592,'HG BRIGHT TRADING','2015-08-30 21:04:25','2015-08-30 21:04:25'),
	(2593,'AC INDUSTRIAL EQUIPMENT','2015-08-30 21:04:25','2015-08-30 21:04:25'),
	(2594,'BELL BELL ENTERPRISE','2015-08-30 21:04:25','2015-08-30 21:04:25'),
	(2595,'TALISMAN MALAYSIA LIMITED','2015-08-30 21:04:25','2015-08-30 21:04:25'),
	(2596,'INTERTRADE MARKETING & SERVICES','2015-08-30 21:04:25','2015-08-30 21:04:25'),
	(2597,'MASTER & OWNERS OF MV PAC BINTAN','2015-08-30 21:04:25','2015-08-30 21:04:25'),
	(2598,'NORTHLAB SEAMS (M) S/B','2015-08-30 21:04:25','2015-08-30 21:04:25'),
	(2599,'TRANSPOLE LOGISTICS PTE LTD','2015-08-30 21:04:25','2015-08-30 21:04:25'),
	(2600,'OILGASLAB TRSTING SERVICES S/B LBN F.T','2015-08-30 21:04:25','2015-08-30 21:04:25'),
	(2601,'WINSPEC SHIPPING PTE LTD','2015-08-30 21:04:25','2015-08-30 21:04:25'),
	(2602,'WPM GLOBAL LOGISTICS S/B ','2015-08-30 21:04:25','2015-08-30 21:04:25'),
	(2603,'LI TZE JIUN','2015-08-30 21:04:25','2015-08-30 21:04:25'),
	(2604,'ZAMHURI BIN MD DAUD','2015-08-30 21:04:25','2015-08-30 21:04:25'),
	(2605,'ROZANA BINTI AHMAD','2015-08-30 21:04:25','2015-08-30 21:04:25'),
	(2606,'HHA ASSOCIATES SDN BHD','2015-08-30 21:04:25','2015-08-30 21:04:25'),
	(2607,'RANK MARINE S/B','2015-08-30 21:04:25','2015-08-30 21:04:25'),
	(2608,'ASL LOGISTICS & SERVICES SDN BHD','2015-08-30 21:04:25','2015-08-30 21:04:25'),
	(2609,'MUI LEE ENTERPISE SDN BHD','2015-08-30 21:04:25','2015-08-30 21:04:25'),
	(2610,'JINDAL TARINI','2015-08-30 21:04:25','2015-08-30 21:04:25'),
	(2611,'JINDING GENERAL CONTRACTOR','2015-08-30 21:04:25','2015-08-30 21:04:25'),
	(2612,'NAM ASL LOGISTICS S/B','2015-08-30 21:04:25','2015-08-30 21:04:25'),
	(2613,'NR LOGISTIK','2015-08-30 21:04:25','2015-08-30 21:04:25'),
	(2614,'FIVE STAR MARKETING & SERVICES ','2015-08-30 21:04:25','2015-08-30 21:04:25'),
	(2615,'MOHD ASRI BINTI MAT RAHIM','2015-08-30 21:04:25','2015-08-30 21:04:25'),
	(2616,'AQUAMARITIME LOGISTICS S/B','2015-08-30 21:04:25','2015-08-30 21:04:25'),
	(2617,'TLO OFFSHORE SDN.BHD','2015-08-30 21:04:25','2015-08-30 21:04:25'),
	(2618,'MURPHY OIL WAREHOUSE','2015-08-30 21:04:25','2015-08-30 21:04:25'),
	(2619,'JX NIPPPON OIL & GAS EXPLORATION (M) SB','2015-08-30 21:04:25','2015-08-30 21:04:25'),
	(2620,'WORKSTRING INTERNATIONAL','2015-08-30 21:04:25','2015-08-30 21:04:25'),
	(2621,'BROADGAIN MARKETING SDN BHD','2015-08-30 21:04:25','2015-08-30 21:04:25'),
	(2622,'BY ORDER SMITH INTERNATIONAL S/B','2015-08-30 21:04:25','2015-08-30 21:04:25'),
	(2623,'JVC BINTANG SDN BHD','2015-08-30 21:04:25','2015-08-30 21:04:25'),
	(2624,'A.T DUNIA (F.T.) SDN BHD','2015-08-30 21:04:25','2015-08-30 21:04:25'),
	(2625,'VOON HUA HARDWARE CO SDN BHD','2015-08-30 21:04:25','2015-08-30 21:04:25'),
	(2626,'DATO HARRIS TAN','2015-08-30 21:04:25','2015-08-30 21:04:25'),
	(2627,'TOPBORNEO VENTURE','2015-08-30 21:04:25','2015-08-30 21:04:25'),
	(2628,'MR.FAISAL BIN HADARI','2015-08-30 21:04:25','2015-08-30 21:04:25'),
	(2629,'MARIN EQUIPMENT DISTRIBUTORS LTD','2015-08-30 21:04:25','2015-08-30 21:04:25'),
	(2630,'AHMAD ISKANDAR BIN SULAIMAN','2015-08-30 21:04:25','2015-08-30 21:04:25'),
	(2631,'SUBRAMANIAM A/L JAHANADAN','2015-08-30 21:04:25','2015-08-30 21:04:25'),
	(2632,'HELMSION BORNEO S/B','2015-08-30 21:04:25','2015-08-30 21:04:25'),
	(2633,'CEVA FREIGHT HOLDING (M) S/B','2015-08-30 21:04:25','2015-08-30 21:04:25'),
	(2634,'COMPANY BELL ENTERPRISE','2015-08-30 21:04:25','2015-08-30 21:04:25'),
	(2635,'RF TECHNOLOGIES GROUP ','2015-08-30 21:04:25','2015-08-30 21:04:25'),
	(2636,'KHOR FOOK WAH','2015-08-30 21:04:25','2015-08-30 21:04:25'),
	(2637,'JUMBOHAN MARKETING SDN BHD','2015-08-30 21:04:25','2015-08-30 21:04:25'),
	(2638,'KOPERAL HAIRUL HAFIS B. JAUDIN','2015-08-30 21:04:25','2015-08-30 21:04:25'),
	(2639,'MAJLIS KESELAMATAN NEGARA WILAYAH','2015-08-30 21:04:25','2015-08-30 21:04:25'),
	(2640,'NA CLASSIC SDN BHD','2015-08-30 21:04:25','2015-08-30 21:04:25'),
	(2641,'PEJABAT PERDAGANGAN DALAM NEGERI KOPERASI DAN KEPENGGUNAAN LABUAN','2015-08-30 21:04:25','2015-08-30 21:04:25'),
	(2642,'KIMIN ANAK SAWAN','2015-08-30 21:04:25','2015-08-30 21:04:25'),
	(2643,'MAXSPEED AUTOMART SDN BHD','2015-08-30 21:04:25','2015-08-30 21:04:25'),
	(2644,'EVOLVE ADVANCE SUPPLY & SERVICES','2015-08-30 21:04:25','2015-08-30 21:04:25'),
	(2645,'LABUAN CONS STOCK','2015-08-30 21:04:25','2015-08-30 21:04:25'),
	(2646,'SOCMA TRADING (M) SDN BHD','2015-08-30 21:04:25','2015-08-30 21:04:25'),
	(2647,'ZEENA LTD','2015-08-30 21:04:25','2015-08-30 21:04:25'),
	(2648,'PML MAIN WAREHOUSE','2015-08-30 21:04:25','2015-08-30 21:04:25'),
	(2649,'SYKT PERNIAGAAN KIAT SOON','2015-08-30 21:04:25','2015-08-30 21:04:25'),
	(2650,'THE KEE YEAN','2015-08-30 21:04:25','2015-08-30 21:04:25'),
	(2651,'MS FONG MING LONG','2015-08-30 21:04:25','2015-08-30 21:04:25'),
	(2652,'MBN RESOURCES SDN BHD','2015-08-30 21:04:25','2015-08-30 21:04:25'),
	(2653,'GALOC PRODUCTION COMPANY ','2015-08-30 21:04:25','2015-08-30 21:04:25'),
	(2654,'LEYDEN ENGINEERING SERVICES','2015-08-30 21:04:25','2015-08-30 21:04:25'),
	(2655,'SCHLUMBERGER DRLILLING SERVICES SB','2015-08-30 21:04:25','2015-08-30 21:04:25'),
	(2656,'YUSSOF BIN MAHAL','2015-08-30 21:04:25','2015-08-30 21:04:25'),
	(2657,'EAST MARINE SDN BHD','2015-08-30 21:04:25','2015-08-30 21:04:25'),
	(2658,'PERINDUSTRIAN MAKANAN & MINUMAN LAYANG-LAYANG','2015-08-30 21:04:25','2015-08-30 21:04:25'),
	(2659,'BAYUVEST (M) SDN BHD','2015-08-30 21:04:25','2015-08-30 21:04:25'),
	(2660,'BEYOND BORNEO S/B','2015-08-30 21:04:25','2015-08-30 21:04:25'),
	(2661,'TL GEOHYDROGRAPHICS SDN BHD','2015-08-30 21:04:25','2015-08-30 21:04:25'),
	(2662,'JOO LEE IMPORT & EXPORT CO. SDN BHD','2015-08-30 21:04:25','2015-08-30 21:04:25'),
	(2663,'MR MOHD JASNI BIN ABDUL GHANI','2015-08-30 21:04:25','2015-08-30 21:04:25'),
	(2664,'JF HILLEBRAND MALAYSIA SDN BHD','2015-08-30 21:04:25','2015-08-30 21:04:25'),
	(2665,'MEJAR SAHRUDIN BIN SHAHRON','2015-08-30 21:04:25','2015-08-30 21:04:25'),
	(2666,'MTR SERVICES SDN BHD','2015-08-30 21:04:25','2015-08-30 21:04:25'),
	(2667,'POH GEOK SING','2015-08-30 21:04:25','2015-08-30 21:04:25'),
	(2668,'TEO CHEE WANG','2015-08-30 21:04:25','2015-08-30 21:04:25'),
	(2669,'PILLY FURNITURE CENTRE','2015-08-30 21:04:25','2015-08-30 21:04:25'),
	(2670,'REDWINE ORCHARD SDN BHD','2015-08-30 21:04:25','2015-08-30 21:04:25'),
	(2671,'MOHD NURAFAIZ BIN ANUAR','2015-08-30 21:04:25','2015-08-30 21:04:25'),
	(2672,'ZAN ENTERPRISE','2015-08-30 21:04:25','2015-08-30 21:04:25'),
	(2673,'GERBARU JAYA SDN BHD','2015-08-30 21:04:25','2015-08-30 21:04:25'),
	(2674,'MAERSK SEARCHER','2015-08-30 21:04:25','2015-08-30 21:04:25'),
	(2675,'A KASSIME MATWALI','2015-08-30 21:04:25','2015-08-30 21:04:25'),
	(2676,'MMHE','2015-08-30 21:04:25','2015-08-30 21:04:25'),
	(2677,'EMERGING EPC SDN BHD','2015-08-30 21:04:25','2015-08-30 21:04:25'),
	(2678,'MARINE SOLUTIONS ASIA LTD','2015-08-30 21:04:25','2015-08-30 21:04:25'),
	(2679,'NEPTUNE ASIA MARINE SDN BHD','2015-08-30 21:04:25','2015-08-30 21:04:25'),
	(2680,'VICTORIA FOOD AND SERVICES S/B','2015-08-30 21:04:25','2015-08-30 21:04:25'),
	(2681,'BORNEO SHIPBUILDING KONSORTIUM LTD','2015-08-30 21:04:25','2015-08-30 21:04:25'),
	(2682,'LABUAN BASE','2015-08-30 21:04:25','2015-08-30 21:04:25'),
	(2683,'MY SYNERGY FACTRORS (M) SDN BHD','2015-08-30 21:04:25','2015-08-30 21:04:25'),
	(2684,'PVCM MIS UNIT','2015-08-30 21:04:25','2015-08-30 21:04:25'),
	(2685,'SEPADU TECH SERVICES S/B','2015-08-30 21:04:25','2015-08-30 21:04:25'),
	(2686,'MS LIM CHIN SIAN','2015-08-30 21:04:25','2015-08-30 21:04:25'),
	(2687,'SAFE-LINE SOLUTION SDN BHD','2015-08-30 21:04:25','2015-08-30 21:04:25'),
	(2688,'DS SERVICES','2015-08-30 21:04:25','2015-08-30 21:04:25'),
	(2689,'SAUJANA SCAPE AND GREENS SDN BHD','2015-08-30 21:04:25','2015-08-30 21:04:25'),
	(2690,'MS ELEVATORS ENGINEERING SDN BHD','2015-08-30 21:04:25','2015-08-30 21:04:25'),
	(2691,'KK TYRES ACE SDN BHD','2015-08-30 21:04:25','2015-08-30 21:04:25'),
	(2692,'ALTUS LOGISTIC MALAYSIA','2015-08-30 21:04:25','2015-08-30 21:04:25'),
	(2693,'MALAYSIA OFFSHORE PRODUCTION','2015-08-30 21:04:25','2015-08-30 21:04:25'),
	(2694,'DUTA KLASIK SDN BHD','2015-08-30 21:04:25','2015-08-30 21:04:25'),
	(2695,'SHIP SPARE IN TRANSIT','2015-08-30 21:04:25','2015-08-30 21:04:25'),
	(2696,'SONGA OFFSHORE MALAYSIA SDN BHD','2015-08-30 21:04:25','2015-08-30 21:04:25'),
	(2697,'BINA PURI CONSTRUCTION SDN BHD','2015-08-30 21:04:25','2015-08-30 21:04:25'),
	(2698,'LAZENDA HOTEL SDN BHD','2015-08-30 21:04:25','2015-08-30 21:04:25'),
	(2699,'MR. NURSAM BUDIAWAN','2015-08-30 21:04:25','2015-08-30 21:04:25'),
	(2700,'MR. LAWAI JOK','2015-08-30 21:04:25','2015-08-30 21:04:25'),
	(2701,'MASTER OF TENAGA TIGA','2015-08-30 21:04:25','2015-08-30 21:04:25'),
	(2702,'THE MASTER & OWNER LCT SENG HENG','2015-08-30 21:04:25','2015-08-30 21:04:25'),
	(2703,'GLOBAL TENDER BARGES','2015-08-30 21:04:25','2015-08-30 21:04:25'),
	(2704,'HASNUN NAIM BIN MUJIIB','2015-08-30 21:04:25','2015-08-30 21:04:25'),
	(2705,'SWIBER ENGINEERING LIMITED','2015-08-30 21:04:25','2015-08-30 21:04:25'),
	(2706,'TIGER OILFIELD SERVICES M SB','2015-08-30 21:04:25','2015-08-30 21:04:25'),
	(2707,'NDIL MALAYSIA SDN BHD','2015-08-30 21:04:25','2015-08-30 21:04:25'),
	(2708,'CERAWARISAN SDN BHD','2015-08-30 21:04:25','2015-08-30 21:04:25'),
	(2709,'KR ASN RESOURCES SDN BHD','2015-08-30 21:04:25','2015-08-30 21:04:25'),
	(2710,'SHEEL SARAWAK BERHAD','2015-08-30 21:04:25','2015-08-30 21:04:25'),
	(2711,'SHELL SRAWAK BERHAD','2015-08-30 21:04:25','2015-08-30 21:04:25'),
	(2712,'ENSERV SDN BHD','2015-08-30 21:04:25','2015-08-30 21:04:25'),
	(2713,'LABUAN HALAL DISTRIBUTION','2015-08-30 21:04:25','2015-08-30 21:04:25'),
	(2714,'PPLS SYSTEMS SDN BHD','2015-08-30 21:04:25','2015-08-30 21:04:25'),
	(2715,'VIATION (M) SDN BHD','2015-08-30 21:04:25','2015-08-30 21:04:25'),
	(2716,'GRAHAM ROBERT BLYTHE DURWARD','2015-08-30 21:04:25','2015-08-30 21:04:25'),
	(2717,'ALPHA CORPORATE PTY LTD','2015-08-30 21:04:25','2015-08-30 21:04:25'),
	(2718,'TREVOR CLARK S/Y MAGNETIC','2015-08-30 21:04:25','2015-08-30 21:04:25'),
	(2719,'FATHUL AIMAN BIN HASAMUDDIN','2015-08-30 21:04:25','2015-08-30 21:04:25'),
	(2720,'NOR HASLINDA BINTI AHMAD','2015-08-30 21:04:25','2015-08-30 21:04:25'),
	(2721,'JABATAN AGAMA ISLAM WILAYAH PERSEKUTUAN','2015-08-30 21:04:25','2015-08-30 21:04:25'),
	(2722,'IBRAHIM BIN ITHNIN','2015-08-30 21:04:25','2015-08-30 21:04:25'),
	(2723,'INNOVATIVE OILFIELD SERVICES S/B','2015-08-30 21:04:25','2015-08-30 21:04:25'),
	(2724,'INNATECH WASTE MANAGMENT (L) S/B','2015-08-30 21:04:25','2015-08-30 21:04:25'),
	(2725,'MR. SHAH JASMANUL AMIR BIN OTHMAN','2015-08-30 21:04:25','2015-08-30 21:04:25'),
	(2726,'MOHD RIDHZUAN BIN MAT HUSSAIN','2015-08-30 21:04:25','2015-08-30 21:04:25'),
	(2727,'MACGREGOR PLIMSOLL SDN BHD','2015-08-30 21:04:25','2015-08-30 21:04:25'),
	(2728,'BORNEO SHIPBUILDER KONSORTIUM LTD','2015-08-30 21:04:25','2015-08-30 21:04:25'),
	(2729,'RELEASE MAS THE SURRENDERED PL','2015-08-30 21:04:25','2015-08-30 21:04:25'),
	(2730,'JOVA MARINE SDN BHD','2015-08-30 21:04:25','2015-08-30 21:04:25'),
	(2731,'TONG MAH FROZEN FOOD TRADING','2015-08-30 21:04:25','2015-08-30 21:04:25'),
	(2732,'BLUESCOPE LYSAGHT SDN BHD','2015-08-30 21:04:25','2015-08-30 21:04:25'),
	(2733,'SHELL PHILIPPINES','2015-08-30 21:04:25','2015-08-30 21:04:25'),
	(2734,'HARMONI KILAUAN SDN BHD','2015-08-30 21:04:25','2015-08-30 21:04:25'),
	(2735,'SAIFUL RIDZUAN','2015-08-30 21:04:25','2015-08-30 21:04:25'),
	(2736,'MASER CHEMICAL BERHAD','2015-08-30 21:04:25','2015-08-30 21:04:25'),
	(2737,'SEADRILL OFFSHORE (M) SDN BHD','2015-08-30 21:04:25','2015-08-30 21:04:25'),
	(2738,'ANOUK RATNA SUMINAR','2015-08-30 21:04:25','2015-08-30 21:04:25'),
	(2739,'TO ORDER OF PUBLIC BANK','2015-08-30 21:04:25','2015-08-30 21:04:25'),
	(2740,'AZMI LINGGU','2015-08-30 21:04:25','2015-08-30 21:04:25'),
	(2741,'SEALINK SDN BHD','2015-08-30 21:04:25','2015-08-30 21:04:25'),
	(2742,'VIVENDI ASSET S/B','2015-08-30 21:04:25','2015-08-30 21:04:25'),
	(2743,'EIGHT TRIUMPH SDN BHD','2015-08-30 21:04:25','2015-08-30 21:04:25'),
	(2744,'LAWRENCE ANAK JIKEM','2015-08-30 21:04:25','2015-08-30 21:04:25'),
	(2745,'848441 AHMAD SYUKRI BIN ABU BAKAR','2015-08-30 21:04:25','2015-08-30 21:04:25'),
	(2746,'MUHAMMED RIZAL BIN ALIAS','2015-08-30 21:04:25','2015-08-30 21:04:25'),
	(2747,'MOHAMMAD NOR FIRDAUS','2015-08-30 21:04:25','2015-08-30 21:04:25'),
	(2748,'ZALEHA BINTI ABDUL HAMID','2015-08-30 21:04:25','2015-08-30 21:04:25'),
	(2749,'WAN HAFIZUL BIN WAN A.BAKAR','2015-08-30 21:04:25','2015-08-30 21:04:25'),
	(2750,'THIEN KIM FOOK','2015-08-30 21:04:25','2015-08-30 21:04:25'),
	(2751,'MOHD HAFEZ BIN MAT RADZI','2015-08-30 21:04:25','2015-08-30 21:04:25'),
	(2752,'J & L AUTO MOBILE SDN BHD','2015-08-30 21:04:25','2015-08-30 21:04:25'),
	(2753,'HIFFANI BIN MOHD JALIL','2015-08-30 21:04:25','2015-08-30 21:04:25'),
	(2754,'KAKA HCN LABUAN FT','2015-08-30 21:04:25','2015-08-30 21:04:25'),
	(2755,'JARDINE SHIPPING SERVICES (M) SDN BHD','2015-08-30 21:04:25','2015-08-30 21:04:25'),
	(2756,'TO THE ORDER OF RIB ISLAMIC BANK BERHAD','2015-08-30 21:04:25','2015-08-30 21:04:25'),
	(2757,'TO ORDER','2015-08-30 21:04:25','2015-08-30 21:04:25'),
	(2758,'VINITON (GROUP) TOBACCO CO','2015-08-30 21:04:25','2015-08-30 21:04:25'),
	(2759,'WAN HAFIZUL BIN WAN A. BAKAR','2015-08-30 21:04:25','2015-08-30 21:04:25'),
	(2760,'KONG WANH TRADING','2015-08-30 21:04:25','2015-08-30 21:04:25'),
	(2761,'FOREMOST ENERGETIC SDN','2015-08-30 21:04:25','2015-08-30 21:04:25'),
	(2762,'PPK WP LABUAN','2015-08-30 21:04:25','2015-08-30 21:04:25'),
	(2763,'MOHAMAD FIRDAUSBIN SHARUMAN','2015-08-30 21:04:25','2015-08-30 21:04:25'),
	(2764,'MOHAMAD NOR FIRDAUS BIN SHARUMAN','2015-08-30 21:04:25','2015-08-30 21:04:25'),
	(2765,'HB INDUSTRIAL GASES S/B','2015-08-30 21:04:25','2015-08-30 21:04:25'),
	(2766,'LA CONSTRUCTION ENGINEERING AND TRADING','2015-08-30 21:04:25','2015-08-30 21:04:25'),
	(2767,'HEXAGON INDUSTRIAL SERVICES','2015-08-30 21:04:25','2015-08-30 21:04:25'),
	(2768,'GROLIER (M) SDN BHD','2015-08-30 21:04:25','2015-08-30 21:04:25'),
	(2769,'JH ENTERPRISE','2015-08-30 21:04:25','2015-08-30 21:04:25'),
	(2770,'IDEMCO SDN BHD','2015-08-30 21:04:25','2015-08-30 21:04:25'),
	(2771,'INSITURFORM LININGS ASIA','2015-08-30 21:04:25','2015-08-30 21:04:25'),
	(2772,'MASTER OF M/V BOA THALASSA','2015-08-30 21:04:25','2015-08-30 21:04:25'),
	(2773,'AYUMUTIARA INFLATABLE FUNLAND','2015-08-30 21:04:25','2015-08-30 21:04:25'),
	(2774,'SEDA 7 RESOURCES SDN BHD','2015-08-30 21:04:25','2015-08-30 21:04:25'),
	(2775,'FANG HING SDN BHD','2015-08-30 21:04:25','2015-08-30 21:04:25'),
	(2776,'MOHAMAD BIN MOHD','2015-08-30 21:04:25','2015-08-30 21:04:25'),
	(2777,'ZAHARA LESTARI SDN BHD','2015-08-30 21:04:25','2015-08-30 21:04:25'),
	(2778,'VIN MARINE CORPORATION SDN BHD','2015-08-30 21:04:25','2015-08-30 21:04:25'),
	(2779,'ALAM BERSAUDARA FURNITURE','2015-08-30 21:04:25','2015-08-30 21:04:25'),
	(2780,'WELFAB ENGINEERING WORKS S/B','2015-08-30 21:04:25','2015-08-30 21:04:25'),
	(2781,'BERSATU IMPORT & EXPORT SDN BHD','2015-08-30 21:04:25','2015-08-30 21:04:25'),
	(2782,'MAJU JAYA LABUAN SDN BHD','2015-08-30 21:04:25','2015-08-30 21:04:25'),
	(2783,'HARAPAN PADU','2015-08-30 21:04:25','2015-08-30 21:04:25'),
	(2784,'BUSANA IFFAH','2015-08-30 21:04:25','2015-08-30 21:04:25'),
	(2785,'KONG HWA TRADING (L) SDN','2015-08-30 21:04:25','2015-08-30 21:04:25'),
	(2786,'MILLENIUM FIRE ENGINEERING','2015-08-30 21:04:25','2015-08-30 21:04:25'),
	(2787,'A. HARTRODT OCEAN SERVICES (M) SDN BHD','2015-08-30 21:04:25','2015-08-30 21:04:25'),
	(2788,'SS MINERAL TRADING SDN BHD','2015-08-30 21:04:25','2015-08-30 21:04:25'),
	(2789,'MASTER OF MV SAPURA 3000','2015-08-30 21:04:25','2015-08-30 21:04:25'),
	(2790,'HG METAL MANUFACTURING LIMITED','2015-08-30 21:04:25','2015-08-30 21:04:25'),
	(2791,'MSSRS BANWORTH SDN BHD','2015-08-30 21:04:25','2015-08-30 21:04:25'),
	(2792,'GERSIK GLASS & ALUMINIUM CONTRACTOR','2015-08-30 21:04:25','2015-08-30 21:04:25'),
	(2793,'LOGWIN AIR & OCEAN MALAYSIA SDN BHD','2015-08-30 21:04:25','2015-08-30 21:04:25'),
	(2794,'NATURAL RESOURCES ENTERPRISE','2015-08-30 21:04:25','2015-08-30 21:04:25'),
	(2795,'ARCHER WELL COMPANY (M) SDN BHD','2015-08-30 21:04:25','2015-08-30 21:04:25'),
	(2796,'FAUZI BIN HAMZANI','2015-08-30 21:04:25','2015-08-30 21:04:25'),
	(2797,'SUN- JAYA M & E SDN BHD','2015-08-30 21:04:25','2015-08-30 21:04:25'),
	(2798,'BOA JIN TIAN','2015-08-30 21:04:25','2015-08-30 21:04:25'),
	(2799,'WORLD GATE EXDRESS SERVICES SDN BHD','2015-08-30 21:04:25','2015-08-30 21:04:25'),
	(2800,'MAGVELL SOLUTION SDN BHD','2015-08-30 21:04:25','2015-08-30 21:04:25'),
	(2801,'ALFA JELETA CORP SDN BHD','2015-08-30 21:04:25','2015-08-30 21:04:25'),
	(2802,'CORAL ENGINEERING SDN BHD','2015-08-30 21:04:25','2015-08-30 21:04:25'),
	(2803,'VICTORIA ISLND CLUB BHD','2015-08-30 21:04:25','2015-08-30 21:04:25'),
	(2804,'DANONE DUMEX (M) SDN BHD','2015-08-30 21:04:25','2015-08-30 21:04:25'),
	(2805,'VMA MARITIME SERVICES M SDN BHD','2015-08-30 21:04:25','2015-08-30 21:04:25'),
	(2806,'PH PETRO SDN BHD','2015-08-30 21:04:25','2015-08-30 21:04:25'),
	(2807,'OCEAN RANCHO INC','2015-08-30 21:04:25','2015-08-30 21:04:25'),
	(2808,'HORIZONTAL INTERNATIONAL LTD','2015-08-30 21:04:25','2015-08-30 21:04:25'),
	(2809,'HICOM UNITED LEASING SDN BHD','2015-08-30 21:04:25','2015-08-30 21:04:25'),
	(2810,'ADMIN COMMERCIAL SERVICES','2015-08-30 21:04:25','2015-08-30 21:04:25'),
	(2811,'CAMERON INTERNATIONAL MALAYSIA SYSTEM SDN BHD','2015-08-30 21:04:25','2015-08-30 21:04:25'),
	(2812,'CTSI LOGISTICS M SDN BHD','2015-08-30 21:04:25','2015-08-30 21:04:25'),
	(2813,'HCC BITS','2015-08-30 21:04:25','2015-08-30 21:04:25'),
	(2814,'M/S K.M. SINGH SDN . BHD ','2015-08-30 21:04:25','2015-08-30 21:04:25'),
	(2815,'MEKAR MAKMUR ENTERPRISE','2015-08-30 21:04:25','2015-08-30 21:04:25'),
	(2816,'HGD TRADING','2015-08-30 21:04:25','2015-08-30 21:04:25'),
	(2817,'GOFORTH CORPORATION SDN BHD','2015-08-30 21:04:25','2015-08-30 21:04:25'),
	(2818,'HAIER ELECTRICAL APPLIANCES (M) SDN BHD','2015-08-30 21:04:25','2015-08-30 21:04:25'),
	(2819,'BANK ISLAM','2015-08-30 21:04:25','2015-08-30 21:04:25'),
	(2820,'PANEL UTAMASDN.BHD','2015-08-30 21:04:25','2015-08-30 21:04:25'),
	(2821,'PANEL UTAMA SDN.BHD','2015-08-30 21:04:25','2015-08-30 21:04:25'),
	(2822,'DEXTRAL ENERGY SDN BHD','2015-08-30 21:04:25','2015-08-30 21:04:25'),
	(2823,'ASWADEE TABA','2015-08-30 21:04:25','2015-08-30 21:04:25'),
	(2824,'MATRIX ENGINEERING & SUPPLIES','2015-08-30 21:04:25','2015-08-30 21:04:25'),
	(2825,'SOON LIM ENTERPRISE','2015-08-30 21:04:25','2015-08-30 21:04:25'),
	(2826,'ASM GEMILANG TRADING','2015-08-30 21:04:25','2015-08-30 21:04:25'),
	(2827,'HS INDUSTRIAL EQUIPMENT','2015-08-30 21:04:25','2015-08-30 21:04:25'),
	(2828,'BEST MOTOR CORPORATION SDN BHD','2015-08-30 21:04:25','2015-08-30 21:04:25'),
	(2829,'AMPEG CONSTRUCTION SDN BHD','2015-08-30 21:04:25','2015-08-30 21:04:25'),
	(2830,'PERINTIS KEMBARA SDN BHD','2015-08-30 21:04:25','2015-08-30 21:04:25'),
	(2831,'C.H ROBINSON WORLDWIDE(M) SDN BHD','2015-08-30 21:04:25','2015-08-30 21:04:25'),
	(2832,'ROBERT RICHARD ADAMSON C/O G.P DUNGAN PACKERS & MOVERS SDN BHD.','2015-08-30 21:04:25','2015-08-30 21:04:25'),
	(2833,'EXEEM TECHNOLOGY','2015-08-30 21:04:25','2015-08-30 21:04:25'),
	(2834,'MASTER M/V CHARLES ','2015-08-30 21:04:25','2015-08-30 21:04:25'),
	(2835,'ARAYINTO AK KUMONG','2015-08-30 21:04:25','2015-08-30 21:04:25'),
	(2836,'SOLIDBEND FITTINGS & FLANGES SDN.BHD ','2015-08-30 21:04:25','2015-08-30 21:04:25'),
	(2837,'POWERCO TRADING(KOTA KINABALU) SDN BHD','2015-08-30 21:04:25','2015-08-30 21:04:25'),
	(2838,'EXCEIVER CORPORATION SDN BHD','2015-08-30 21:04:25','2015-08-30 21:04:25'),
	(2839,'GMO SOLUTION SDN BHD','2015-08-30 21:04:25','2015-08-30 21:04:25'),
	(2840,'MASTER OF LEWEK ROBIN BAYU INTAN','2015-08-30 21:04:25','2015-08-30 21:04:25'),
	(2841,'INTEGRATED WELL SERVICES SDN BHD','2015-08-30 21:04:25','2015-08-30 21:04:25'),
	(2842,'ASRUL BIN BAHAR','2015-08-30 21:04:25','2015-08-30 21:04:25'),
	(2843,'M S ELEVATORS ENGINEERING SDN BHD','2015-08-30 21:04:25','2015-08-30 21:04:25'),
	(2844,'SRI DATAI CONSTRUCTION (SARAWAK) SDN BHD','2015-08-30 21:04:25','2015-08-30 21:04:25'),
	(2845,'BINAJA ENTERPRISE','2015-08-30 21:04:25','2015-08-30 21:04:25'),
	(2846,'STARVISTA RESOURCES SDN BHD','2015-08-30 21:04:25','2015-08-30 21:04:25'),
	(2847,'BORNEO INDUSTRIAL SUPPLIES','2015-08-30 21:04:25','2015-08-30 21:04:25'),
	(2848,'M Y DOUBLE','2015-08-30 21:04:25','2015-08-30 21:04:25'),
	(2849,'DOMINANT MARKETING AGENCY','2015-08-30 21:04:25','2015-08-30 21:04:25'),
	(2850,'OLIO OILFIELD SERVICES PTE LTD','2015-08-30 21:04:25','2015-08-30 21:04:25'),
	(2851,'UTEC INDUSTRIES SDN BHD','2015-08-30 21:04:25','2015-08-30 21:04:25'),
	(2852,'TOTAL COMMUNICATIONS SDN BHD','2015-08-30 21:04:25','2015-08-30 21:04:25'),
	(2853,'PREMIER ENGINEERING SERVICES SB','2015-08-30 21:04:25','2015-08-30 21:04:25'),
	(2854,'MASTER MV CCC MARITIME 2','2015-08-30 21:04:25','2015-08-30 21:04:25'),
	(2855,'HAVILA HARMONY','2015-08-30 21:04:25','2015-08-30 21:04:25'),
	(2856,'MULTICO M SDN BHD','2015-08-30 21:04:25','2015-08-30 21:04:25'),
	(2857,'HARRISONS TRADING M SDN BHD','2015-08-30 21:04:25','2015-08-30 21:04:25'),
	(2858,'MAERSK SUPPLIER','2015-08-30 21:04:25','2015-08-30 21:04:25'),
	(2859,'SHIN YANG SHIPPING SDN BHD','2015-08-30 21:04:25','2015-08-30 21:04:25'),
	(2860,'SAMUDRA OIL SERVICES SDN BHD','2015-08-30 21:04:25','2015-08-30 21:04:25'),
	(2861,'ELITE RESOURCES ENGINEERING S/B','2015-08-30 21:04:25','2015-08-30 21:04:25'),
	(2862,'TAY REY GEOK','2015-08-30 21:04:25','2015-08-30 21:04:25'),
	(2863,'SCANTECH OFFSHORE PTY LTD','2015-08-30 21:04:25','2015-08-30 21:04:25'),
	(2864,'KIM LIAN HARWARE (S) SDN BHD','2015-08-30 21:04:25','2015-08-30 21:04:25'),
	(2865,'AWATRA SDN BHD','2015-08-30 21:04:25','2015-08-30 21:04:25'),
	(2866,'BIBUN MALAYSIA SDN BHD','2015-08-30 21:04:25','2015-08-30 21:04:25'),
	(2867,'KK FOODSTUFF SDN BHD','2015-08-30 21:04:25','2015-08-30 21:04:25'),
	(2868,'ERROL VAZ','2015-08-30 21:04:25','2015-08-30 21:04:25'),
	(2869,'BUMI TEKNIKAL SOLUTION SDN BHD','2015-08-30 21:04:25','2015-08-30 21:04:25'),
	(2870,'DAWSON ENGINEERING PTE LTD','2015-08-30 21:04:25','2015-08-30 21:04:25'),
	(2871,'MR MOHD SAIFUL BIN MAT YASING','2015-08-30 21:04:25','2015-08-30 21:04:25'),
	(2872,'TAP MARINE AND OFFSHORE SDN BHD','2015-08-30 21:04:25','2015-08-30 21:04:25'),
	(2873,'MALAYSIA DEEPWATER PRODUCTION','2015-08-30 21:04:25','2015-08-30 21:04:25'),
	(2874,'KENCANA MARINE DRILLING SDN BHD','2015-08-30 21:04:25','2015-08-30 21:04:25'),
	(2875,'GOLDENMAX OILFIELD SERVICES','2015-08-30 21:04:25','2015-08-30 21:04:25'),
	(2876,'HB BRIGHT TRADING','2015-08-30 21:04:25','2015-08-30 21:04:25'),
	(2877,'BAKER HUGES C&P','2015-08-30 21:04:25','2015-08-30 21:04:25'),
	(2878,'EQ ENGINEERING SDN BHD','2015-08-30 21:04:25','2015-08-30 21:04:25'),
	(2879,'PANTAS FREIGHT SERVICES SDN BHD','2015-08-30 21:04:25','2015-08-30 21:04:25'),
	(2880,'MISARMA ENTERPRISE SDN BHD','2015-08-30 21:04:25','2015-08-30 21:04:25'),
	(2881,'MASTER OF PERDANA ENDURANCE','2015-08-30 21:04:25','2015-08-30 21:04:25'),
	(2882,'PANASONIC MALAYSIA SDN BHD','2015-08-30 21:04:25','2015-08-30 21:04:25'),
	(2883,'HJ. JASNIH/ ABIDIN ABDUL','2015-08-30 21:04:25','2015-08-30 21:04:25'),
	(2884,'PRSB RESOURCES SDN BHD','2015-08-30 21:04:25','2015-08-30 21:04:25'),
	(2885,'MALAYSIA MARINE AND HEAVY ENGINEERING SDN BHD','2015-08-30 21:04:25','2015-08-30 21:04:25'),
	(2886,'A.HARTRODT OCEAN SERVICES SDN BHD','2015-08-30 21:04:25','2015-08-30 21:04:25'),
	(2887,'SEALINK ANTARABANGSA LABUAN','2015-08-30 21:04:25','2015-08-30 21:04:25'),
	(2888,'UNION OILFIELD SERVICES SDN BHD','2015-08-30 21:04:25','2015-08-30 21:04:25'),
	(2889,'ICON SHIP MANAGEMENT SDN BHD','2015-08-30 21:04:25','2015-08-30 21:04:25'),
	(2890,'HUGHES CHRISTENSEN LABUAN','2015-08-30 21:04:25','2015-08-30 21:04:25'),
	(2891,',ORDEN PRRAMID SDN BHD','2015-08-30 21:04:25','2015-08-30 21:04:25'),
	(2892,'MODERN PYRAMID SDN BHD','2015-08-30 21:04:25','2015-08-30 21:04:25'),
	(2893,'HMS RACING LABUAN F.T ','2015-08-30 21:04:25','2015-08-30 21:04:25'),
	(2894,'LABUAN INTERNATIONAL GOLF CLUB','2015-08-30 21:04:25','2015-08-30 21:04:25'),
	(2895,'MAXTUBE LIMITED','2015-08-30 21:04:25','2015-08-30 21:04:25'),
	(2896,'SINCERE SHIPPING & FWD SDN BHD','2015-08-30 21:04:25','2015-08-30 21:04:25'),
	(2897,'SKUADRON 340 PANGKALAN UDARA BUKIT KUBONG','2015-08-30 21:04:25','2015-08-30 21:04:25'),
	(2898,'PROTANK MISSION SYSTEM SDN BHD','2015-08-30 21:04:25','2015-08-30 21:04:25'),
	(2899,'LDA LABUAN HOLDING SDN BHD','2015-08-30 21:04:25','2015-08-30 21:04:25'),
	(2900,'PDB LABUAN DEPORT','2015-08-30 21:04:25','2015-08-30 21:04:25'),
	(2901,'EXXEC INTERGRATED (M) SDN BHD','2015-08-30 21:04:25','2015-08-30 21:04:25'),
	(2902,'SEKOLAH MENENGAH KEBANGSAAN RANCHA RANCHA','2015-08-30 21:04:25','2015-08-30 21:04:25'),
	(2903,'SWEE HUAT LOGISTICS SDN BHD','2015-08-30 21:04:25','2015-08-30 21:04:25'),
	(2904,'BUKIT KUDA BEKALAN SEMENTARA BENGKEL','2015-08-30 21:04:25','2015-08-30 21:04:25'),
	(2905,'AMIR ENTERPRISE','2015-08-30 21:04:25','2015-08-30 21:04:25'),
	(2906,'KIONG NGEE ENGINEERING CO','2015-08-30 21:04:25','2015-08-30 21:04:25'),
	(2907,'BTS FINANCIAL PK','2015-08-30 21:04:25','2015-08-30 21:04:25'),
	(2908,'OMBAK MARINE SERVICES SB','2015-08-30 21:04:25','2015-08-30 21:04:25'),
	(2909,'ITS ENERGY SERVICE SDN BHD','2015-08-30 21:04:25','2015-08-30 21:04:25'),
	(2910,'EMPAYAR DAMAI SDN BHD','2015-08-30 21:04:25','2015-08-30 21:04:25'),
	(2911,'PVT ENGINEERING SDN BHD','2015-08-30 21:04:25','2015-08-30 21:04:25'),
	(2912,'ENCHO GERUDI (M) SDN BHD','2015-08-30 21:04:25','2015-08-30 21:04:25'),
	(2913,'DESIGN STATION SDN BHD','2015-08-30 21:04:25','2015-08-30 21:04:25'),
	(2914,'LABUAN FANCY STORE','2015-08-30 21:04:25','2015-08-30 21:04:25'),
	(2915,'TRIPLE GALAXY ENGINEERING SDN. BHD','2015-08-30 21:04:25','2015-08-30 21:04:25'),
	(2916,'LION TRANSPORT SDN BHD','2015-08-30 21:04:25','2015-08-30 21:04:25'),
	(2917,'MECHLO ENGINEERING SDN BHD','2015-08-30 21:04:25','2015-08-30 21:04:25'),
	(2918,'S4 TECH ENGINEERING SDN BHD','2015-08-30 21:04:25','2015-08-30 21:04:25'),
	(2919,'TOTAL E & P MALAYSIA','2015-08-30 21:04:25','2015-08-30 21:04:25'),
	(2920,'BAKER HUGES (DRILLING SERVICES)','2015-08-30 21:04:25','2015-08-30 21:04:25'),
	(2921,'SUFRI BIN JAKRI','2015-08-30 21:04:25','2015-08-30 21:04:25'),
	(2922,'PARKSONM FINANCIAL PARK LABUAN COMPLEX','2015-08-30 21:04:25','2015-08-30 21:04:25'),
	(2923,'CKJ ENGINEERING & SERVICES SDN BHD','2015-08-30 21:04:25','2015-08-30 21:04:25'),
	(2924,'PUTRA ENTERPRENEUR','2015-08-30 21:04:25','2015-08-30 21:04:25'),
	(2925,'SRI MASKINI 2 SDN BHD','2015-08-30 21:04:25','2015-08-30 21:04:25'),
	(2926,'T & L IMPORT & EXPORT AGENT','2015-08-30 21:04:25','2015-08-30 21:04:25'),
	(2927,'SIN SIANG HAI SDN BHD','2015-08-30 21:04:25','2015-08-30 21:04:25'),
	(2928,'EMAS OFFSHORE SERVICES PTE LTD','2015-08-30 21:04:25','2015-08-30 21:04:25'),
	(2929,'VALSER ENGINEERING AND SERVICES SDN BHD','2015-08-30 21:04:25','2015-08-30 21:04:25'),
	(2930,'PETRO SUPPLIES SOLUTION SDN BHD','2015-08-30 21:04:25','2015-08-30 21:04:25'),
	(2931,'ROUND-THE-WORLD LOGISTICS CORP M SB','2015-08-30 21:04:25','2015-08-30 21:04:25'),
	(2932,'ADHWA ENTERPRISE','2015-08-30 21:04:25','2015-08-30 21:04:25'),
	(2933,'SMART RYDERS SDN BHD','2015-08-30 21:04:25','2015-08-30 21:04:25'),
	(2934,'FUDOJAYA SDN BHD','2015-08-30 21:04:25','2015-08-30 21:04:25'),
	(2935,'CHRISTAL LINE EXPRESS BILL OF LADING','2015-08-30 21:04:25','2015-08-30 21:04:25'),
	(2936,'MOHD SHAHRIL BIN SHAHARUDIN','2015-08-30 21:04:25','2015-08-30 21:04:25'),
	(2937,'SOLUS OCEANING (M) SDN BHD','2015-08-30 21:04:25','2015-08-30 21:04:25'),
	(2938,'DAYA SECADYME SDN BHD','2015-08-30 21:04:25','2015-08-30 21:04:25'),
	(2939,'HOSPITAL WILAYAH PERSEKUTUAN LABUAN','2015-08-30 21:04:25','2015-08-30 21:04:25'),
	(2940,'MAYBANK INTERNATIONAL (L) LTD','2015-08-30 21:04:25','2015-08-30 21:04:25'),
	(2941,'MID CORPORATION CENTER SDN BHD','2015-08-30 21:04:25','2015-08-30 21:04:25'),
	(2942,'MOHD ZAINI BIN KADIR','2015-08-30 21:04:25','2015-08-30 21:04:25'),
	(2943,'MT TO OCEANIA','2015-08-30 21:04:25','2015-08-30 21:04:25'),
	(2944,'MARK MAJU CORP SDN BHD','2015-08-30 21:04:25','2015-08-30 21:04:25'),
	(2945,'MALAYAN BANKING BHD','2015-08-30 21:04:25','2015-08-30 21:04:25'),
	(2946,'STOR LABUAN','2015-08-30 21:04:25','2015-08-30 21:04:25'),
	(2947,'CINSANO TRADING PTE LTD','2015-08-30 21:04:25','2015-08-30 21:04:25'),
	(2948,'EME MACHINERY SDN BHD','2015-08-30 21:04:25','2015-08-30 21:04:25'),
	(2949,'ZAMARA LESTARI SDN BHD','2015-08-30 21:04:26','2015-08-30 21:04:26'),
	(2950,'HIGHTECH PIPES SYSTEMS SDN BHD','2015-08-30 21:04:26','2015-08-30 21:04:26'),
	(2951,'PHIL HAMILTON','2015-08-30 21:04:26','2015-08-30 21:04:26'),
	(2952,'PROEIGHT OFFSHORE ENGINEERING SDN BHD','2015-08-30 21:04:26','2015-08-30 21:04:26'),
	(2953,'DARA SINGH','2015-08-30 21:04:26','2015-08-30 21:04:26'),
	(2954,'MIRADAMAI RESOURCES SDN BHD','2015-08-30 21:04:26','2015-08-30 21:04:26'),
	(2955,'KLVMIR','2015-08-30 21:04:26','2015-08-30 21:04:26'),
	(2956,'BAKER ATLAS LABUAN','2015-08-30 21:04:26','2015-08-30 21:04:26'),
	(2957,'OREN HYDROCARBONS FAR EAST SDN BHD','2015-08-30 21:04:26','2015-08-30 21:04:26'),
	(2958,'CHEMOIL ENGINEERING SDN BHD','2015-08-30 21:04:26','2015-08-30 21:04:26'),
	(2959,'BUMI ARMANDA SHIP MANAGEMENT SDN BHD','2015-08-30 21:04:26','2015-08-30 21:04:26'),
	(2960,'EP ENGINEERING SDN BHD','2015-08-30 21:04:26','2015-08-30 21:04:26'),
	(2961,'PEMBORONG MAJU BERSATU SDN BHD','2015-08-30 21:04:26','2015-08-30 21:04:26'),
	(2962,'BAKER HUGHES','2015-08-30 21:04:26','2015-08-30 21:04:26'),
	(2963,'E & P MALAYSIA','2015-08-30 21:04:26','2015-08-30 21:04:26'),
	(2964,'BIG INDUSTRIAL GAS SDN BHD','2015-08-30 21:04:26','2015-08-30 21:04:26'),
	(2965,'MULYADI BIN HALIM','2015-08-30 21:04:26','2015-08-30 21:04:26'),
	(2966,'SYARIKAT TEKTRONIX','2015-08-30 21:04:26','2015-08-30 21:04:26'),
	(2967,'FRIDDY FU MING KONG KN','2015-08-30 21:04:26','2015-08-30 21:04:26'),
	(2968,'AIRBONE TRAVEL SDN BHD','2015-08-30 21:04:26','2015-08-30 21:04:26'),
	(2969,'HARRISONS TRAVEL (S) SDN BHD','2015-08-30 21:04:26','2015-08-30 21:04:26'),
	(2970,'MULIYADI BIN HALIM','2015-08-30 21:04:26','2015-08-30 21:04:26'),
	(2971,'WISALAJU AUTOPARTS SDN BHD','2015-08-30 21:04:26','2015-08-30 21:04:26'),
	(2972,'METONPRO OILFIELD SUPPLY S/B','2015-08-30 21:04:26','2015-08-30 21:04:26'),
	(2973,'HIGHBASE TRATEGIC S/B LABUAN F.T','2015-08-30 21:04:26','2015-08-30 21:04:26'),
	(2974,'GOLDEN BALL','2015-08-30 21:04:26','2015-08-30 21:04:26'),
	(2975,'DOLPHIN SHIPPING AGENCY S/B','2015-08-30 21:04:26','2015-08-30 21:04:26'),
	(2976,'PAJAK GADAI CEBU SDN BHD','2015-08-30 21:04:26','2015-08-30 21:04:26'),
	(2977,'DB LOGISTIC','2015-08-30 21:04:26','2015-08-30 21:04:26'),
	(2978,'YC ENGINEERING SUPPLY','2015-08-30 21:04:26','2015-08-30 21:04:26'),
	(2979,'PCSB SABAH OPERATIONS','2015-08-30 21:04:26','2015-08-30 21:04:26'),
	(2980,'SEAHORES OFFSHORE SDN BHD','2015-08-30 21:04:26','2015-08-30 21:04:26'),
	(2981,'LARIANT OIL SERVICES (M) SDN BHD','2015-08-30 21:04:26','2015-08-30 21:04:26'),
	(2982,'MJ MARITIM (MALAYSIA) SDN BHD PTE LTD','2015-08-30 21:04:26','2015-08-30 21:04:26'),
	(2983,'SUREWIN OILFIELD SDN BHD','2015-08-30 21:04:26','2015-08-30 21:04:26'),
	(2984,'PCSB SARAWAK OPERATIONS','2015-08-30 21:04:26','2015-08-30 21:04:26'),
	(2985,'AUTO- MATE ENTERPRISE','2015-08-30 21:04:26','2015-08-30 21:04:26'),
	(2986,'PEMAJU BUMIPUTRA KONTRAKTOR','2015-08-30 21:04:26','2015-08-30 21:04:26'),
	(2987,'ALAM SWIBER OFFSHORE (M) SDN BHD','2015-08-30 21:04:26','2015-08-30 21:04:26'),
	(2988,'TRANE MALAYSIA SALES & SERVICES SDN BHD','2015-08-30 21:04:26','2015-08-30 21:04:26'),
	(2989,'MR MOHAMAD SYAZWUAN BIN MOHAMAD ZANEY','2015-08-30 21:04:26','2015-08-30 21:04:26'),
	(2990,'XTREME SPEED BIKE','2015-08-30 21:04:26','2015-08-30 21:04:26'),
	(2991,'MIE INDUSTRIAL SDN BHD','2015-08-30 21:04:26','2015-08-30 21:04:26'),
	(2992,'MOD ZAMANI BIN TUKIMAN ','2015-08-30 21:04:26','2015-08-30 21:04:26'),
	(2993,'AMAN GROUP YARD','2015-08-30 21:04:26','2015-08-30 21:04:26'),
	(2994,'FAST GLOBAL LINK SERVICES SDN BHD','2015-08-30 21:04:26','2015-08-30 21:04:26'),
	(2995,'DS LABUAN LOGISTICS, LABUAN FT','2015-08-30 21:04:26','2015-08-30 21:04:26'),
	(2996,'HALLIBURTON FAR EAST PTE LTD','2015-08-30 21:04:26','2015-08-30 21:04:26'),
	(2997,'LABUAN UBITED CONSTRUCTION SDN BHD','2015-08-30 21:04:26','2015-08-30 21:04:26'),
	(2998,'PEGAWAI MEMERINTAH KD KEDAH','2015-08-30 21:04:26','2015-08-30 21:04:26'),
	(2999,'QUAN AN DUTY FREE SDN BHD','2015-08-30 21:04:26','2015-08-30 21:04:26'),
	(3000,'SHARIF BIN CHE HAT','2015-08-30 21:04:26','2015-08-30 21:04:26'),
	(3001,'BAHAGIAN LAUTAN DAN OSEONOGRAFI','2015-08-30 21:04:26','2015-08-30 21:04:26'),
	(3002,'KETUA BAHAGIAN LOGISTIK DAERAH IBU PEJABAT POLIS DAERAH LABUAN WILAYAH','2015-08-30 21:04:26','2015-08-30 21:04:26'),
	(3003,'S4 TECH ENGINEERING S/B','2015-08-30 21:04:26','2015-08-30 21:04:26'),
	(3004,'USAHAWAN BERSAMA TEKNIK SDN BHD','2015-08-30 21:04:26','2015-08-30 21:04:26'),
	(3005,'SARKU ENGINEERING SERVICES SDN BHD','2015-08-30 21:04:26','2015-08-30 21:04:26'),
	(3006,'ANJANG SHIPPING SDN BHD','2015-08-30 21:04:26','2015-08-30 21:04:26'),
	(3007,'AJANG SHIPPING SDN BHD','2015-08-30 21:04:26','2015-08-30 21:04:26'),
	(3008,'BEST MART CENTREU0297','2015-08-30 21:04:26','2015-08-30 21:04:26'),
	(3009,'7ENERGY TANK TERMINAL TRADING SDN BHD','2015-08-30 21:04:26','2015-08-30 21:04:26'),
	(3010,'BEST AUTONIAGA SDN BHD','2015-08-30 21:04:26','2015-08-30 21:04:26'),
	(3011,'AUTONIAGA SDN BHD','2015-08-30 21:04:26','2015-08-30 21:04:26'),
	(3012,'MAMANIS SDN BHD','2015-08-30 21:04:26','2015-08-30 21:04:26'),
	(3013,'BEST MART CENTRE','2015-08-30 21:04:26','2015-08-30 21:04:26'),
	(3014,'NOV BRANDT','2015-08-30 21:04:26','2015-08-30 21:04:26'),
	(3015,'WONG LIA ING','2015-08-30 21:04:26','2015-08-30 21:04:26'),
	(3016,'ECOLUMINA TECHNOLOGIES','2015-08-30 21:04:26','2015-08-30 21:04:26'),
	(3017,'ECOBUMI VENTURES SB','2015-08-30 21:04:26','2015-08-30 21:04:26'),
	(3018,'HARRISONS SABAH, LABUAN FT','2015-08-30 21:04:26','2015-08-30 21:04:26'),
	(3019,'OLIO ENERGY SDN BHD','2015-08-30 21:04:26','2015-08-30 21:04:26'),
	(3020,'DS7 RESOURCES (M) SDN BHD','2015-08-30 21:04:26','2015-08-30 21:04:26'),
	(3021,'GISSCO SDN BHD','2015-08-30 21:04:26','2015-08-30 21:04:26'),
	(3022,'MAHATHIR BIN MAMAT','2015-08-30 21:04:26','2015-08-30 21:04:26'),
	(3023,'ENTERPRISE SDN BHD','2015-08-30 21:04:26','2015-08-30 21:04:26'),
	(3024,'JOSEPH HII LUN HAN','2015-08-30 21:04:26','2015-08-30 21:04:26'),
	(3025,'ASIAN MARINE PROFESSIONAL ASSOCIATED (M) SDN BHD','2015-08-30 21:04:26','2015-08-30 21:04:26'),
	(3026,'ROTORK MALAYSIA SDN BHD','2015-08-30 21:04:26','2015-08-30 21:04:26'),
	(3027,'FREIGHT SERVICES SDN BHD','2015-08-30 21:04:26','2015-08-30 21:04:26'),
	(3028,'PERTAMIN JAYA SDN BHD','2015-08-30 21:04:26','2015-08-30 21:04:26'),
	(3029,'ELEKTRO SERVE (M) SDN BHD','2015-08-30 21:04:26','2015-08-30 21:04:26'),
	(3030,'KPOC WAREHOUSE (ASB WAREHOUSE NO 7)','2015-08-30 21:04:26','2015-08-30 21:04:26'),
	(3031,'NEW FIELD','2015-08-30 21:04:26','2015-08-30 21:04:26'),
	(3032,'PETERLABS SDN BHD','2015-08-30 21:04:26','2015-08-30 21:04:26'),
	(3033,'COMMERCIAL MARKETERS AND DISTRIBUTORS SDN BHD','2015-08-30 21:04:26','2015-08-30 21:04:26'),
	(3034,'LESCHACO (M) SDN BHD','2015-08-30 21:04:26','2015-08-30 21:04:26'),
	(3035,'FORWARD FREIGHT SERVICES SDN BHD','2015-08-30 21:04:26','2015-08-30 21:04:26'),
	(3036,'MCDONALDS LABUAN AIRPORTS','2015-08-30 21:04:26','2015-08-30 21:04:26'),
	(3037,'SERI JESU JAYA OILFIELD SERVICES','2015-08-30 21:04:26','2015-08-30 21:04:26'),
	(3038,'MMHE SDN BHD','2015-08-30 21:04:26','2015-08-30 21:04:26'),
	(3039,'TATANA ELECTRICAL ENGINEERING','2015-08-30 21:04:26','2015-08-30 21:04:26'),
	(3040,'EXPRO (B) SDN BHD','2015-08-30 21:04:26','2015-08-30 21:04:26'),
	(3041,'IDEAL FEED MILLS SDN BHD','2015-08-30 21:04:26','2015-08-30 21:04:26'),
	(3042,'CLARIANT (M) SDN BHD','2015-08-30 21:04:26','2015-08-30 21:04:26'),
	(3043,'DACHER MALAYSIA SDN BHD','2015-08-30 21:04:26','2015-08-30 21:04:26'),
	(3044,'DACHSER MALAYSIA SDN BHD','2015-08-30 21:04:26','2015-08-30 21:04:26'),
	(3045,'MINI MART SEGAR','2015-08-30 21:04:26','2015-08-30 21:04:26'),
	(3046,'DAYANG FANRICATION','2015-08-30 21:04:26','2015-08-30 21:04:26'),
	(3047,'LSY ENTERPRISE','2015-08-30 21:04:26','2015-08-30 21:04:26'),
	(3048,'KEBABANGAN PETROLEUM PTE LTD','2015-08-30 21:04:26','2015-08-30 21:04:26'),
	(3049,'JUTA HASIL ENGINEERING','2015-08-30 21:04:26','2015-08-30 21:04:26'),
	(3050,'E O TRICOLOGY','2015-08-30 21:04:26','2015-08-30 21:04:26'),
	(3051,'HAZ LOGISTICS SHIPPING MOVERS SDN BHD','2015-08-30 21:04:26','2015-08-30 21:04:26'),
	(3052,'JOHARI BIN HJ TIMBANG','2015-08-30 21:04:26','2015-08-30 21:04:26'),
	(3053,'DAYANG SHUC WAREHOUSE','2015-08-30 21:04:26','2015-08-30 21:04:26'),
	(3054,'BC PETROCHEMICALS SDN BHD','2015-08-30 21:04:26','2015-08-30 21:04:26'),
	(3055,'VUI YEE LEE AND KEN VUI CHAU','2015-08-30 21:04:26','2015-08-30 21:04:26'),
	(3056,'MITRA JASA MARITIM (M) SDN BHD','2015-08-30 21:04:26','2015-08-30 21:04:26'),
	(3057,'SCHLUMBERGER DOWELL (M) SDN BHD','2015-08-30 21:04:26','2015-08-30 21:04:26'),
	(3058,'DETROIT POWER (M) SDN BHD','2015-08-30 21:04:26','2015-08-30 21:04:26'),
	(3059,'CORROCOAT CORROSION TECHNOLOGIES SDN BHD','2015-08-30 21:04:26','2015-08-30 21:04:26'),
	(3060,'PARAGON LABUAN','2015-08-30 21:04:26','2015-08-30 21:04:26'),
	(3061,'UEN HIN ENETRPRISE','2015-08-30 21:04:26','2015-08-30 21:04:26'),
	(3062,'MATRADIS ENERGY (M) SDN','2015-08-30 21:04:26','2015-08-30 21:04:26'),
	(3063,'PNR INSPECTION SDN BHD','2015-08-30 21:04:26','2015-08-30 21:04:26'),
	(3064,'PSM LOGISTICS SDN BHD','2015-08-30 21:04:26','2015-08-30 21:04:26'),
	(3065,'SCOMI INTERGRATED BASE','2015-08-30 21:04:26','2015-08-30 21:04:26'),
	(3066,'MASTER OF VESSEL SK LINE 77','2015-08-30 21:04:26','2015-08-30 21:04:26'),
	(3067,'KEMENTERIAN KESIHATAN MALAYSIA','2015-08-30 21:04:26','2015-08-30 21:04:26'),
	(3068,'VBL O&G LOGISTICS (M) SDN BHD','2015-08-30 21:04:26','2015-08-30 21:04:26'),
	(3069,'UMW STANDARD DRILLING SDN HD','2015-08-30 21:04:26','2015-08-30 21:04:26'),
	(3070,'BREDERO SHAW (M) SDN BHD','2015-08-30 21:04:26','2015-08-30 21:04:26'),
	(3071,'SEMANGAT FIRE SAFETY SDN BHD','2015-08-30 21:04:26','2015-08-30 21:04:26'),
	(3072,'SURAINI BINTI MUHAMAD','2015-08-30 21:04:26','2015-08-30 21:04:26'),
	(3073,'MUHAMAD SUFIAN BIN SIAM','2015-08-30 21:04:26','2015-08-30 21:04:26'),
	(3074,'ADHWA BERSAUDARA SDN BHD','2015-08-30 21:04:26','2015-08-30 21:04:26'),
	(3075,'ASIAN GEOS SDN BHD','2015-08-30 21:04:26','2015-08-30 21:04:26'),
	(3076,'SMART BASE ENGINEERING','2015-08-30 21:04:26','2015-08-30 21:04:26'),
	(3077,'INDUSTRIAL SUPPLY SDN BHD','2015-08-30 21:04:26','2015-08-30 21:04:26'),
	(3078,'TRANS WORLD INTEGRATED SDN BHD','2015-08-30 21:04:26','2015-08-30 21:04:26'),
	(3079,'ABILITY OILFIELD & ENGINEERING SDN BHD','2015-08-30 21:04:26','2015-08-30 21:04:26'),
	(3080,'MS KEMMAS ENTERPRISE SDN BHD','2015-08-30 21:04:26','2015-08-30 21:04:26'),
	(3081,'CENTRALISED LOGISTIC &DSTRIBUTION','2015-08-30 21:04:26','2015-08-30 21:04:26'),
	(3082,'FLEXI FLEX HYDRAULICS SDN BHD','2015-08-30 21:04:26','2015-08-30 21:04:26'),
	(3083,'PROTECTION RIGGING ACCESS SERVICES SDN BHD','2015-08-30 21:04:26','2015-08-30 21:04:26'),
	(3084,'BLUE OCEAN OFFSHORE SDN BHD','2015-08-30 21:04:26','2015-08-30 21:04:26'),
	(3085,'MERANG ENGINEERING SDN BHD','2015-08-30 21:04:26','2015-08-30 21:04:26'),
	(3086,'ALAM SHIP MANAGEMENT SDN BHD','2015-08-30 21:04:26','2015-08-30 21:04:26'),
	(3087,'SCAN GLOBAL LOGISTICS SDN BHD','2015-08-30 21:04:26','2015-08-30 21:04:26'),
	(3088,'SMART LINK GLOBAL','2015-08-30 21:04:26','2015-08-30 21:04:26'),
	(3089,'MINE TECH GLOBAL SERVICES (M) SDN BHD','2015-08-30 21:04:26','2015-08-30 21:04:26'),
	(3090,'AM MANAGEMENT SDN BHD','2015-08-30 21:04:26','2015-08-30 21:04:26'),
	(3091,'LIKAS RESOURCES SDN BHD','2015-08-30 21:04:26','2015-08-30 21:04:26'),
	(3092,'GOH SIN LIONG','2015-08-30 21:04:26','2015-08-30 21:04:26'),
	(3093,'ASIA VATERINAR SDN BDH','2015-08-30 21:04:26','2015-08-30 21:04:26'),
	(3094,'HUNG HOW KIONG','2015-08-30 21:04:26','2015-08-30 21:04:26'),
	(3095,'DRB- HICOM AUTO SOLUTIONS SDN BHD','2015-08-30 21:04:26','2015-08-30 21:04:26'),
	(3096,'HONG BEE HARDWARE CO SDN BHD','2015-08-30 21:04:26','2015-08-30 21:04:26'),
	(3097,'NEW CENTURY FURNITURE & INTERIOR DECO','2015-08-30 21:04:26','2015-08-30 21:04:26'),
	(3098,'MAHADZIR BIN RANI','2015-08-30 21:04:26','2015-08-30 21:04:26'),
	(3099,'ASIAPAC BEVERAGES SDN BHD','2015-08-30 21:04:26','2015-08-30 21:04:26'),
	(3100,'DOUBLE SCOOPS LABUAN ENTERPRISE','2015-08-30 21:04:26','2015-08-30 21:04:26'),
	(3101,'SC ASIAN TUBULAR SUPPLY P/LTD','2015-08-30 21:04:26','2015-08-30 21:04:26'),
	(3102,'FPSO VENTURES SDN BHD','2015-08-30 21:04:26','2015-08-30 21:04:26'),
	(3103,'ROCK GARNET TRADING','2015-08-30 21:04:26','2015-08-30 21:04:26'),
	(3104,'GSIB SDN BHD','2015-08-30 21:04:26','2015-08-30 21:04:26'),
	(3105,'M/S OREN HYDROCARBONS PVT LTD','2015-08-30 21:04:26','2015-08-30 21:04:26'),
	(3106,'RESERVOIR LINK S/B','2015-08-30 21:04:26','2015-08-30 21:04:26'),
	(3107,'AMARDEEP SINGH GILL','2015-08-30 21:04:26','2015-08-30 21:04:26'),
	(3108,'TM OILFIELD SERVICES S/B','2015-08-30 21:04:26','2015-08-30 21:04:26'),
	(3109,'UNIVERSAL INTEGRATED CORPORATION CONSUMER PRODUCTS P/L','2015-08-30 21:04:26','2015-08-30 21:04:26'),
	(3110,'CMT LOGISTICS','2015-08-30 21:04:26','2015-08-30 21:04:26'),
	(3111,'INDUSTRIAL INSULATION SERVICES S/B','2015-08-30 21:04:26','2015-08-30 21:04:26'),
	(3112,'BK SHOP','2015-08-30 21:04:26','2015-08-30 21:04:26'),
	(3113,'GENERAL CUSTOMERS','2015-08-30 21:04:26','2015-08-30 21:04:26'),
	(3114,'NATIONAL OILWELL VARCO FLUID CONTROL','2015-08-30 21:04:26','2015-08-30 21:04:26'),
	(3115,'LEOPAD S/B','2015-08-30 21:04:26','2015-08-30 21:04:26'),
	(3116,'3M MALAYSIA SDN BHD','2015-08-30 21:04:26','2015-08-30 21:04:26'),
	(3117,'KZN VENTURES SDN BHD','2015-08-30 21:04:26','2015-08-30 21:04:26'),
	(3118,'DIALOG PLANT SERVICES SDN BHD','2015-08-30 21:04:26','2015-08-30 21:04:26'),
	(3119,'NOBLE STAR SERVICES SDN BHD','2015-08-30 21:04:26','2015-08-30 21:04:26'),
	(3120,'HARBOUR SERVICES CORPORATION SDN BHD','2015-08-30 21:04:26','2015-08-30 21:04:26'),
	(3121,'TRANS OCEAN SDN BHD','2015-08-30 21:04:26','2015-08-30 21:04:26'),
	(3122,'UTAMA OFFSHORE INTERNATIONAL P/L','2015-08-30 21:04:26','2015-08-30 21:04:26'),
	(3123,'SITHARTHAN A/L K SIVANADIAN','2015-08-30 21:04:26','2015-08-30 21:04:26'),
	(3124,'CHAI LEE PENG','2015-08-30 21:04:26','2015-08-30 21:04:26'),
	(3125,'MONICA WONG SIAW MOI','2015-08-30 21:04:26','2015-08-30 21:04:26'),
	(3126,'INTERIOR CONNECTION SDN BHD','2015-08-30 21:04:26','2015-08-30 21:04:26'),
	(3127,'HELANG BESTARI SDN BHD','2015-08-30 21:04:26','2015-08-30 21:04:26'),
	(3128,'NEPTUNE ASIA LIMITED','2015-08-30 21:04:26','2015-08-30 21:04:26'),
	(3129,'SEADRILL RIG SERVICES SDN BHD','2015-08-30 21:04:26','2015-08-30 21:04:26'),
	(3130,'KURNIA WAWASAN LABUAN','2015-08-30 21:04:26','2015-08-30 21:04:26'),
	(3131,'DONALD CHIN','2015-08-30 21:04:26','2015-08-30 21:04:26'),
	(3132,'GAILUN JAYA','2015-08-30 21:04:26','2015-08-30 21:04:26'),
	(3133,'WESTPORT (M) SDN BHD','2015-08-30 21:04:26','2015-08-30 21:04:26'),
	(3134,'POWERTIUM ENGINEERING SDN BHD','2015-08-30 21:04:26','2015-08-30 21:04:26'),
	(3135,'WCL CONSTRUCTION','2015-08-30 21:04:26','2015-08-30 21:04:26'),
	(3136,'KOMPLEKS JABATAN PENGAIRAN DAN SALIRAN','2015-08-30 21:04:26','2015-08-30 21:04:26'),
	(3137,'METROPORT LOGISTICS (SARAWAK) S/B','2015-08-30 21:04:26','2015-08-30 21:04:26'),
	(3138,'HIN TATT RECYCLING SDN BHD','2015-08-30 21:04:26','2015-08-30 21:04:26'),
	(3139,'PETER MAK CHUN YUN','2015-08-30 21:04:26','2015-08-30 21:04:26'),
	(3140,'MASTER OF BOURBON TUBTIM','2015-08-30 21:04:26','2015-08-30 21:04:26'),
	(3141,'CAMERON (M) SDN BHD','2015-08-30 21:04:26','2015-08-30 21:04:26'),
	(3142,'JELINA ENTERPRISE','2015-08-30 21:04:26','2015-08-30 21:04:26'),
	(3143,'MASTER MULIA SDN BHD','2015-08-30 21:04:26','2015-08-30 21:04:26'),
	(3144,'MR. ARTHUR KONG','2015-08-30 21:04:26','2015-08-30 21:04:26'),
	(3145,'FOCUSTRANS LOGISTICS SDN BHD','2015-08-30 21:04:26','2015-08-30 21:04:26'),
	(3146,'PENDARVES LTD','2015-08-30 21:04:26','2015-08-30 21:04:26'),
	(3147,'ERTIBINA SDN BHD','2015-08-30 21:04:26','2015-08-30 21:04:26'),
	(3148,'HIKMAH LOGISTICS & FORWARDING SDN BHD','2015-08-30 21:04:26','2015-08-30 21:04:26'),
	(3149,'DEMETER O&G SUPPLIES SDN BHD','2015-08-30 21:04:26','2015-08-30 21:04:26'),
	(3150,'SALAM SILK STORE','2015-08-30 21:04:26','2015-08-30 21:04:26'),
	(3151,'MALAYSIA AIRPORTS (NIAGA) S/B','2015-08-30 21:04:26','2015-08-30 21:04:26'),
	(3152,'ESSO MARKET STREET SS','2015-08-30 21:04:26','2015-08-30 21:04:26'),
	(3153,'OCH LAUNDRY','2015-08-30 21:04:26','2015-08-30 21:04:26'),
	(3154,'MASTER OF FOS GALAXY/STAR','2015-08-30 21:04:26','2015-08-30 21:04:26'),
	(3155,'MI AGENCY SERVICES','2015-08-30 21:04:26','2015-08-30 21:04:26'),
	(3156,'CHONG JIUM FUU','2015-08-30 21:04:26','2015-08-30 21:04:26'),
	(3157,'KV DISTRIBUTORS S/B','2015-08-30 21:04:26','2015-08-30 21:04:26'),
	(3158,'ASIA SHIPPING & FORWARDING (S) S/B','2015-08-30 21:04:26','2015-08-30 21:04:26'),
	(3159,'PARK LAM RESOURCES S/B','2015-08-30 21:04:26','2015-08-30 21:04:26'),
	(3160,'TONG MAH TRADING.','2015-08-30 21:04:26','2015-08-30 21:04:26'),
	(3161,'SRI WAWASAN ENG & FAB','2015-08-30 21:04:26','2015-08-30 21:04:26'),
	(3162,'SYARIKAT HONG HENG','2015-08-30 21:04:26','2015-08-30 21:04:26'),
	(3163,'EASTERN ENERGY SERVICES SDN BHD','2015-08-30 21:04:26','2015-08-30 21:04:26'),
	(3164,'SYARIKAT SWEE HUAT TRADING','2015-08-30 21:04:26','2015-08-30 21:04:26'),
	(3165,'D ONE MART LABUAN S/B','2015-08-30 21:04:26','2015-08-30 21:04:26'),
	(3166,'GILGAL TECHNOLOGY S/B','2015-08-30 21:04:26','2015-08-30 21:04:26'),
	(3167,'BAKER HUGHES EHO LTD','2015-08-30 21:04:26','2015-08-30 21:04:26'),
	(3168,'SAZALI BIN SANEP','2015-08-30 21:04:26','2015-08-30 21:04:26'),
	(3169,'IMAGE LOGISTICS (M) S/B','2015-08-30 21:04:26','2015-08-30 21:04:26'),
	(3170,'GANDA SAKTI ENGINEERING SERVICES S/B','2015-08-30 21:04:26','2015-08-30 21:04:26'),
	(3171,'KEDAI KHIDMAT','2015-08-30 21:04:26','2015-08-30 21:04:26'),
	(3172,'PETROUSAHA OFFSHORE SERVICES S/B','2015-08-30 21:04:26','2015-08-30 21:04:26'),
	(3173,'CENTURY TOTAL LOGISTICS SDN BHD','2015-08-30 21:04:26','2015-08-30 21:04:26'),
	(3174,'SAVVY LOGISTICS SDN BHD','2015-08-30 21:04:26','2015-08-30 21:04:26'),
	(3175,'SEJAHTERA SHIPPING & SERVICES','2015-08-30 21:04:26','2015-08-30 21:04:26'),
	(3176,'KONESCRANES PTE LTD.','2015-08-30 21:04:26','2015-08-30 21:04:26'),
	(3177,'UMW WORKOVER SDN BHD','2015-08-30 21:04:26','2015-08-30 21:04:26'),
	(3178,'SAPURA KENCANA DRILLING SERVICES SDN BHD','2015-08-30 21:04:26','2015-08-30 21:04:26'),
	(3179,'DALILA BINTI HAMDAN','2015-08-30 21:04:26','2015-08-30 21:04:26'),
	(3180,'SIN HIAP HIN SDN BHD','2015-08-30 21:04:26','2015-08-30 21:04:26'),
	(3181,'MS JAIDAH BINTI MARBAWI','2015-08-30 21:04:26','2015-08-30 21:04:26'),
	(3182,'FATIMAH BINTI PG YACOB','2015-08-30 21:04:26','2015-08-30 21:04:26'),
	(3183,'YONG YEOK YEE','2015-08-30 21:04:26','2015-08-30 21:04:26'),
	(3184,'LEE TZE TENG','2015-08-30 21:04:26','2015-08-30 21:04:26'),
	(3185,'ABADI MOTOR SDN BHD','2015-08-30 21:04:26','2015-08-30 21:04:26'),
	(3186,'AMANAH IKHTIAR MALAYSIA S/B','2015-08-30 21:04:26','2015-08-30 21:04:26'),
	(3187,'ALLIED JANE C/O SWCOM LOGISTICS S/B','2015-08-30 21:04:26','2015-08-30 21:04:26'),
	(3188,'LEMBAGA PEMASARAN PERTANIAN','2015-08-30 21:04:26','2015-08-30 21:04:26'),
	(3189,'JAZBAH ENT. S/B','2015-08-30 21:04:26','2015-08-30 21:04:26'),
	(3190,'GAN WEE CHUAN C/O RY SERVICES S/B','2015-08-30 21:04:26','2015-08-30 21:04:26'),
	(3191,'BUMI MAS ACTIVITY S/B','2015-08-30 21:04:26','2015-08-30 21:04:26'),
	(3192,'EMPADA SDN BHD','2015-08-30 21:04:26','2015-08-30 21:04:26'),
	(3193,'MASTER BADANG SEMBILAN','2015-08-30 21:04:26','2015-08-30 21:04:26'),
	(3194,'NIAGA UNGGUL SDN BHD','2015-08-30 21:04:26','2015-08-30 21:04:26'),
	(3195,'PAUL TURTON','2015-08-30 21:04:26','2015-08-30 21:04:26'),
	(3196,'ALLI HANDICRAFT ENT.','2015-08-30 21:04:26','2015-08-30 21:04:26'),
	(3197,'TELESTRUCTURE SDN BHD','2015-08-30 21:04:26','2015-08-30 21:04:26'),
	(3198,'MOH HENG COMPANY S/B (LBN)','2015-08-30 21:04:26','2015-08-30 21:04:26'),
	(3199,'YU CHAN MARKETING S/B (LBN)','2015-08-30 21:04:26','2015-08-30 21:04:26'),
	(3200,'JANA SWASTA SDN BHD','2015-08-30 21:04:26','2015-08-30 21:04:26'),
	(3201,'MASTER OF MV MERMAID VIGILANCE','2015-08-30 21:04:26','2015-08-30 21:04:26'),
	(3202,'MASTER OF MV EPV','2015-08-30 21:04:26','2015-08-30 21:04:26'),
	(3203,'POWCO ENGINEERING SDN BHD','2015-08-30 21:04:26','2015-08-30 21:04:26'),
	(3204,'KLINIK WILAYAH (L) SDN BHD','2015-08-30 21:04:26','2015-08-30 21:04:26'),
	(3205,'THE MASTER ARMANDA IMAN SDN BHD','2015-08-30 21:04:26','2015-08-30 21:04:26'),
	(3206,'SOUNDMIX ENT.','2015-08-30 21:04:26','2015-08-30 21:04:26'),
	(3207,'AMBANK (M) BERHAD','2015-08-30 21:04:26','2015-08-30 21:04:26'),
	(3208,'ALAM HARTAWA SDN BHD','2015-08-30 21:04:26','2015-08-30 21:04:26'),
	(3209,'PEJABAT PEMBANGUNAN WANITA','2015-08-30 21:04:26','2015-08-30 21:04:26'),
	(3210,'LAYUN ENTERPRISE','2015-08-30 21:04:26','2015-08-30 21:04:26'),
	(3211,'FUGRO GEOS C/O','2015-08-30 21:04:26','2015-08-30 21:04:26'),
	(3212,'SCAN TECH OFFSHORE','2015-08-30 21:04:26','2015-08-30 21:04:26'),
	(3213,'SCHLUMBERGER DT&R','2015-08-30 21:04:26','2015-08-30 21:04:26'),
	(3214,'MASTER OF LEWEK CRUSADER','2015-08-30 21:04:26','2015-08-30 21:04:26'),
	(3215,'ANJUREKAR SDN BHD','2015-08-30 21:04:26','2015-08-30 21:04:26'),
	(3216,'PROEIGHT LABUAN','2015-08-30 21:04:26','2015-08-30 21:04:26'),
	(3217,'ILEYAS BIN MAT ZIN','2015-08-30 21:04:26','2015-08-30 21:04:26'),
	(3218,'NORMASWAN BIN ROSLAN','2015-08-30 21:04:26','2015-08-30 21:04:26'),
	(3219,'COCA-COLA REFRESHMENTS (M) SDN BHD','2015-08-30 21:04:26','2015-08-30 21:04:26'),
	(3220,'WISLAJU SDN BHD','2015-08-30 21:04:26','2015-08-30 21:04:26'),
	(3221,'SERVICES SOLUTION SDN BHD','2015-08-30 21:04:26','2015-08-30 21:04:26'),
	(3222,'ASIA LINE PRODUCTS SDN BHD','2015-08-30 21:04:26','2015-08-30 21:04:26'),
	(3223,'WENMAX SDN BHD','2015-08-30 21:04:26','2015-08-30 21:04:26'),
	(3224,'MALAYSIAN DEEPWATER PRODUCTION CONTRACTOR S/B','2015-08-30 21:04:26','2015-08-30 21:04:26'),
	(3225,'KEJURUTERAAN MEGA NIAGA S/B','2015-08-30 21:04:26','2015-08-30 21:04:26'),
	(3226,'DORSETT (LABUAN HOTEL)','2015-08-30 21:04:26','2015-08-30 21:04:26'),
	(3227,'TRUCOMP ENGINEERING SERVICES SDN BHD','2015-08-30 21:04:26','2015-08-30 21:04:26'),
	(3228,'FLEXI MOVERS SDN BHD','2015-08-30 21:04:26','2015-08-30 21:04:26'),
	(3229,'PADUAN GLOBAL SDN BHD','2015-08-30 21:04:26','2015-08-30 21:04:26'),
	(3230,'SAPURA KENCANA PINEWELL S/B','2015-08-30 21:04:26','2015-08-30 21:04:26'),
	(3231,'SKME WAREHOUSE','2015-08-30 21:04:26','2015-08-30 21:04:26'),
	(3232,'VAN LEEUWEN PIPE & TUBE (M) S/B','2015-08-30 21:04:26','2015-08-30 21:04:26'),
	(3233,'SEALANE SHIPPING SDN BHD','2015-08-30 21:04:26','2015-08-30 21:04:26'),
	(3234,'BERMUDA SUBSEA (M) SDN BHD','2015-08-30 21:04:26','2015-08-30 21:04:26'),
	(3235,'TECHNIP MARINE SDN BHD','2015-08-30 21:04:26','2015-08-30 21:04:26'),
	(3236,'JIN SHENG METAL & PIPING SDN BHD','2015-08-30 21:04:26','2015-08-30 21:04:26'),
	(3237,'DLEUM OILFIELD SERVICES','2015-08-30 21:04:26','2015-08-30 21:04:26'),
	(3238,'MS PEARLJEET KAUR KARTAR SINGH','2015-08-30 21:04:26','2015-08-30 21:04:26'),
	(3239,'TO THE ORDER OF ALLIANCE BANK (M) BHD','2015-08-30 21:04:26','2015-08-30 21:04:26'),
	(3240,'SHIPCO TRANSPORT SDN BHD','2015-08-30 21:04:26','2015-08-30 21:04:26'),
	(3241,'TO THE ORDER OF PUBLIC BANK BHD','2015-08-30 21:04:26','2015-08-30 21:04:26'),
	(3242,'TO THE ORDER OF MALAYAN BANKING BHD','2015-08-30 21:04:26','2015-08-30 21:04:26'),
	(3243,'TO THE ORDER OF THE HSBC','2015-08-30 21:04:26','2015-08-30 21:04:26'),
	(3244,'VOSS ENGINEERING SDN BHD','2015-08-30 21:04:26','2015-08-30 21:04:26'),
	(3245,'LABUAN WORKSHOP PLANT SERVICES','2015-08-30 21:04:26','2015-08-30 21:04:26'),
	(3246,'TARGET ENERGY CO (M) SDN BHD','2015-08-30 21:04:26','2015-08-30 21:04:26'),
	(3247,'ANACHE ENTERPRISE','2015-08-30 21:04:26','2015-08-30 21:04:26'),
	(3248,'WINNER INSPECTION SDN BHD.','2015-08-30 21:04:26','2015-08-30 21:04:26'),
	(3249,'HOSPITAL LABUAN','2015-08-30 21:04:26','2015-08-30 21:04:26'),
	(3250,'MASTER OF SARKU SANTUBONG','2015-08-30 21:04:26','2015-08-30 21:04:26'),
	(3251,'GEOKINETICS INTERNATIONAL INC.','2015-08-30 21:04:26','2015-08-30 21:04:26'),
	(3252,'DIAMOND KEY INTERNATIONAL (M) S/B','2015-08-30 21:04:26','2015-08-30 21:04:26'),
	(3253,'MASTER OF HAVILA HARMONY','2015-08-30 21:04:26','2015-08-30 21:04:26'),
	(3254,'TIAN PENG HARDWARE SDN BHD','2015-08-30 21:04:26','2015-08-30 21:04:26'),
	(3255,'AIM OIL & GAS S/B','2015-08-30 21:04:26','2015-08-30 21:04:26'),
	(3256,'MASTER OF MV ARMADA FIRMAN 2','2015-08-30 21:04:26','2015-08-30 21:04:26'),
	(3257,'YAMATO TRANSPORT (M) SDN BHD','2015-08-30 21:04:26','2015-08-30 21:04:26'),
	(3258,'AMRI BIN ISMAIL','2015-08-30 21:04:26','2015-08-30 21:04:26'),
	(3259,'PRENTISS LYNN FOX','2015-08-30 21:04:26','2015-08-30 21:04:26'),
	(3260,'NORFARIEZA B MD NOR','2015-08-30 21:04:26','2015-08-30 21:04:26'),
	(3261,'SIME DARBY AUTO HYUNDAI S/B','2015-08-30 21:04:26','2015-08-30 21:04:26'),
	(3262,'FAZZLIJAN BTE MOHAMED ADNAN KHAN','2015-08-30 21:04:26','2015-08-30 21:04:26'),
	(3263,'ACS SOLUTION, LABUAN FT','2015-08-30 21:04:26','2015-08-30 21:04:26'),
	(3264,'MASTER OF AG VOLANS','2015-08-30 21:04:26','2015-08-30 21:04:26'),
	(3265,'TYRE MART SDN BHD','2015-08-30 21:04:26','2015-08-30 21:04:26'),
	(3266,'SAILON SHIPPING SDN BHD','2015-08-30 21:04:26','2015-08-30 21:04:26'),
	(3267,'SIME DARBY SERVICES SDN BHD','2015-08-30 21:04:26','2015-08-30 21:04:26'),
	(3268,'MASTER OF LEWEK CHAMPION','2015-08-30 21:04:26','2015-08-30 21:04:26'),
	(3269,'TYCO MALAYSIA','2015-08-30 21:04:26','2015-08-30 21:04:26'),
	(3270,'AIRSEA GLOBAL LOGISTICS (M) LABUAN FT','2015-08-30 21:04:26','2015-08-30 21:04:26'),
	(3271,'MR MURSHIDI JUNIT','2015-08-30 21:04:26','2015-08-30 21:04:26'),
	(3272,'SAFE & CLEAN OIL RECYCLE SDN BHD','2015-08-30 21:04:26','2015-08-30 21:04:26'),
	(3273,'LABUAN PETS','2015-08-30 21:04:26','2015-08-30 21:04:26'),
	(3274,'MASER (M) SDN BHD','2015-08-30 21:04:26','2015-08-30 21:04:26'),
	(3275,'HAP HUAT TRADING SDN BHD','2015-08-30 21:04:26','2015-08-30 21:04:26'),
	(3276,'VIP EXCEL SDN BHD','2015-08-30 21:04:26','2015-08-30 21:04:26'),
	(3277,'MASTER MV GEO CASPIAN AN NUR MARINE','2015-08-30 21:04:26','2015-08-30 21:04:26'),
	(3278,'NURUL HAFALZILLAH BINTI ABDUL HAMID','2015-08-30 21:04:26','2015-08-30 21:04:26'),
	(3279,'FRANCIS A/L KOLANDASAMY','2015-08-30 21:04:26','2015-08-30 21:04:26'),
	(3280,'GOPINATHA A/L GANESH','2015-08-30 21:04:26','2015-08-30 21:04:26'),
	(3281,'WAN DALILAH BINTI WAN MOHD','2015-08-30 21:04:26','2015-08-30 21:04:26'),
	(3282,'RAMESH CHANDER KHANIJOU','2015-08-30 21:04:26','2015-08-30 21:04:26'),
	(3283,'NORHAFIZAH BINTI MOHD OTHMAN','2015-08-30 21:04:26','2015-08-30 21:04:26'),
	(3284,'ONESUBSEA MALAYSIA SYSTEM SDN BHD','2015-08-30 21:04:26','2015-08-30 21:04:26'),
	(3285,'MASTER OF VESSEL PERDANA','2015-08-30 21:04:26','2015-08-30 21:04:26'),
	(3286,'SOUTHERN AIR FREIGHT SDN BHD.','2015-08-30 21:04:26','2015-08-30 21:04:26'),
	(3287,'SIN LEONG YU COMPANY','2015-08-30 21:04:26','2015-08-30 21:04:26'),
	(3288,'CHERN CHANG CHAN HOLDINGS','2015-08-30 21:04:26','2015-08-30 21:04:26'),
	(3289,'MEGA SLING LABUAN','2015-08-30 21:04:26','2015-08-30 21:04:26'),
	(3290,'EMPORIUM LABUAN SHOPPING MART','2015-08-30 21:04:26','2015-08-30 21:04:26'),
	(3291,'LOOK SIANG LONG TRADING','2015-08-30 21:04:26','2015-08-30 21:04:26'),
	(3292,'TIGER GLOBAL LOGISTICS (M) S/B','2015-08-30 21:04:26','2015-08-30 21:04:26'),
	(3293,'TLNW TRADING SDN BHD','2015-08-30 21:04:26','2015-08-30 21:04:26'),
	(3294,'MULTI DESTINY SDN BHD','2015-08-30 21:04:26','2015-08-30 21:04:26'),
	(3295,'TM LAYANG LAYANGAN','2015-08-30 21:04:26','2015-08-30 21:04:26'),
	(3296,'VANTAGE OILFEILD SOLUTION S/B','2015-08-30 21:04:26','2015-08-30 21:04:26'),
	(3297,'AFIF MARITIME S/B','2015-08-30 21:04:26','2015-08-30 21:04:26'),
	(3298,'BUILDER RESOURCES','2015-08-30 21:04:26','2015-08-30 21:04:26'),
	(3299,'BLACK GOLD OIL & GAS S/B','2015-08-30 21:04:26','2015-08-30 21:04:26'),
	(3300,'AIR CAT FORWADING','2015-08-30 21:04:26','2015-08-30 21:04:26'),
	(3301,'JIN HUAT TRANSPORTATION','2015-08-30 21:04:26','2015-08-30 21:04:26'),
	(3302,'TOS LOGISTICS AND SHIPPING S/B','2015-08-30 21:04:26','2015-08-30 21:04:26'),
	(3303,'TOS TRANSPORT','2015-08-30 21:04:26','2015-08-30 21:04:26'),
	(3304,'SUHAIMI BIN IBRAHIM','2015-08-30 21:04:26','2015-08-30 21:04:26'),
	(3305,'ALICEP SENG HARDWARE S/B','2015-08-30 21:04:26','2015-08-30 21:04:26'),
	(3306,'MALAYSIA TOTAL VALVE SERVICE S/B','2015-08-30 21:04:26','2015-08-30 21:04:26'),
	(3307,'CEMERLANG PADAS S/B','2015-08-30 21:04:26','2015-08-30 21:04:26'),
	(3308,'INPEX OFFSHORE NORTH WEST.','2015-08-30 21:04:26','2015-08-30 21:04:26'),
	(3309,'OGES SERVICE','2015-08-30 21:04:26','2015-08-30 21:04:26'),
	(3310,'FOUR WINDS WORLDWIDE S/B','2015-08-30 21:04:26','2015-08-30 21:04:26'),
	(3311,'MEGA ETERNITY S/B','2015-08-30 21:04:26','2015-08-30 21:04:26'),
	(3312,'SIN KONG TRADING','2015-08-30 21:04:26','2015-08-30 21:04:26'),
	(3313,'ANZIC INTERNATIONAL SDN BHD','2015-08-30 21:04:26','2015-08-30 21:04:26'),
	(3314,'SIM FUEL PUMP SERVICES','2015-08-30 21:04:26','2015-08-30 21:04:26'),
	(3315,'WONG & SHIM MARKETING','2015-08-30 21:04:26','2015-08-30 21:04:26'),
	(3316,'T & K SYNERGY (L) S/B','2015-08-30 21:04:26','2015-08-30 21:04:26'),
	(3317,'BASILICA BUILDERS (S) SDN BHD','2015-08-30 21:04:26','2015-08-30 21:04:26'),
	(3318,'KINATECH EDUCATIONAL SUPPLIES LABUAN','2015-08-30 21:04:26','2015-08-30 21:04:26'),
	(3319,'LABUAN PROGRESS FOOD S/B','2015-08-30 21:04:26','2015-08-30 21:04:26'),
	(3320,'RELAX REFLEXOLOGY & SAUNA S/B','2015-08-30 21:04:26','2015-08-30 21:04:26'),
	(3321,'KENPAC MARKETING','2015-08-30 21:04:26','2015-08-30 21:04:26'),
	(3322,'MOGBISS SDN BHD','2015-08-30 21:04:26','2015-08-30 21:04:26'),
	(3323,'ENERSAFT SAFETY SYSTEMS LABUAN','2015-08-30 21:04:26','2015-08-30 21:04:26'),
	(3324,'AURA TRILLION S/B','2015-08-30 21:04:26','2015-08-30 21:04:26'),
	(3325,'MUTHU NESAMANIMARAN','2015-08-30 21:04:26','2015-08-30 21:04:26'),
	(3326,'TAN WEN GUAN','2015-08-30 21:04:26','2015-08-30 21:04:26'),
	(3327,'RB GEMILANG ENTERPRISE','2015-08-30 21:04:26','2015-08-30 21:04:26'),
	(3328,'HERMAN DISTRIBUTORS','2015-08-30 21:04:26','2015-08-30 21:04:26'),
	(3329,'SUNNY AUTO PARTS CENTRE','2015-08-30 21:04:26','2015-08-30 21:04:26'),
	(3330,'MALAYSIA ENERGY CHEMICAL & SERVICES S/B','2015-08-30 21:04:26','2015-08-30 21:04:26'),
	(3331,'MOHD SHAHRIL BIN ABDUL RAHMAN','2015-08-30 21:04:26','2015-08-30 21:04:26'),
	(3332,'JABATAN TAMAN LAUT MALAYSIA','2015-08-30 21:04:26','2015-08-30 21:04:26'),
	(3333,'PUBLICHEM SDN BHD','2015-08-30 21:04:26','2015-08-30 21:04:26'),
	(3334,'LJ INSPECTION & SERVICES SDN BHD','2015-08-30 21:04:26','2015-08-30 21:04:26'),
	(3335,'RHENUS LOGISTICS SDN BHD','2015-08-30 21:04:26','2015-08-30 21:04:26'),
	(3336,'SYARIKAT PERNIAGAAN PERABOT NURI','2015-08-30 21:04:26','2015-08-30 21:04:26'),
	(3337,'MASTER OF MV ALIZE AN BUR MARINE SERVICES (M) SDN BHD.','2015-08-30 21:04:26','2015-08-30 21:04:26'),
	(3338,'MASHURIONE ENGINEERING ','2015-08-30 21:04:26','2015-08-30 21:04:26'),
	(3339,'SKY NETWORK SERVICES PLT LABUAN','2015-08-30 21:04:26','2015-08-30 21:04:26'),
	(3340,'BAYU WARISAN ENTERPRISE','2015-08-30 21:04:26','2015-08-30 21:04:26'),
	(3341,'CHAN HUI CHOO','2015-08-30 21:04:26','2015-08-30 21:04:26'),
	(3342,'HUME MARKETING (EM) SDN BHD','2015-08-30 21:04:26','2015-08-30 21:04:26'),
	(3343,'UNIBRANDS MARKETING SDN BHD','2015-08-30 21:04:26','2015-08-30 21:04:26'),
	(3344,'NNR GLOBAL LOGISTICS (M) SDN BHD','2015-08-30 21:04:26','2015-08-30 21:04:26'),
	(3345,'MERIDIAN SHIPPING AGENCIES & LOGISTICS SDN BHD','2015-08-30 21:04:26','2015-08-30 21:04:26'),
	(3346,'WIBAWA PAKAT CONSTRUCTION SDN BHD','2015-08-30 21:04:26','2015-08-30 21:04:26'),
	(3347,'RMA WEST LINAPACAN','2015-08-30 21:04:26','2015-08-30 21:04:26'),
	(3348,'M/V ALIZE AN NUR MARINE SERVICES SDN BHD.','2015-08-30 21:04:26','2015-08-30 21:04:26'),
	(3349,'C & S TRADING COMPANY','2015-08-30 21:04:26','2015-08-30 21:04:26'),
	(3350,'UPSTREAM DOWNSTREAM PROCESS & SERVICES SDN BHD','2015-08-30 21:04:26','2015-08-30 21:04:26'),
	(3351,'NEWCITY HERITAGE DEVELOPMENT SDN BHD','2015-08-30 21:04:26','2015-08-30 21:04:26'),
	(3352,'ANTICORROSION PROTECTIVE SYSTEMS (M) S/B','2015-08-30 21:04:26','2015-08-30 21:04:26'),
	(3353,'PFCE CG SDN BHD','2015-08-30 21:04:26','2015-08-30 21:04:26'),
	(3354,'LANGKAH AKTIF ENTERPRISE','2015-08-30 21:04:26','2015-08-30 21:04:26'),
	(3355,'MY SNERGY FACTORS (M) S/B','2015-08-30 21:04:26','2015-08-30 21:04:26'),
	(3356,'S&Z SINAR JATI ENTERPRISE','2015-08-30 21:04:26','2015-08-30 21:04:26'),
	(3357,'WIND WORLDWIDE S/B','2015-08-30 21:04:26','2015-08-30 21:04:26'),
	(3358,'AXALANCHY S/B','2015-08-30 21:04:26','2015-08-30 21:04:26'),
	(3359,'NURUL FADHILAH MATASAN','2015-08-30 21:04:26','2015-08-30 21:04:26'),
	(3360,'EQ PETROLEUM DEV. SDN BHD','2015-08-30 21:04:26','2015-08-30 21:04:26'),
	(3361,'ELNIEE BINTI MELSON','2015-08-30 21:04:26','2015-08-30 21:04:26'),
	(3362,'WEE WERN LIM','2015-08-30 21:04:26','2015-08-30 21:04:26'),
	(3363,'MULTI DESIGNS FURNITURE & INTERIOR SDN BHD','2015-08-30 21:04:26','2015-08-30 21:04:26'),
	(3364,'SIMON PONG PONG BOON KUANG','2015-08-30 21:04:26','2015-08-30 21:04:26'),
	(3365,'B&W RESOURCES SDN BHD','2015-08-30 21:04:26','2015-08-30 21:04:26'),
	(3366,'SIM KUN LUN','2015-08-30 21:04:26','2015-08-30 21:04:26'),
	(3367,'POWER AIRCOND ENGINEERING & TRADING .','2015-08-30 21:04:26','2015-08-30 21:04:26'),
	(3368,'FAIZAL BIN TOPO','2015-08-30 21:04:26','2015-08-30 21:04:26'),
	(3369,'CHEE CHI VUN','2015-08-30 21:04:26','2015-08-30 21:04:26'),
	(3370,'HILLTOP ENTERPRISE SDN BHD','2015-08-30 21:04:26','2015-08-30 21:04:26'),
	(3371,'MARQUIS OIL (M) SDN BHD.','2015-08-30 21:04:26','2015-08-30 21:04:26'),
	(3372,'MERUAN ENTERPRISE','2015-08-30 21:04:26','2015-08-30 21:04:26'),
	(3373,'GUMUSUT KAKAP WORKSHOP','2015-08-30 21:04:26','2015-08-30 21:04:26'),
	(3374,'LABUAN INTEGRATE','2015-08-30 21:04:26','2015-08-30 21:04:26'),
	(3375,'CEL OILFIELD SERVICES SDN BHD','2015-08-30 21:04:26','2015-08-30 21:04:26'),
	(3376,'ACE INSTRUMENTATION PTE LTD','2015-08-30 21:04:26','2015-08-30 21:04:26'),
	(3377,'LAB PENGUIN AGENCY INTERGARTES LABUAN FT','2015-08-30 21:04:26','2015-08-30 21:04:26'),
	(3378,'TIM LOGISTICS (S) PTE LTD','2015-08-30 21:04:26','2015-08-30 21:04:26'),
	(3379,'HELLMANN WORLDWIDE LOGISTICS S/B','2015-08-30 21:04:26','2015-08-30 21:04:26'),
	(3380,'MOHD ASRAF BIN MOHD ZAKARIA','2015-08-30 21:04:26','2015-08-30 21:04:26'),
	(3381,'HEXAMAS SDN BHD','2015-08-30 21:04:26','2015-08-30 21:04:26'),
	(3382,'FM MULTIMODAL SERVICES SDN BHD','2015-08-30 21:04:26','2015-08-30 21:04:26'),
	(3383,'SALINDA BINTI ZAHARI@JOHARI','2015-08-30 21:04:26','2015-08-30 21:04:26'),
	(3384,'MOHD SAIFUL BIN MAT RADYAI','2015-08-30 21:04:26','2015-08-30 21:04:26'),
	(3385,'WARISAN SAMUDERA SDN BHD','2015-08-30 21:04:26','2015-08-30 21:04:26'),
	(3386,'AN ENTERPRISE SDN BHD','2015-08-30 21:04:26','2015-08-30 21:04:26'),
	(3387,'MUHAMMAD RIZAL BIN ZAKARIA.','2015-08-30 21:04:26','2015-08-30 21:04:26'),
	(3388,'JATI BUMI GENERAL SERVICES S/B','2015-08-30 21:04:26','2015-08-30 21:04:26'),
	(3389,'MUHAMAD ASRAF BIN OTHMAN','2015-08-30 21:04:26','2015-08-30 21:04:26'),
	(3390,'HI-MAC RESOURCES SDN BHD','2015-08-30 21:04:26','2015-08-30 21:04:26'),
	(3391,'MTVS LABUAN SERVICE CENTRE.','2015-08-30 21:04:26','2015-08-30 21:04:26'),
	(3392,'DYNAC SDN BHD.','2015-08-30 21:04:26','2015-08-30 21:04:26'),
	(3393,'MNE TRADING LABUAN FT','2015-08-30 21:04:26','2015-08-30 21:04:26'),
	(3394,'SPRO BSL OFFSHORE CONTAINERS LABUAN.','2015-08-30 21:04:26','2015-08-30 21:04:26'),
	(3395,'RESPACE (M) S/B','2015-08-30 21:04:26','2015-08-30 21:04:26'),
	(3396,'HIJRAH GLOBAL SOLUTION SDN BHD','2015-08-30 21:04:26','2015-08-30 21:04:26'),
	(3397,'NAGS DYNAMIC SDN BHD.','2015-08-30 21:04:26','2015-08-30 21:04:26'),
	(3398,'IEM DYNAMIC SDN BHD.','2015-08-30 21:04:26','2015-08-30 21:04:26'),
	(3399,'BANAI ENGINEERING SERVICES & TECHNOLOGIES SDN BHD','2015-08-30 21:04:26','2015-08-30 21:04:26'),
	(3400,'CHANNAN TOUR & TRAVELS SDN BHD','2015-08-30 21:04:26','2015-08-30 21:04:26'),
	(3401,'LONGHOUSE DEVELOPMENTS LABUAN SDN BHD','2015-08-30 21:04:26','2015-08-30 21:04:26'),
	(3402,'SINGAMAS TRADING CO','2015-08-30 21:04:26','2015-08-30 21:04:26'),
	(3403,'FLEXIMATE ENTERPRISE','2015-08-30 21:04:26','2015-08-30 21:04:26'),
	(3404,'MICASA HOTEL','2015-08-30 21:04:26','2015-08-30 21:04:26'),
	(3405,'MANERGY SDN BHD','2015-08-30 21:04:26','2015-08-30 21:04:26'),
	(3406,'E&E AIRCON MECHANICAL WORK SDN BHD','2015-08-30 21:04:26','2015-08-30 21:04:26'),
	(3407,'LABUAN FINANCIAL PARK','2015-08-30 21:04:26','2015-08-30 21:04:26'),
	(3408,'PETRA FABRICATION YARD','2015-08-30 21:04:26','2015-08-30 21:04:26'),
	(3409,'IRIS OILFIELD','2015-08-30 21:04:26','2015-08-30 21:04:26'),
	(3410,'PREMIER COLD STORAGE LABUAN  FT','2015-08-30 21:04:26','2015-08-30 21:04:26'),
	(3411,'MOHD RIZWAN BIN ABU BAKAR','2015-08-30 21:04:26','2015-08-30 21:04:26'),
	(3412,'KANEN A/L SENASENDRAM','2015-08-30 21:04:26','2015-08-30 21:04:26'),
	(3413,'BW YEE SENG','2015-08-30 21:04:26','2015-08-30 21:04:26'),
	(3414,'ABDUL STAR LIMITED.','2015-08-30 21:04:26','2015-08-30 21:04:26'),
	(3415,'Q-CONCEPT SDN BHD.','2015-08-30 21:04:26','2015-08-30 21:04:26'),
	(3416,'TERAS SEPADU ENGINEERING S/B','2015-08-30 21:04:26','2015-08-30 21:04:26'),
	(3417,'RICH ARENA SDN BHD','2015-08-30 21:04:26','2015-08-30 21:04:26'),
	(3418,'STAR KRIS SERVICES SDN BHD.','2015-08-30 21:04:26','2015-08-30 21:04:26'),
	(3419,'PEJABAT METEOROLOGI WP LABUAN.','2015-08-30 21:04:26','2015-08-30 21:04:26'),
	(3420,'ALPHA JAYA ENTERPRISE','2015-08-30 21:04:26','2015-08-30 21:04:26'),
	(3421,'UZMA ENGINEERING SDN BHD','2015-08-30 21:04:26','2015-08-30 21:04:26'),
	(3422,'FAJAR MASHYUR SDN BHD','2015-08-30 21:04:26','2015-08-30 21:04:26'),
	(3423,'ALF ATIMUR JAYA SDN BHD.','2015-08-30 21:04:26','2015-08-30 21:04:26'),
	(3424,'WINSOR ENTERPRISE','2015-08-30 21:04:26','2015-08-30 21:04:26'),
	(3425,'POLARIS LABUAN F.T','2015-08-30 21:04:26','2015-08-30 21:04:26'),
	(3426,'KEISHA MARINE EAST S/B','2015-08-30 21:04:26','2015-08-30 21:04:26'),
	(3427,'ANTARA SERVICES','2015-08-30 21:04:26','2015-08-30 21:04:26'),
	(3428,'TRESTRITE RESOURCES LABUAN FT','2015-08-30 21:04:26','2015-08-30 21:04:26'),
	(3429,'PNOC EXPLORATION CORPORATION','2015-08-30 21:04:26','2015-08-30 21:04:26'),
	(3430,'DAVID POOL LABUAN','2015-08-30 21:04:26','2015-08-30 21:04:26'),
	(3431,'SWAN YING TRADING','2015-08-30 21:04:26','2015-08-30 21:04:26'),
	(3432,'SEAFRESH DELIGHT TRADING','2015-08-30 21:04:26','2015-08-30 21:04:26');

/*!40000 ALTER TABLE `port_users` ENABLE KEYS */;
UNLOCK TABLES;


# Dump of table receiving
# ------------------------------------------------------------

DROP TABLE IF EXISTS `receiving`;

CREATE TABLE `receiving` (
  `id` int(10) unsigned NOT NULL AUTO_INCREMENT,
  `date` timestamp NOT NULL DEFAULT '0000-00-00 00:00:00',
  `created_at` timestamp NOT NULL DEFAULT '0000-00-00 00:00:00',
  `updated_at` timestamp NOT NULL DEFAULT '0000-00-00 00:00:00',
  PRIMARY KEY (`id`)
) ENGINE=InnoDB AUTO_INCREMENT=2 DEFAULT CHARSET=utf8 COLLATE=utf8_unicode_ci;

LOCK TABLES `receiving` WRITE;
/*!40000 ALTER TABLE `receiving` DISABLE KEYS */;

INSERT INTO `receiving` (`id`, `date`, `created_at`, `updated_at`)
VALUES
	(1,'2015-09-01 05:07:48','2015-09-01 05:07:48','2015-09-01 05:07:48');

/*!40000 ALTER TABLE `receiving` ENABLE KEYS */;
UNLOCK TABLES;


# Dump of table role_user
# ------------------------------------------------------------

DROP TABLE IF EXISTS `role_user`;

CREATE TABLE `role_user` (
  `id` int(10) unsigned NOT NULL AUTO_INCREMENT,
  `role_id` int(10) unsigned NOT NULL,
  `user_id` int(10) unsigned NOT NULL,
  `created_at` timestamp NOT NULL DEFAULT '0000-00-00 00:00:00',
  `updated_at` timestamp NOT NULL DEFAULT '0000-00-00 00:00:00',
  PRIMARY KEY (`id`),
  KEY `role_user_role_id_index` (`role_id`),
  KEY `role_user_user_id_index` (`user_id`),
  CONSTRAINT `role_user_role_id_foreign` FOREIGN KEY (`role_id`) REFERENCES `roles` (`id`) ON DELETE CASCADE,
  CONSTRAINT `role_user_user_id_foreign` FOREIGN KEY (`user_id`) REFERENCES `users` (`id`) ON DELETE CASCADE
) ENGINE=InnoDB AUTO_INCREMENT=15 DEFAULT CHARSET=utf8 COLLATE=utf8_unicode_ci;

LOCK TABLES `role_user` WRITE;
/*!40000 ALTER TABLE `role_user` DISABLE KEYS */;

INSERT INTO `role_user` (`id`, `role_id`, `user_id`, `created_at`, `updated_at`)
VALUES
	(1,1,1,'0000-00-00 00:00:00','0000-00-00 00:00:00'),
	(2,2,2,'0000-00-00 00:00:00','0000-00-00 00:00:00'),
	(3,3,3,'0000-00-00 00:00:00','0000-00-00 00:00:00'),
	(4,4,4,'0000-00-00 00:00:00','0000-00-00 00:00:00'),
	(5,5,5,'0000-00-00 00:00:00','0000-00-00 00:00:00'),
	(6,6,6,'0000-00-00 00:00:00','0000-00-00 00:00:00'),
	(7,7,7,'0000-00-00 00:00:00','0000-00-00 00:00:00'),
	(8,1,1,'0000-00-00 00:00:00','0000-00-00 00:00:00'),
	(9,2,2,'0000-00-00 00:00:00','0000-00-00 00:00:00'),
	(10,3,3,'0000-00-00 00:00:00','0000-00-00 00:00:00'),
	(11,4,4,'0000-00-00 00:00:00','0000-00-00 00:00:00'),
	(12,5,5,'0000-00-00 00:00:00','0000-00-00 00:00:00'),
	(13,6,6,'0000-00-00 00:00:00','0000-00-00 00:00:00'),
	(14,7,7,'0000-00-00 00:00:00','0000-00-00 00:00:00');

/*!40000 ALTER TABLE `role_user` ENABLE KEYS */;
UNLOCK TABLES;


# Dump of table roles
# ------------------------------------------------------------

DROP TABLE IF EXISTS `roles`;

CREATE TABLE `roles` (
  `id` int(10) unsigned NOT NULL AUTO_INCREMENT,
  `role` varchar(255) COLLATE utf8_unicode_ci NOT NULL,
  `description` varchar(255) COLLATE utf8_unicode_ci NOT NULL,
  `created_at` timestamp NOT NULL DEFAULT '0000-00-00 00:00:00',
  `updated_at` timestamp NOT NULL DEFAULT '0000-00-00 00:00:00',
  PRIMARY KEY (`id`)
) ENGINE=InnoDB AUTO_INCREMENT=8 DEFAULT CHARSET=utf8 COLLATE=utf8_unicode_ci;

LOCK TABLES `roles` WRITE;
/*!40000 ALTER TABLE `roles` DISABLE KEYS */;

INSERT INTO `roles` (`id`, `role`, `description`, `created_at`, `updated_at`)
VALUES
	(1,'AD','ADMINISTRATOR','2015-08-30 21:04:34','2015-08-30 21:04:34'),
	(2,'FO','FRONT OFFICE','2015-08-30 21:04:34','2015-08-30 21:04:34'),
	(3,'WF','WHARF','2015-08-30 21:04:34','2015-08-30 21:04:34'),
	(4,'MG','MAIN GATE','2015-08-30 21:04:34','2015-08-30 21:04:34'),
	(5,'PB','POLIS BANTUAN','2015-08-30 21:04:34','2015-08-30 21:04:34'),
	(6,'CY1','CY1 OPERATOR','2015-08-30 21:04:34','2015-08-30 21:04:34'),
	(7,'CY3','CY3 OPERATOR','2015-08-30 21:04:34','2015-08-30 21:04:34');

/*!40000 ALTER TABLE `roles` ENABLE KEYS */;
UNLOCK TABLES;


# Dump of table settings
# ------------------------------------------------------------

DROP TABLE IF EXISTS `settings`;

CREATE TABLE `settings` (
  `id` int(10) unsigned NOT NULL AUTO_INCREMENT,
  `work_order_no` int(10) unsigned NOT NULL,
  `import_dl_no` int(10) unsigned NOT NULL,
  `export_dl_no` int(10) unsigned NOT NULL,
  PRIMARY KEY (`id`)
) ENGINE=InnoDB AUTO_INCREMENT=2 DEFAULT CHARSET=utf8 COLLATE=utf8_unicode_ci;

LOCK TABLES `settings` WRITE;
/*!40000 ALTER TABLE `settings` DISABLE KEYS */;

INSERT INTO `settings` (`id`, `work_order_no`, `import_dl_no`, `export_dl_no`)
VALUES
	(1,124578,53699,27541);

/*!40000 ALTER TABLE `settings` ENABLE KEYS */;
UNLOCK TABLES;


# Dump of table users
# ------------------------------------------------------------

DROP TABLE IF EXISTS `users`;

CREATE TABLE `users` (
  `id` int(10) unsigned NOT NULL AUTO_INCREMENT,
  `username` varchar(255) COLLATE utf8_unicode_ci NOT NULL,
  `email` varchar(255) COLLATE utf8_unicode_ci NOT NULL,
  `password` varchar(60) COLLATE utf8_unicode_ci NOT NULL,
  `remember_token` varchar(255) COLLATE utf8_unicode_ci NOT NULL,
  `created_at` timestamp NOT NULL DEFAULT '0000-00-00 00:00:00',
  `updated_at` timestamp NOT NULL DEFAULT '0000-00-00 00:00:00',
  PRIMARY KEY (`id`),
  UNIQUE KEY `users_username_unique` (`username`),
  UNIQUE KEY `users_email_unique` (`email`)
) ENGINE=InnoDB AUTO_INCREMENT=8 DEFAULT CHARSET=utf8 COLLATE=utf8_unicode_ci;

LOCK TABLES `users` WRITE;
/*!40000 ALTER TABLE `users` DISABLE KEYS */;

INSERT INTO `users` (`id`, `username`, `email`, `password`, `remember_token`, `created_at`, `updated_at`)
VALUES
	(1,'ad','ad@llpm.com.my','$2y$10$IbRQaiEEe68jrRn/MsYaZOWs4om.VtLJ0fIskwQuQlp8ZtjPwRI9K','','2015-08-30 21:04:34','2015-08-30 21:04:34'),
	(2,'fo','fo@llpm.com.my','$2y$10$sWGhGXSXSQXqSCQOmpy8G.GKCNyq9hj8bQM8kjBjtLUCZaRi/P7vm','','2015-08-30 21:04:35','2015-08-30 21:04:35'),
	(3,'wf','wf@llpm.com.my','$2y$10$OPvCH0Efg.DpYQZKfhrd/uWMlklt9/icsqHiwHkb2ZeY9JbS.WRNe','8AwYxR6MvrgnrMKjvxlQCsFpYGdeBM29C4ZitbYy7B4n2hKvsRSVp1hN7vhm','2015-08-30 21:04:35','2015-09-01 05:31:52'),
	(4,'mg','mg@llpm.com.my','$2y$10$mfu2QNJFKxVv2pn8v9H0hOUNUu57w5N4EIF.h7MNUAHgQXF8baBM.','hpjCOoQXhe3ECEzfiwW9AeB55SXfBSkssBaDKAPf3FZFhCfF8ZYrZnhalk70','2015-08-30 21:04:35','2015-09-01 05:46:02'),
	(5,'pb','pb@llpm.com.my','$2y$10$7Q6RpQJHaeKa.24GmGPcDOX0okTq/xfq3P7WrwyvvUPaMYcCwBTOm','Z5TMV0KXQEuD3iElAD7n5wthmmMVpLKrp3ny6o2qxuXbbH1xVo3Gv3Htyd8W','2015-08-30 21:04:35','2015-09-01 05:16:13'),
	(6,'cy1','cy1@llpm.com.my','$2y$10$2EHUujgCd2D1lMhUrHDCSeGQchTXNLOlNA/TdmRXcCXv89E7QfuQ6','ayK0MjEAIeuP1oEX0WB5mUsA5qphBqbaSnTqPTv6ig5tZ21aDVHXHH5aXHzK','2015-08-30 21:04:35','2015-09-01 05:42:29'),
	(7,'cy3','cy3@llpm.com.my','$2y$10$mKppSP1wqNWBL0nD3e8s/.qfQtu0895cp1Cr2DVeYVB44MLZ0Enzu','HgOEvL6QOh4Ji746GwkS0TkPIWZ5pgfTSUxdiBe28qbga4aCIUOqvxOZIj8l','2015-08-30 21:04:35','2015-09-01 05:16:30');

/*!40000 ALTER TABLE `users` ENABLE KEYS */;
UNLOCK TABLES;


# Dump of table vessel_schedule
# ------------------------------------------------------------

DROP TABLE IF EXISTS `vessel_schedule`;

CREATE TABLE `vessel_schedule` (
  `id` int(10) unsigned NOT NULL AUTO_INCREMENT,
  `vessel_id` int(11) NOT NULL,
  `portuser_id` int(11) NOT NULL,
  `voyage_no_arrival` varchar(255) COLLATE utf8_unicode_ci NOT NULL,
  `voyage_no_departure` varchar(255) COLLATE utf8_unicode_ci NOT NULL,
  `eta` timestamp NOT NULL DEFAULT '0000-00-00 00:00:00',
  `etd` timestamp NOT NULL DEFAULT '0000-00-00 00:00:00',
  `mt_arrival` double NOT NULL,
  `mt_departure` double NOT NULL,
  `m3_arrival` double NOT NULL,
  `m3_departure` double NOT NULL,
  `created_at` timestamp NOT NULL DEFAULT '0000-00-00 00:00:00',
  `updated_at` timestamp NOT NULL DEFAULT '0000-00-00 00:00:00',
  PRIMARY KEY (`id`)
) ENGINE=InnoDB AUTO_INCREMENT=501 DEFAULT CHARSET=utf8 COLLATE=utf8_unicode_ci;

LOCK TABLES `vessel_schedule` WRITE;
/*!40000 ALTER TABLE `vessel_schedule` DISABLE KEYS */;

INSERT INTO `vessel_schedule` (`id`, `vessel_id`, `portuser_id`, `voyage_no_arrival`, `voyage_no_departure`, `eta`, `etd`, `mt_arrival`, `mt_departure`, `m3_arrival`, `m3_departure`, `created_at`, `updated_at`)
VALUES
	(1,328,1111,'15/272','96/180','2015-03-17 00:00:00','2015-03-25 21:04:27',1620.33,1423.34,1897.43,1449.52,'2015-08-30 21:04:27','2015-08-30 21:04:27'),
	(2,28,2054,'67/992','64/595','2014-10-08 00:00:00','2014-10-11 21:04:28',1890.41,463.71,1867.01,64.9,'2015-08-30 21:04:28','2015-08-30 21:04:28'),
	(3,154,3153,'27/555','67/760','2015-04-30 00:00:00','2015-05-03 21:04:28',381.69,2035.54,1150.25,1645.33,'2015-08-30 21:04:28','2015-08-30 21:04:28'),
	(4,475,463,'04/818','46/962','2015-08-04 00:00:00','2015-08-11 21:04:28',2114.66,1680.31,1853.47,984.19,'2015-08-30 21:04:28','2015-08-30 21:04:28'),
	(5,188,2639,'36/432','86/109','2014-12-15 00:00:00','2014-12-21 21:04:28',299.92,2395.01,929.39,1896.29,'2015-08-30 21:04:28','2015-08-30 21:04:28'),
	(6,114,347,'56/785','45/767','2015-05-31 00:00:00','2015-06-03 21:04:28',1972.7,1653.64,1608.56,129.17,'2015-08-30 21:04:28','2015-08-30 21:04:28'),
	(7,506,1017,'32/673','19/575','2014-09-18 00:00:00','2014-09-20 21:04:28',685.7,1117.85,574.14,1973.63,'2015-08-30 21:04:28','2015-08-30 21:04:28'),
	(8,234,1498,'81/434','10/518','2015-04-08 00:00:00','2015-04-10 21:04:28',21.84,721.07,1631.62,1399.78,'2015-08-30 21:04:28','2015-08-30 21:04:28'),
	(9,47,731,'91/542','16/021','2015-07-26 00:00:00','2015-07-27 21:04:28',1782.69,1643.33,1719.71,1159.06,'2015-08-30 21:04:28','2015-08-30 21:04:28'),
	(10,334,2141,'02/370','85/124','2015-05-27 00:00:00','2015-06-01 21:04:28',1650.55,2316.89,2059.78,578.29,'2015-08-30 21:04:28','2015-08-30 21:04:28'),
	(11,197,2624,'31/439','75/347','2014-12-02 00:00:00','2014-12-06 21:04:28',1437.21,708.64,737.72,2499.09,'2015-08-30 21:04:28','2015-08-30 21:04:28'),
	(12,469,3101,'39/814','71/745','2015-08-30 00:00:00','2015-09-05 21:04:28',451.95,2303.5,486.16,1922.85,'2015-08-30 21:04:28','2015-08-30 21:04:28'),
	(13,147,3024,'71/976','00/335','2015-05-18 00:00:00','2015-05-26 21:04:28',1040.14,2250.63,1510.49,1714.52,'2015-08-30 21:04:28','2015-08-30 21:04:28'),
	(14,332,829,'02/568','80/000','2015-06-14 00:00:00','2015-06-14 21:04:28',100.22,1592.68,1886.69,1713.49,'2015-08-30 21:04:28','2015-08-30 21:04:28'),
	(15,152,841,'04/014','36/719','2014-12-25 00:00:00','2014-12-31 21:04:28',334.2,960.37,1782.34,2250.41,'2015-08-30 21:04:28','2015-08-30 21:04:28'),
	(16,496,1242,'72/526','42/976','2015-05-24 00:00:00','2015-05-29 21:04:28',1965.26,1417.85,2057.61,2176.76,'2015-08-30 21:04:28','2015-08-30 21:04:28'),
	(17,440,3019,'07/932','49/160','2015-07-17 00:00:00','2015-07-17 21:04:28',689.8,171.08,434.97,182.97,'2015-08-30 21:04:28','2015-08-30 21:04:28'),
	(18,230,800,'46/299','50/167','2015-04-22 00:00:00','2015-04-25 21:04:28',1415.19,2401.41,757.7,1013.59,'2015-08-30 21:04:28','2015-08-30 21:04:28'),
	(19,120,1913,'63/342','00/282','2014-11-02 00:00:00','2014-11-05 21:04:28',1337.5,2385.95,827.15,170.67,'2015-08-30 21:04:28','2015-08-30 21:04:28'),
	(20,296,2463,'92/520','73/714','2015-07-26 00:00:00','2015-07-27 21:04:28',2251.22,635.78,1125.12,2131.53,'2015-08-30 21:04:28','2015-08-30 21:04:28'),
	(21,175,2422,'53/972','03/797','2015-08-15 00:00:00','2015-08-21 21:04:28',1108.41,624.98,920.11,2429.6,'2015-08-30 21:04:28','2015-08-30 21:04:28'),
	(22,345,2436,'16/672','52/982','2015-02-10 00:00:00','2015-02-13 21:04:28',2357.76,2411.7,2440.5,2120.54,'2015-08-30 21:04:28','2015-08-30 21:04:28'),
	(23,106,2495,'56/140','72/889','2015-03-18 00:00:00','2015-03-27 21:04:28',2049.88,1334.69,2069.03,2455.28,'2015-08-30 21:04:28','2015-08-30 21:04:28'),
	(24,106,2441,'89/388','90/267','2015-08-07 00:00:00','2015-08-14 21:04:28',2059.54,1725.49,1624.92,199.02,'2015-08-30 21:04:28','2015-08-30 21:04:28'),
	(25,261,2462,'78/715','08/735','2014-09-25 00:00:00','2014-09-29 21:04:28',2055.37,2364.38,1890.07,1038,'2015-08-30 21:04:28','2015-08-30 21:04:28'),
	(26,87,1021,'97/658','95/008','2014-09-24 00:00:00','2014-09-26 21:04:28',77.76,768.64,1579.46,2396.46,'2015-08-30 21:04:28','2015-08-30 21:04:28'),
	(27,318,1716,'34/770','48/321','2015-08-05 00:00:00','2015-08-08 21:04:28',234.21,1260.8,714.8,437.96,'2015-08-30 21:04:28','2015-08-30 21:04:28'),
	(28,412,125,'48/642','46/192','2015-07-30 00:00:00','2015-08-07 21:04:28',763.54,780.23,1975.71,1567.87,'2015-08-30 21:04:28','2015-08-30 21:04:28'),
	(29,118,1010,'66/905','13/370','2014-12-01 00:00:00','2014-12-06 21:04:28',1444.62,1033.43,2392.17,281.54,'2015-08-30 21:04:28','2015-08-30 21:04:28'),
	(30,399,391,'46/982','16/912','2014-10-28 00:00:00','2014-11-01 21:04:28',969.24,1551.62,2357.41,1799.65,'2015-08-30 21:04:28','2015-08-30 21:04:28'),
	(31,416,312,'60/668','16/311','2014-10-22 00:00:00','2014-10-27 21:04:28',1070.71,62.28,1495.61,652.45,'2015-08-30 21:04:28','2015-08-30 21:04:28'),
	(32,291,564,'06/797','04/160','2015-02-23 00:00:00','2015-02-27 21:04:28',2464.21,681.93,1456.34,2390.79,'2015-08-30 21:04:28','2015-08-30 21:04:28'),
	(33,192,210,'20/958','52/328','2014-10-21 00:00:00','2014-10-22 21:04:28',2309.21,382.5,1876.81,1920.81,'2015-08-30 21:04:28','2015-08-30 21:04:28'),
	(34,259,2527,'48/892','62/124','2014-12-11 00:00:00','2014-12-17 21:04:28',868.11,2083.22,2239.42,1669.34,'2015-08-30 21:04:28','2015-08-30 21:04:28'),
	(35,155,2834,'71/068','66/065','2014-11-26 00:00:00','2014-11-28 21:04:28',465.5,1826.8,2040.66,1075.92,'2015-08-30 21:04:28','2015-08-30 21:04:28'),
	(36,252,2213,'82/145','32/097','2014-08-31 00:00:00','2014-09-05 21:04:28',2402.46,2381.07,135.38,1607.65,'2015-08-30 21:04:28','2015-08-30 21:04:28'),
	(37,289,3117,'39/726','60/939','2015-05-19 00:00:00','2015-05-23 21:04:28',1447.83,313.54,1840.21,1013.17,'2015-08-30 21:04:28','2015-08-30 21:04:28'),
	(38,306,719,'49/336','03/765','2015-04-27 00:00:00','2015-05-06 21:04:28',2379.04,104.67,2147.61,1007.81,'2015-08-30 21:04:28','2015-08-30 21:04:28'),
	(39,240,961,'93/095','43/846','2015-07-05 00:00:00','2015-07-12 21:04:28',2162.83,2323.55,1246.82,983.8,'2015-08-30 21:04:28','2015-08-30 21:04:28'),
	(40,138,404,'34/459','76/239','2015-05-01 00:00:00','2015-05-04 21:04:28',1306.65,1660.61,2122.02,1434.2,'2015-08-30 21:04:28','2015-08-30 21:04:28'),
	(41,120,10,'00/586','77/196','2015-06-27 00:00:00','2015-06-30 21:04:28',16.16,117.33,1083.52,62.21,'2015-08-30 21:04:28','2015-08-30 21:04:28'),
	(42,520,2495,'19/814','65/257','2015-02-19 00:00:00','2015-02-19 21:04:28',2478.33,299.43,577.38,2479.34,'2015-08-30 21:04:28','2015-08-30 21:04:28'),
	(43,491,347,'83/733','85/470','2015-08-29 00:00:00','2015-09-05 21:04:28',318.76,810.09,538.06,1995.76,'2015-08-30 21:04:28','2015-08-30 21:04:28'),
	(44,138,2086,'28/392','81/303','2015-04-18 00:00:00','2015-04-21 21:04:28',1426.79,408.41,1149.86,1494.28,'2015-08-30 21:04:28','2015-08-30 21:04:28'),
	(45,205,1405,'04/784','27/878','2014-10-13 00:00:00','2014-10-22 21:04:28',214.83,2097.43,1817.21,948.97,'2015-08-30 21:04:28','2015-08-30 21:04:28'),
	(46,304,280,'14/331','31/663','2015-05-30 00:00:00','2015-06-03 21:04:28',1794.36,1930.38,189.14,985.23,'2015-08-30 21:04:28','2015-08-30 21:04:28'),
	(47,211,1442,'92/024','17/908','2014-12-28 00:00:00','2015-01-04 21:04:28',203.06,1333.13,575.17,17.78,'2015-08-30 21:04:28','2015-08-30 21:04:28'),
	(48,283,2704,'70/398','48/806','2015-05-06 00:00:00','2015-05-06 21:04:28',542.25,406.82,1455.49,433.58,'2015-08-30 21:04:28','2015-08-30 21:04:28'),
	(49,237,549,'82/522','61/352','2014-12-30 00:00:00','2015-01-08 21:04:28',1873.42,848.86,2244.1,855.79,'2015-08-30 21:04:28','2015-08-30 21:04:28'),
	(50,426,1392,'12/969','61/333','2015-06-07 00:00:00','2015-06-07 21:04:28',638.59,529.67,1141.25,36.77,'2015-08-30 21:04:28','2015-08-30 21:04:28'),
	(51,364,1266,'54/627','68/921','2014-09-13 00:00:00','2014-09-22 21:04:28',1957.99,1864.86,1855.38,456.57,'2015-08-30 21:04:28','2015-08-30 21:04:28'),
	(52,484,1150,'79/068','90/332','2015-03-01 00:00:00','2015-03-07 21:04:28',1431.63,1018.07,541.94,1087.76,'2015-08-30 21:04:28','2015-08-30 21:04:28'),
	(53,578,3427,'34/482','30/271','2015-08-12 00:00:00','2015-08-19 21:04:28',726.55,1054.98,2030.95,287.07,'2015-08-30 21:04:28','2015-08-30 21:04:28'),
	(54,92,299,'35/454','81/296','2015-07-03 00:00:00','2015-07-07 21:04:28',1500.77,986.96,1737.16,1741.11,'2015-08-30 21:04:28','2015-08-30 21:04:28'),
	(55,431,1749,'38/926','34/627','2015-01-12 00:00:00','2015-01-17 21:04:28',1979.72,138.73,1690.93,1444.2,'2015-08-30 21:04:28','2015-08-30 21:04:28'),
	(56,275,3204,'09/133','24/260','2014-09-07 00:00:00','2014-09-14 21:04:28',1808.96,2237.45,1049.73,984.2,'2015-08-30 21:04:28','2015-08-30 21:04:28'),
	(57,131,2691,'41/437','90/077','2015-03-18 00:00:00','2015-03-19 21:04:28',2041.46,970.99,358.68,77.24,'2015-08-30 21:04:28','2015-08-30 21:04:28'),
	(58,42,2921,'19/657','81/900','2015-03-22 00:00:00','2015-03-23 21:04:28',886.59,129.5,697.83,1094.31,'2015-08-30 21:04:28','2015-08-30 21:04:28'),
	(59,504,2895,'83/452','25/394','2014-11-19 00:00:00','2014-11-26 21:04:28',1369.41,672.12,160.75,712.8,'2015-08-30 21:04:28','2015-08-30 21:04:28'),
	(60,397,2937,'86/862','34/396','2015-04-05 00:00:00','2015-04-07 21:04:28',1432.77,17.13,739.64,194.26,'2015-08-30 21:04:28','2015-08-30 21:04:28'),
	(61,68,2524,'77/034','98/742','2015-01-11 00:00:00','2015-01-20 21:04:28',2351.45,113.47,2331.39,2278.5,'2015-08-30 21:04:28','2015-08-30 21:04:28'),
	(62,5,810,'61/065','74/422','2015-01-26 00:00:00','2015-01-26 21:04:28',1327.84,9.43,912.37,1391.22,'2015-08-30 21:04:28','2015-08-30 21:04:28'),
	(63,112,1189,'18/865','97/041','2015-04-26 00:00:00','2015-04-27 21:04:28',1133.05,2174.86,1845.66,2319.78,'2015-08-30 21:04:28','2015-08-30 21:04:28'),
	(64,101,2855,'58/318','83/848','2014-12-09 00:00:00','2014-12-14 21:04:28',760.8,1643.53,773.69,165.4,'2015-08-30 21:04:28','2015-08-30 21:04:28'),
	(65,189,2675,'64/167','37/114','2015-05-17 00:00:00','2015-05-20 21:04:28',865.19,2313.43,1081.64,398.25,'2015-08-30 21:04:28','2015-08-30 21:04:28'),
	(66,67,3071,'58/315','83/395','2014-12-14 00:00:00','2014-12-17 21:04:28',1460.7,2297.18,1480.69,572.29,'2015-08-30 21:04:28','2015-08-30 21:04:28'),
	(67,257,2922,'64/965','41/893','2015-05-12 00:00:00','2015-05-21 21:04:28',2453.48,615.04,1961.55,1741.78,'2015-08-30 21:04:28','2015-08-30 21:04:28'),
	(68,184,1890,'38/382','77/574','2015-05-22 00:00:00','2015-05-29 21:04:28',1289.93,1682.74,1050.94,1212.85,'2015-08-30 21:04:28','2015-08-30 21:04:28'),
	(69,118,2198,'66/711','56/393','2015-01-21 00:00:00','2015-01-24 21:04:28',485.3,2064.67,400.5,1940.95,'2015-08-30 21:04:28','2015-08-30 21:04:28'),
	(70,271,1771,'70/509','68/715','2014-11-30 00:00:00','2014-12-05 21:04:28',538.63,1627.21,2223.89,2084.83,'2015-08-30 21:04:28','2015-08-30 21:04:28'),
	(71,404,157,'79/712','72/074','2015-07-08 00:00:00','2015-07-16 21:04:28',1188.83,571.47,1442.37,1722.86,'2015-08-30 21:04:28','2015-08-30 21:04:28'),
	(72,213,2761,'98/729','10/884','2014-12-22 00:00:00','2014-12-26 21:04:28',2033.49,909.72,2253.57,1777.73,'2015-08-30 21:04:28','2015-08-30 21:04:28'),
	(73,63,1175,'88/550','49/232','2014-10-14 00:00:00','2014-10-14 21:04:28',2473.74,1217.97,443.47,381.69,'2015-08-30 21:04:28','2015-08-30 21:04:28'),
	(74,382,2584,'12/016','71/513','2015-08-17 00:00:00','2015-08-21 21:04:28',1553.04,1068.15,112.08,1627.63,'2015-08-30 21:04:28','2015-08-30 21:04:28'),
	(75,212,2356,'28/832','73/799','2015-08-06 00:00:00','2015-08-14 21:04:28',1853.32,1266.33,41.53,510.9,'2015-08-30 21:04:29','2015-08-30 21:04:29'),
	(76,288,2271,'35/451','06/399','2014-09-06 00:00:00','2014-09-07 21:04:29',1481.39,32.28,223.23,2272.24,'2015-08-30 21:04:29','2015-08-30 21:04:29'),
	(77,54,1039,'15/981','49/342','2014-10-06 00:00:00','2014-10-09 21:04:29',1923.24,1107.39,2252.6,138.65,'2015-08-30 21:04:29','2015-08-30 21:04:29'),
	(78,438,2968,'15/270','18/201','2015-01-06 00:00:00','2015-01-07 21:04:29',1347.46,1558.42,1226.89,2295.36,'2015-08-30 21:04:29','2015-08-30 21:04:29'),
	(79,149,1033,'13/032','09/408','2015-01-17 00:00:00','2015-01-24 21:04:29',1536.99,610,398.75,80.26,'2015-08-30 21:04:29','2015-08-30 21:04:29'),
	(80,27,3298,'41/022','66/729','2014-10-14 00:00:00','2014-10-18 21:04:29',2265.39,1907.41,548.88,1603.11,'2015-08-30 21:04:29','2015-08-30 21:04:29'),
	(81,532,1836,'46/664','57/432','2015-02-20 00:00:00','2015-02-26 21:04:29',632.36,2496.27,171.77,2143.69,'2015-08-30 21:04:29','2015-08-30 21:04:29'),
	(82,151,1720,'15/324','97/629','2015-04-10 00:00:00','2015-04-11 21:04:29',1437.45,1454.74,2245.61,124.64,'2015-08-30 21:04:29','2015-08-30 21:04:29'),
	(83,97,2047,'66/017','72/078','2015-04-10 00:00:00','2015-04-10 21:04:29',943.84,1421.64,1954.86,1869.56,'2015-08-30 21:04:29','2015-08-30 21:04:29'),
	(84,27,1231,'19/510','70/696','2015-05-31 00:00:00','2015-06-02 21:04:29',1544.74,9.81,969.91,536.43,'2015-08-30 21:04:29','2015-08-30 21:04:29'),
	(85,508,216,'87/563','63/628','2014-12-09 00:00:00','2014-12-12 21:04:29',820.88,1742.12,1278.79,1655.14,'2015-08-30 21:04:29','2015-08-30 21:04:29'),
	(86,166,710,'77/227','94/497','2015-02-21 00:00:00','2015-02-28 21:04:29',1590.65,1907.3,2493.81,341.32,'2015-08-30 21:04:29','2015-08-30 21:04:29'),
	(87,368,31,'68/562','74/016','2014-11-05 00:00:00','2014-11-13 21:04:29',15.71,574.69,653.02,1408.96,'2015-08-30 21:04:29','2015-08-30 21:04:29'),
	(88,44,869,'18/192','69/305','2015-05-03 00:00:00','2015-05-03 21:04:29',2363.72,1436.21,878.76,1618.01,'2015-08-30 21:04:29','2015-08-30 21:04:29'),
	(89,224,2737,'91/039','16/437','2015-01-10 00:00:00','2015-01-15 21:04:29',166.48,1513.64,1548.92,1767.48,'2015-08-30 21:04:29','2015-08-30 21:04:29'),
	(90,484,1936,'07/976','11/165','2014-09-01 00:00:00','2014-09-06 21:04:29',1234.26,675.6,1273.98,2237.15,'2015-08-30 21:04:29','2015-08-30 21:04:29'),
	(91,454,1149,'92/841','55/202','2014-10-03 00:00:00','2014-10-03 21:04:29',332.27,646.33,2390.43,811.87,'2015-08-30 21:04:29','2015-08-30 21:04:29'),
	(92,527,2754,'22/673','30/471','2015-02-07 00:00:00','2015-02-12 21:04:29',1810.32,1715.22,819.78,2262.38,'2015-08-30 21:04:29','2015-08-30 21:04:29'),
	(93,274,1942,'93/963','43/387','2015-03-05 00:00:00','2015-03-05 21:04:29',545.79,1050.51,190.86,1094.14,'2015-08-30 21:04:29','2015-08-30 21:04:29'),
	(94,171,2125,'33/104','17/121','2015-06-22 00:00:00','2015-06-24 21:04:29',1438.95,1751.82,756.93,325.49,'2015-08-30 21:04:29','2015-08-30 21:04:29'),
	(95,458,689,'92/091','07/845','2015-06-20 00:00:00','2015-06-28 21:04:29',925.58,1003.94,2091.12,2035.98,'2015-08-30 21:04:29','2015-08-30 21:04:29'),
	(96,8,267,'35/099','95/919','2015-07-10 00:00:00','2015-07-12 21:04:29',2356.1,2062.46,1165.06,388.54,'2015-08-30 21:04:29','2015-08-30 21:04:29'),
	(97,411,2799,'68/276','91/464','2015-05-03 00:00:00','2015-05-03 21:04:29',1211.66,172.19,1619.67,336.85,'2015-08-30 21:04:29','2015-08-30 21:04:29'),
	(98,402,1635,'34/334','31/612','2015-03-18 00:00:00','2015-03-20 21:04:29',156.1,426.26,2134.17,1213.61,'2015-08-30 21:04:29','2015-08-30 21:04:29'),
	(99,452,1242,'10/124','85/116','2014-09-29 00:00:00','2014-09-29 21:04:29',1859.39,341.47,1263.01,2496.6,'2015-08-30 21:04:29','2015-08-30 21:04:29'),
	(100,111,2075,'72/630','21/063','2015-01-19 00:00:00','2015-01-27 21:04:29',273.23,1807.99,1016.49,176.65,'2015-08-30 21:04:29','2015-08-30 21:04:29'),
	(101,355,314,'10/484','89/793','2015-01-17 00:00:00','2015-01-19 21:04:29',1934.58,1464.12,69.87,397.41,'2015-08-30 21:04:29','2015-08-30 21:04:29'),
	(102,142,771,'00/257','95/132','2014-10-22 00:00:00','2014-10-25 21:04:29',1310.13,541.56,2328.58,718.27,'2015-08-30 21:04:29','2015-08-30 21:04:29'),
	(103,218,1951,'36/248','98/513','2015-01-12 00:00:00','2015-01-20 21:04:29',422.78,1113.78,1156.18,2396.29,'2015-08-30 21:04:29','2015-08-30 21:04:29'),
	(104,218,652,'87/061','44/555','2015-02-07 00:00:00','2015-02-15 21:04:29',762.1,869.57,225.41,1665.31,'2015-08-30 21:04:29','2015-08-30 21:04:29'),
	(105,198,2650,'86/822','22/034','2015-06-14 00:00:00','2015-06-17 21:04:29',2224.51,461.75,1090.14,1148.92,'2015-08-30 21:04:29','2015-08-30 21:04:29'),
	(106,384,415,'69/222','02/646','2015-07-16 00:00:00','2015-07-25 21:04:29',226.11,1222.87,764.67,1134.04,'2015-08-30 21:04:29','2015-08-30 21:04:29'),
	(107,414,25,'46/896','62/387','2015-02-20 00:00:00','2015-02-28 21:04:29',714.03,566.79,96.99,2487.68,'2015-08-30 21:04:29','2015-08-30 21:04:29'),
	(108,411,442,'30/296','26/674','2014-10-17 00:00:00','2014-10-23 21:04:29',1470.45,1997.16,426.48,111.33,'2015-08-30 21:04:29','2015-08-30 21:04:29'),
	(109,56,1503,'77/164','86/069','2014-11-13 00:00:00','2014-11-22 21:04:29',2053.35,1789.8,177.57,734.51,'2015-08-30 21:04:29','2015-08-30 21:04:29'),
	(110,349,2072,'58/430','74/263','2014-11-12 00:00:00','2014-11-12 21:04:29',1600.43,2193.05,1988.98,1258.64,'2015-08-30 21:04:29','2015-08-30 21:04:29'),
	(111,496,1178,'31/666','41/148','2015-02-28 00:00:00','2015-02-28 21:04:29',429.76,1769.56,1914.72,2376.98,'2015-08-30 21:04:29','2015-08-30 21:04:29'),
	(112,241,1885,'49/055','88/650','2015-06-06 00:00:00','2015-06-12 21:04:29',1546.22,977.57,1191.54,2440.01,'2015-08-30 21:04:29','2015-08-30 21:04:29'),
	(113,69,5,'09/010','06/717','2014-10-06 00:00:00','2014-10-12 21:04:29',2481.49,1778.81,275.65,2095.76,'2015-08-30 21:04:29','2015-08-30 21:04:29'),
	(114,213,3097,'39/659','12/364','2014-11-08 00:00:00','2014-11-09 21:04:29',763.15,2418.32,1482.49,170.65,'2015-08-30 21:04:29','2015-08-30 21:04:29'),
	(115,73,1586,'19/727','20/498','2015-03-21 00:00:00','2015-03-30 21:04:29',1493.48,1885.6,1360.85,864.39,'2015-08-30 21:04:29','2015-08-30 21:04:29'),
	(116,26,260,'73/059','96/720','2015-04-19 00:00:00','2015-04-24 21:04:29',577.76,704.33,280.33,1810.04,'2015-08-30 21:04:29','2015-08-30 21:04:29'),
	(117,468,1856,'69/417','70/448','2015-06-02 00:00:00','2015-06-06 21:04:29',41.29,1457.72,1607.94,265.72,'2015-08-30 21:04:29','2015-08-30 21:04:29'),
	(118,232,2931,'23/626','95/039','2015-06-10 00:00:00','2015-06-11 21:04:29',376.9,1853.16,44.37,837.4,'2015-08-30 21:04:29','2015-08-30 21:04:29'),
	(119,50,2893,'85/959','13/369','2014-10-07 00:00:00','2014-10-14 21:04:29',531.47,1150.4,2012.36,22.96,'2015-08-30 21:04:29','2015-08-30 21:04:29'),
	(120,13,2773,'20/057','10/009','2015-01-15 00:00:00','2015-01-22 21:04:29',1642.14,461.06,468.25,13.76,'2015-08-30 21:04:29','2015-08-30 21:04:29'),
	(121,418,2316,'99/898','32/059','2014-12-01 00:00:00','2014-12-07 21:04:29',347.81,45.04,757.95,1283.54,'2015-08-30 21:04:29','2015-08-30 21:04:29'),
	(122,401,1965,'95/692','92/806','2015-01-08 00:00:00','2015-01-15 21:04:29',1837.68,2102.31,454.42,234.96,'2015-08-30 21:04:29','2015-08-30 21:04:29'),
	(123,245,3037,'05/903','07/180','2015-05-27 00:00:00','2015-05-31 21:04:29',1997.2,855.37,352.11,45.4,'2015-08-30 21:04:29','2015-08-30 21:04:29'),
	(124,38,1837,'89/976','28/170','2014-09-11 00:00:00','2014-09-15 21:04:29',16.51,889.27,1296.23,360.25,'2015-08-30 21:04:29','2015-08-30 21:04:29'),
	(125,452,1668,'75/512','60/298','2015-05-25 00:00:00','2015-05-27 21:04:29',1360.86,1872.13,991.7,658.62,'2015-08-30 21:04:29','2015-08-30 21:04:29'),
	(126,233,229,'71/649','71/563','2015-08-11 00:00:00','2015-08-13 21:04:29',1975.48,1064.28,1734.99,611.01,'2015-08-30 21:04:29','2015-08-30 21:04:29'),
	(127,165,2471,'04/253','29/327','2015-04-03 00:00:00','2015-04-11 21:04:29',879.49,1564.7,446.66,1804.84,'2015-08-30 21:04:29','2015-08-30 21:04:29'),
	(128,417,2333,'83/436','21/951','2015-06-29 00:00:00','2015-07-08 21:04:29',450.44,1240.4,612.29,2476.15,'2015-08-30 21:04:29','2015-08-30 21:04:29'),
	(129,16,554,'48/727','17/719','2015-03-10 00:00:00','2015-03-12 21:04:29',301.59,931.19,529.82,2197.8,'2015-08-30 21:04:29','2015-08-30 21:04:29'),
	(130,391,2837,'13/654','38/046','2015-01-22 00:00:00','2015-01-25 21:04:29',2075.58,1356.66,815.08,1016.78,'2015-08-30 21:04:29','2015-08-30 21:04:29'),
	(131,238,1148,'92/910','21/971','2015-04-06 00:00:00','2015-04-10 21:04:29',1197.37,2433.35,685.82,2000.47,'2015-08-30 21:04:29','2015-08-30 21:04:29'),
	(132,419,763,'97/247','37/311','2014-12-01 00:00:00','2014-12-06 21:04:29',2108.34,1942.22,405.71,455.85,'2015-08-30 21:04:29','2015-08-30 21:04:29'),
	(133,36,3296,'40/120','05/059','2014-11-18 00:00:00','2014-11-20 21:04:29',1150.81,1661.72,41.95,1302.8,'2015-08-30 21:04:29','2015-08-30 21:04:29'),
	(134,378,2168,'13/080','59/155','2015-01-12 00:00:00','2015-01-21 21:04:29',210.53,883.37,1027.2,869.45,'2015-08-30 21:04:29','2015-08-30 21:04:29'),
	(135,150,798,'46/444','75/596','2014-09-02 00:00:00','2014-09-07 21:04:29',1883.3,1785.2,1222.44,2347.26,'2015-08-30 21:04:29','2015-08-30 21:04:29'),
	(136,234,2626,'91/984','76/385','2015-03-21 00:00:00','2015-03-26 21:04:29',529.57,1663.18,340.34,2172.39,'2015-08-30 21:04:29','2015-08-30 21:04:29'),
	(137,237,1795,'30/744','30/078','2015-07-31 00:00:00','2015-08-04 21:04:29',625.63,855.66,39.46,2096.38,'2015-08-30 21:04:29','2015-08-30 21:04:29'),
	(138,505,3432,'66/438','32/303','2014-09-10 00:00:00','2014-09-12 21:04:29',962.82,1147.35,934.1,1766.32,'2015-08-30 21:04:29','2015-08-30 21:04:29'),
	(139,258,2443,'51/270','90/876','2015-05-06 00:00:00','2015-05-06 21:04:29',2076.56,2072.71,2476.34,1214.21,'2015-08-30 21:04:29','2015-08-30 21:04:29'),
	(140,336,411,'78/562','03/876','2014-09-03 00:00:00','2014-09-11 21:04:29',959.01,2256.84,30.25,187.6,'2015-08-30 21:04:29','2015-08-30 21:04:29'),
	(141,500,434,'74/975','40/674','2015-04-01 00:00:00','2015-04-02 21:04:29',1527.88,426.49,1398.35,2344.83,'2015-08-30 21:04:29','2015-08-30 21:04:29'),
	(142,451,1254,'39/366','08/762','2014-09-16 00:00:00','2014-09-23 21:04:29',1886,1896.24,1748.12,2116.94,'2015-08-30 21:04:29','2015-08-30 21:04:29'),
	(143,239,2894,'61/506','43/804','2015-05-03 00:00:00','2015-05-11 21:04:29',346.89,1513.73,2077.48,1713.04,'2015-08-30 21:04:29','2015-08-30 21:04:29'),
	(144,286,2624,'33/721','94/798','2014-09-20 00:00:00','2014-09-26 21:04:29',1583.17,2199.86,1838.56,1835.86,'2015-08-30 21:04:29','2015-08-30 21:04:29'),
	(145,500,1495,'14/389','94/879','2014-10-24 00:00:00','2014-10-25 21:04:29',2314.89,468.3,1275.66,2296.68,'2015-08-30 21:04:29','2015-08-30 21:04:29'),
	(146,408,2549,'28/196','59/727','2014-09-17 00:00:00','2014-09-25 21:04:29',2198.28,1884.6,1802.91,699.1,'2015-08-30 21:04:29','2015-08-30 21:04:29'),
	(147,269,1105,'27/891','21/107','2014-09-25 00:00:00','2014-09-29 21:04:29',956.51,1315.85,29.62,1124.92,'2015-08-30 21:04:29','2015-08-30 21:04:29'),
	(148,214,413,'64/315','70/037','2015-05-17 00:00:00','2015-05-17 21:04:29',2332.73,1608.88,2377.87,105.8,'2015-08-30 21:04:29','2015-08-30 21:04:29'),
	(149,196,1755,'91/887','37/260','2015-07-20 00:00:00','2015-07-26 21:04:29',2279.77,1876.14,441.11,15.53,'2015-08-30 21:04:30','2015-08-30 21:04:30'),
	(150,48,1320,'71/379','24/750','2015-02-07 00:00:00','2015-02-16 21:04:30',2403,1603.32,712.88,2470.79,'2015-08-30 21:04:30','2015-08-30 21:04:30'),
	(151,481,1342,'99/355','47/033','2015-07-06 00:00:00','2015-07-09 21:04:30',1701.39,912.37,496.03,506.24,'2015-08-30 21:04:30','2015-08-30 21:04:30'),
	(152,336,243,'25/524','27/838','2014-09-28 00:00:00','2014-09-29 21:04:30',616.95,1491.88,894.53,611.17,'2015-08-30 21:04:30','2015-08-30 21:04:30'),
	(153,555,2335,'94/915','24/887','2015-04-16 00:00:00','2015-04-18 21:04:30',974.7,1980.29,1164.46,1430.38,'2015-08-30 21:04:30','2015-08-30 21:04:30'),
	(154,250,767,'99/219','59/159','2015-05-09 00:00:00','2015-05-17 21:04:30',2240.99,2092.12,924.06,917.29,'2015-08-30 21:04:30','2015-08-30 21:04:30'),
	(155,467,8,'72/761','31/567','2015-03-07 00:00:00','2015-03-09 21:04:30',842.05,1042.83,742.6,1412.52,'2015-08-30 21:04:30','2015-08-30 21:04:30'),
	(156,481,1109,'56/281','08/919','2015-04-01 00:00:00','2015-04-01 21:04:30',2007.87,2468.99,2168.98,2418.01,'2015-08-30 21:04:30','2015-08-30 21:04:30'),
	(157,97,2765,'46/484','00/205','2014-11-10 00:00:00','2014-11-15 21:04:30',588.46,834.11,2321.39,534.34,'2015-08-30 21:04:30','2015-08-30 21:04:30'),
	(158,289,1482,'31/330','73/196','2014-12-13 00:00:00','2014-12-17 21:04:30',1842.74,1400.51,537.6,2472.62,'2015-08-30 21:04:30','2015-08-30 21:04:30'),
	(159,319,824,'33/646','35/042','2015-05-22 00:00:00','2015-05-24 21:04:30',748.1,2342.92,195.14,1342.26,'2015-08-30 21:04:30','2015-08-30 21:04:30'),
	(160,558,1627,'40/039','69/874','2015-05-15 00:00:00','2015-05-20 21:04:30',2406.21,1179.94,535.62,1677.67,'2015-08-30 21:04:30','2015-08-30 21:04:30'),
	(161,193,2839,'18/761','96/863','2014-12-02 00:00:00','2014-12-11 21:04:30',2065.48,1996.69,2033,1122.73,'2015-08-30 21:04:30','2015-08-30 21:04:30'),
	(162,344,1380,'72/498','02/528','2015-06-30 00:00:00','2015-07-09 21:04:30',1644.81,1840.09,223.3,638.66,'2015-08-30 21:04:30','2015-08-30 21:04:30'),
	(163,123,1710,'88/496','06/358','2014-12-03 00:00:00','2014-12-04 21:04:30',21.55,307.84,2050.84,486.13,'2015-08-30 21:04:30','2015-08-30 21:04:30'),
	(164,16,1666,'22/906','96/697','2014-11-17 00:00:00','2014-11-24 21:04:30',446.49,402.31,1331.61,2251.82,'2015-08-30 21:04:30','2015-08-30 21:04:30'),
	(165,506,2062,'56/433','19/812','2015-06-16 00:00:00','2015-06-18 21:04:30',1624.74,2135.95,1339.52,1637.07,'2015-08-30 21:04:30','2015-08-30 21:04:30'),
	(166,361,3398,'74/345','05/646','2014-09-28 00:00:00','2014-10-03 21:04:30',705.4,2466.51,1661.91,2317.73,'2015-08-30 21:04:30','2015-08-30 21:04:30'),
	(167,158,969,'34/074','03/296','2015-02-10 00:00:00','2015-02-15 21:04:30',1348.44,327.18,1918.56,1976.1,'2015-08-30 21:04:30','2015-08-30 21:04:30'),
	(168,381,1523,'42/317','09/028','2015-03-11 00:00:00','2015-03-19 21:04:30',1253.77,1409.64,1587.7,438.83,'2015-08-30 21:04:30','2015-08-30 21:04:30'),
	(169,407,190,'99/886','44/236','2014-11-30 00:00:00','2014-11-30 21:04:30',1094.3,2281.83,2223.33,1911.22,'2015-08-30 21:04:30','2015-08-30 21:04:30'),
	(170,47,373,'77/747','12/058','2015-07-28 00:00:00','2015-08-06 21:04:30',365.77,1425.06,1889.09,112.86,'2015-08-30 21:04:30','2015-08-30 21:04:30'),
	(171,419,2298,'98/257','29/019','2015-04-02 00:00:00','2015-04-06 21:04:30',1921.34,1886.01,1348.72,1648.71,'2015-08-30 21:04:30','2015-08-30 21:04:30'),
	(172,390,1225,'89/257','03/894','2015-07-02 00:00:00','2015-07-08 21:04:30',575.87,667.54,1108.83,2137.83,'2015-08-30 21:04:30','2015-08-30 21:04:30'),
	(173,312,1460,'40/051','22/521','2015-01-13 00:00:00','2015-01-17 21:04:30',2049.39,2356.24,936.52,1777.78,'2015-08-30 21:04:30','2015-08-30 21:04:30'),
	(174,162,2537,'67/177','58/071','2015-06-03 00:00:00','2015-06-07 21:04:30',666.65,229.14,2456.83,462.71,'2015-08-30 21:04:30','2015-08-30 21:04:30'),
	(175,545,253,'35/281','69/568','2014-10-29 00:00:00','2014-11-05 21:04:30',863.85,864.45,1885.35,1211.14,'2015-08-30 21:04:30','2015-08-30 21:04:30'),
	(176,198,743,'75/347','27/970','2014-10-20 00:00:00','2014-10-28 21:04:30',1551.8,679.41,1381.79,292.97,'2015-08-30 21:04:30','2015-08-30 21:04:30'),
	(177,351,3173,'46/705','08/858','2015-05-12 00:00:00','2015-05-17 21:04:30',1337.93,245.41,1597.41,2196.6,'2015-08-30 21:04:30','2015-08-30 21:04:30'),
	(178,435,2106,'62/165','92/920','2015-03-08 00:00:00','2015-03-17 21:04:30',91.05,1481.21,308.22,233.29,'2015-08-30 21:04:30','2015-08-30 21:04:30'),
	(179,484,1602,'85/601','95/319','2015-04-20 00:00:00','2015-04-21 21:04:30',1925.81,1065.78,2305.45,1123.65,'2015-08-30 21:04:30','2015-08-30 21:04:30'),
	(180,22,1902,'72/409','68/469','2015-08-05 00:00:00','2015-08-11 21:04:30',2338.56,1963.08,2171.39,934.86,'2015-08-30 21:04:30','2015-08-30 21:04:30'),
	(181,457,1708,'63/035','83/146','2015-03-08 00:00:00','2015-03-08 21:04:30',2129.71,11.93,1287.1,1511.06,'2015-08-30 21:04:30','2015-08-30 21:04:30'),
	(182,140,329,'86/976','39/923','2014-10-10 00:00:00','2014-10-10 21:04:30',2356.24,2318.85,1284.88,1506.18,'2015-08-30 21:04:30','2015-08-30 21:04:30'),
	(183,217,3177,'31/713','93/926','2015-05-16 00:00:00','2015-05-25 21:04:30',1860.31,2144.97,571.43,733.6,'2015-08-30 21:04:30','2015-08-30 21:04:30'),
	(184,289,910,'48/143','43/387','2015-03-15 00:00:00','2015-03-19 21:04:30',425.69,2252.39,1155.56,894.92,'2015-08-30 21:04:30','2015-08-30 21:04:30'),
	(185,13,2952,'74/629','17/979','2015-07-07 00:00:00','2015-07-12 21:04:30',2436.86,2439.48,1328.19,2360.04,'2015-08-30 21:04:30','2015-08-30 21:04:30'),
	(186,157,2153,'16/005','39/587','2014-09-15 00:00:00','2014-09-23 21:04:30',2072.9,512.91,1199.54,1382.3,'2015-08-30 21:04:30','2015-08-30 21:04:30'),
	(187,464,421,'44/375','29/538','2015-07-07 00:00:00','2015-07-08 21:04:30',416.99,1888.13,521.35,1273.01,'2015-08-30 21:04:30','2015-08-30 21:04:30'),
	(188,536,1885,'35/633','06/966','2014-10-23 00:00:00','2014-10-25 21:04:30',1937.81,2474.84,1101.9,2427.88,'2015-08-30 21:04:30','2015-08-30 21:04:30'),
	(189,208,1851,'59/534','11/123','2015-04-05 00:00:00','2015-04-12 21:04:30',1909.67,1476.48,511.93,1904.85,'2015-08-30 21:04:30','2015-08-30 21:04:30'),
	(190,15,646,'78/160','72/325','2014-09-25 00:00:00','2014-09-29 21:04:30',2039.21,1375.94,1032.35,1713.17,'2015-08-30 21:04:30','2015-08-30 21:04:30'),
	(191,104,2095,'75/156','22/441','2014-10-18 00:00:00','2014-10-20 21:04:30',1356,2090.62,2429.63,2037.8,'2015-08-30 21:04:30','2015-08-30 21:04:30'),
	(192,206,22,'82/474','89/924','2015-08-13 00:00:00','2015-08-14 21:04:30',1076.54,1841.86,959.02,401,'2015-08-30 21:04:30','2015-08-30 21:04:30'),
	(193,557,321,'76/382','59/602','2015-08-29 00:00:00','2015-09-04 21:04:30',1331.42,1153.62,590.04,2058.67,'2015-08-30 21:04:30','2015-08-30 21:04:30'),
	(194,561,1678,'88/035','91/927','2015-04-21 00:00:00','2015-04-22 21:04:30',1641.38,1982.81,331.56,1401.79,'2015-08-30 21:04:30','2015-08-30 21:04:30'),
	(195,447,500,'06/699','80/423','2015-04-10 00:00:00','2015-04-14 21:04:30',2188.31,671.45,786.39,1471.14,'2015-08-30 21:04:30','2015-08-30 21:04:30'),
	(196,516,913,'06/296','86/892','2015-04-16 00:00:00','2015-04-21 21:04:30',315.08,540.96,2114.59,1748.21,'2015-08-30 21:04:30','2015-08-30 21:04:30'),
	(197,394,2062,'47/984','27/773','2015-02-06 00:00:00','2015-02-11 21:04:30',1263.93,1467.45,2298.84,2127.5,'2015-08-30 21:04:30','2015-08-30 21:04:30'),
	(198,346,2370,'83/463','32/823','2015-03-11 00:00:00','2015-03-15 21:04:30',143.24,451.89,1117.24,902.57,'2015-08-30 21:04:30','2015-08-30 21:04:30'),
	(199,166,1740,'51/678','84/087','2015-05-15 00:00:00','2015-05-19 21:04:30',2442.04,648.66,488.03,53.22,'2015-08-30 21:04:30','2015-08-30 21:04:30'),
	(200,345,1846,'79/275','88/022','2015-08-23 00:00:00','2015-08-28 21:04:30',1256.82,1191.07,1780.68,917.16,'2015-08-30 21:04:30','2015-08-30 21:04:30'),
	(201,283,271,'94/764','57/484','2014-10-31 00:00:00','2014-11-01 21:04:30',2442.68,2091.92,88.75,552.26,'2015-08-30 21:04:30','2015-08-30 21:04:30'),
	(202,279,364,'52/110','91/453','2015-02-07 00:00:00','2015-02-15 21:04:30',698.69,869.39,943.05,1822.67,'2015-08-30 21:04:30','2015-08-30 21:04:30'),
	(203,519,2578,'71/670','22/903','2014-11-20 00:00:00','2014-11-20 21:04:30',736.1,1034.39,2422.47,778.14,'2015-08-30 21:04:30','2015-08-30 21:04:30'),
	(204,483,2926,'23/161','77/785','2015-02-09 00:00:00','2015-02-15 21:04:30',2056.36,2393.63,1294.67,658.68,'2015-08-30 21:04:30','2015-08-30 21:04:30'),
	(205,208,2761,'92/683','96/924','2015-02-27 00:00:00','2015-03-05 21:04:30',925.7,2186.17,2454.81,20.3,'2015-08-30 21:04:30','2015-08-30 21:04:30'),
	(206,515,532,'88/284','28/843','2015-06-19 00:00:00','2015-06-24 21:04:30',2179.18,1083.69,1048.87,1612.24,'2015-08-30 21:04:30','2015-08-30 21:04:30'),
	(207,506,649,'20/064','29/545','2015-02-28 00:00:00','2015-03-02 21:04:30',1240.28,109.2,2040.99,1686.05,'2015-08-30 21:04:30','2015-08-30 21:04:30'),
	(208,20,3370,'39/379','06/477','2015-01-15 00:00:00','2015-01-17 21:04:30',2413.96,1009.75,1294.08,2313.44,'2015-08-30 21:04:30','2015-08-30 21:04:30'),
	(209,393,1360,'23/908','91/818','2015-04-25 00:00:00','2015-04-26 21:04:30',2156.22,2318.71,1868.01,570.92,'2015-08-30 21:04:30','2015-08-30 21:04:30'),
	(210,72,27,'04/889','96/050','2015-06-12 00:00:00','2015-06-12 21:04:30',2458.67,559.14,837.89,2101.57,'2015-08-30 21:04:30','2015-08-30 21:04:30'),
	(211,368,506,'63/013','35/063','2015-06-06 00:00:00','2015-06-08 21:04:30',210.07,351.67,1822.99,14.25,'2015-08-30 21:04:30','2015-08-30 21:04:30'),
	(212,355,1309,'14/826','96/860','2014-12-30 00:00:00','2014-12-31 21:04:30',188.52,2160.27,1916.11,1158.82,'2015-08-30 21:04:30','2015-08-30 21:04:30'),
	(213,54,878,'58/809','67/391','2015-02-17 00:00:00','2015-02-22 21:04:30',1133.01,1181.18,340.26,1820.96,'2015-08-30 21:04:30','2015-08-30 21:04:30'),
	(214,577,3020,'55/686','10/845','2014-10-29 00:00:00','2014-11-04 21:04:30',1747.64,400.05,1417,78.58,'2015-08-30 21:04:30','2015-08-30 21:04:30'),
	(215,283,1598,'93/379','14/843','2015-03-27 00:00:00','2015-04-01 21:04:30',1719.77,930.54,408.52,2088.85,'2015-08-30 21:04:30','2015-08-30 21:04:30'),
	(216,298,2855,'65/644','35/605','2015-06-13 00:00:00','2015-06-14 21:04:30',146.05,2060.61,1427.28,861.13,'2015-08-30 21:04:30','2015-08-30 21:04:30'),
	(217,236,904,'74/467','38/618','2015-04-24 00:00:00','2015-04-30 21:04:30',185.08,487.07,1035.25,1882.23,'2015-08-30 21:04:30','2015-08-30 21:04:30'),
	(218,544,1306,'88/309','42/409','2015-03-28 00:00:00','2015-04-05 21:04:30',1688.13,1365.83,985.94,606.69,'2015-08-30 21:04:30','2015-08-30 21:04:30'),
	(219,441,1710,'11/326','93/020','2015-06-08 00:00:00','2015-06-10 21:04:30',908.09,2309.04,1740.83,428.52,'2015-08-30 21:04:30','2015-08-30 21:04:30'),
	(220,88,144,'42/389','80/370','2015-07-08 00:00:00','2015-07-13 21:04:30',1273.13,1273.63,2111.41,1941.34,'2015-08-30 21:04:30','2015-08-30 21:04:30'),
	(221,149,2635,'42/242','74/090','2014-09-09 00:00:00','2014-09-15 21:04:30',2442.59,1189.08,2241.43,1661.55,'2015-08-30 21:04:30','2015-08-30 21:04:30'),
	(222,192,2718,'91/946','35/753','2015-02-14 00:00:00','2015-02-19 21:04:30',1337.97,1040.04,2209.43,1393.79,'2015-08-30 21:04:30','2015-08-30 21:04:30'),
	(223,405,3423,'33/078','41/133','2014-12-29 00:00:00','2014-12-29 21:04:30',2463.9,2044.58,2366.01,763.76,'2015-08-30 21:04:30','2015-08-30 21:04:30'),
	(224,254,351,'85/118','08/623','2015-06-27 00:00:00','2015-07-06 21:04:31',299.03,232.38,2363.99,388.96,'2015-08-30 21:04:31','2015-08-30 21:04:31'),
	(225,376,1776,'43/012','78/366','2014-09-01 00:00:00','2014-09-07 21:04:31',1943.4,539.48,1102.65,370.23,'2015-08-30 21:04:31','2015-08-30 21:04:31'),
	(226,423,1549,'98/352','60/041','2014-09-24 00:00:00','2014-09-25 21:04:31',962.25,788.48,986.53,747.65,'2015-08-30 21:04:31','2015-08-30 21:04:31'),
	(227,46,1426,'99/846','26/451','2015-03-18 00:00:00','2015-03-19 21:04:31',674.63,607.59,221.1,2255.16,'2015-08-30 21:04:31','2015-08-30 21:04:31'),
	(228,72,605,'56/158','88/318','2015-02-15 00:00:00','2015-02-24 21:04:31',281.12,2396.49,49.49,334.6,'2015-08-30 21:04:31','2015-08-30 21:04:31'),
	(229,224,2213,'60/144','03/628','2014-10-22 00:00:00','2014-10-25 21:04:31',1197.54,2417.56,201.62,1146.61,'2015-08-30 21:04:31','2015-08-30 21:04:31'),
	(230,7,1415,'34/769','21/026','2015-07-02 00:00:00','2015-07-10 21:04:31',1606.9,2333.27,778.34,915.18,'2015-08-30 21:04:31','2015-08-30 21:04:31'),
	(231,287,1121,'53/839','29/932','2015-05-15 00:00:00','2015-05-23 21:04:31',939.54,871.92,1434.64,1037.31,'2015-08-30 21:04:31','2015-08-30 21:04:31'),
	(232,391,1606,'75/808','19/349','2014-11-25 00:00:00','2014-11-29 21:04:31',888.01,39.8,454.5,1656.99,'2015-08-30 21:04:31','2015-08-30 21:04:31'),
	(233,60,377,'77/539','71/915','2014-10-12 00:00:00','2014-10-14 21:04:31',1469.64,2468.37,1982.95,2455.01,'2015-08-30 21:04:31','2015-08-30 21:04:31'),
	(234,20,1398,'26/377','04/467','2014-12-15 00:00:00','2014-12-23 21:04:31',27.51,2254.34,153.22,2405.51,'2015-08-30 21:04:31','2015-08-30 21:04:31'),
	(235,417,417,'42/622','07/364','2014-11-18 00:00:00','2014-11-27 21:04:31',1909.18,1851.8,21.24,1487.16,'2015-08-30 21:04:31','2015-08-30 21:04:31'),
	(236,469,2687,'21/228','04/275','2015-05-27 00:00:00','2015-05-29 21:04:31',2141.56,962.04,2411.53,1448.3,'2015-08-30 21:04:31','2015-08-30 21:04:31'),
	(237,329,3387,'81/268','83/329','2014-12-21 00:00:00','2014-12-25 21:04:31',1717.35,1541.02,1741.96,1063.17,'2015-08-30 21:04:31','2015-08-30 21:04:31'),
	(238,114,2188,'43/747','11/638','2014-12-23 00:00:00','2015-01-01 21:04:31',1843.37,1955.44,63.39,1324.83,'2015-08-30 21:04:31','2015-08-30 21:04:31'),
	(239,491,12,'87/367','39/070','2014-10-14 00:00:00','2014-10-16 21:04:31',400.89,2226.4,1421.73,434.88,'2015-08-30 21:04:31','2015-08-30 21:04:31'),
	(240,525,3234,'28/076','34/688','2015-02-25 00:00:00','2015-03-03 21:04:31',2465.43,2339.58,1734.14,1849.7,'2015-08-30 21:04:31','2015-08-30 21:04:31'),
	(241,459,2559,'32/299','71/478','2015-04-28 00:00:00','2015-05-06 21:04:31',1152.99,915.46,2147.86,344.88,'2015-08-30 21:04:31','2015-08-30 21:04:31'),
	(242,510,179,'51/576','91/911','2015-06-30 00:00:00','2015-07-07 21:04:31',205.01,1187.27,1423.08,1681.27,'2015-08-30 21:04:31','2015-08-30 21:04:31'),
	(243,463,1777,'75/192','93/496','2014-09-30 00:00:00','2014-10-04 21:04:31',585.92,1539.95,1372.23,914.31,'2015-08-30 21:04:31','2015-08-30 21:04:31'),
	(244,237,1586,'69/327','73/933','2015-04-14 00:00:00','2015-04-14 21:04:31',1074.58,1996.64,1631.44,2190.4,'2015-08-30 21:04:31','2015-08-30 21:04:31'),
	(245,307,2215,'01/683','97/967','2014-12-24 00:00:00','2014-12-29 21:04:31',1131.26,20.25,1021.22,1430.96,'2015-08-30 21:04:31','2015-08-30 21:04:31'),
	(246,220,2078,'21/858','02/219','2015-06-04 00:00:00','2015-06-13 21:04:31',1591.63,231.24,2024.04,2051.32,'2015-08-30 21:04:31','2015-08-30 21:04:31'),
	(247,365,1385,'87/775','97/012','2015-08-12 00:00:00','2015-08-20 21:04:31',869.75,759.18,1894.22,102.34,'2015-08-30 21:04:31','2015-08-30 21:04:31'),
	(248,420,27,'06/236','56/132','2015-06-30 00:00:00','2015-07-06 21:04:31',1008.75,2186.57,693.11,2182.71,'2015-08-30 21:04:31','2015-08-30 21:04:31'),
	(249,492,1576,'30/314','84/447','2014-11-30 00:00:00','2014-12-01 21:04:31',1086.75,407.45,512.25,1107.18,'2015-08-30 21:04:31','2015-08-30 21:04:31'),
	(250,390,2119,'56/623','61/402','2015-02-19 00:00:00','2015-02-22 21:04:31',1791.4,1557.31,209.21,1839.64,'2015-08-30 21:04:31','2015-08-30 21:04:31'),
	(251,347,2154,'96/712','43/742','2015-03-18 00:00:00','2015-03-20 21:04:31',1753.95,2229.56,1583.12,1857.46,'2015-08-30 21:04:31','2015-08-30 21:04:31'),
	(252,439,1149,'18/250','22/460','2015-01-10 00:00:00','2015-01-19 21:04:31',1060.14,1410.43,1699.75,60.34,'2015-08-30 21:04:31','2015-08-30 21:04:31'),
	(253,15,517,'49/918','96/464','2015-04-13 00:00:00','2015-04-22 21:04:31',1998.17,557.14,2483.66,174.78,'2015-08-30 21:04:31','2015-08-30 21:04:31'),
	(254,577,616,'13/576','49/462','2014-10-31 00:00:00','2014-11-03 21:04:31',718.79,1045.98,1920.59,1923.14,'2015-08-30 21:04:31','2015-08-30 21:04:31'),
	(255,404,1345,'46/664','87/114','2015-05-14 00:00:00','2015-05-23 21:04:31',1470.86,2418.93,1568.89,426.06,'2015-08-30 21:04:31','2015-08-30 21:04:31'),
	(256,41,1762,'26/475','73/804','2015-04-10 00:00:00','2015-04-16 21:04:31',2242.51,1982.99,144.05,1303.16,'2015-08-30 21:04:31','2015-08-30 21:04:31'),
	(257,404,2444,'42/123','85/990','2015-05-04 00:00:00','2015-05-06 21:04:31',984.13,896.66,1744.84,1878.32,'2015-08-30 21:04:31','2015-08-30 21:04:31'),
	(258,139,3400,'16/963','20/676','2015-04-30 00:00:00','2015-05-04 21:04:31',639.1,2159.32,629.93,1864.99,'2015-08-30 21:04:31','2015-08-30 21:04:31'),
	(259,279,3124,'17/569','78/970','2014-12-08 00:00:00','2014-12-13 21:04:31',399.33,2378.7,580.89,2422.86,'2015-08-30 21:04:31','2015-08-30 21:04:31'),
	(260,457,2884,'69/138','18/948','2015-02-11 00:00:00','2015-02-12 21:04:31',67.59,799.87,2146.71,757.62,'2015-08-30 21:04:31','2015-08-30 21:04:31'),
	(261,553,2682,'93/557','57/974','2014-10-18 00:00:00','2014-10-23 21:04:31',1056.55,1547.81,1811.05,1387.52,'2015-08-30 21:04:31','2015-08-30 21:04:31'),
	(262,174,818,'83/756','42/549','2015-04-29 00:00:00','2015-05-04 21:04:31',1528.26,436.4,2128.87,244.1,'2015-08-30 21:04:31','2015-08-30 21:04:31'),
	(263,105,2744,'94/230','69/825','2014-12-19 00:00:00','2014-12-23 21:04:31',2481.47,233.68,1714.14,596.83,'2015-08-30 21:04:31','2015-08-30 21:04:31'),
	(264,428,2144,'96/837','99/992','2014-09-17 00:00:00','2014-09-20 21:04:31',1189.46,1177.21,2037.41,1199.47,'2015-08-30 21:04:31','2015-08-30 21:04:31'),
	(265,26,2252,'83/454','31/198','2015-04-05 00:00:00','2015-04-08 21:04:31',1232.4,1118.2,731.86,2358.5,'2015-08-30 21:04:31','2015-08-30 21:04:31'),
	(266,196,1562,'61/861','27/694','2015-04-18 00:00:00','2015-04-21 21:04:31',435.76,369.48,2031.18,68.58,'2015-08-30 21:04:31','2015-08-30 21:04:31'),
	(267,328,3369,'61/900','42/418','2015-04-20 00:00:00','2015-04-23 21:04:31',1536.48,2326.04,1255.5,385.66,'2015-08-30 21:04:31','2015-08-30 21:04:31'),
	(268,378,869,'79/772','42/627','2014-10-27 00:00:00','2014-10-30 21:04:31',359.08,1210.92,1635.85,1290.22,'2015-08-30 21:04:31','2015-08-30 21:04:31'),
	(269,384,3173,'98/906','15/936','2014-12-21 00:00:00','2014-12-28 21:04:31',101.86,491.5,568.71,140.36,'2015-08-30 21:04:31','2015-08-30 21:04:31'),
	(270,134,3137,'03/776','00/354','2015-03-19 00:00:00','2015-03-27 21:04:31',517.29,1720.54,2149.88,54.61,'2015-08-30 21:04:31','2015-08-30 21:04:31'),
	(271,180,3216,'31/841','60/612','2015-03-02 00:00:00','2015-03-06 21:04:31',962.84,1139.15,335.65,460.41,'2015-08-30 21:04:31','2015-08-30 21:04:31'),
	(272,135,1264,'99/262','68/642','2014-09-04 00:00:00','2014-09-09 21:04:31',2000.66,2120.78,180.82,2079.79,'2015-08-30 21:04:31','2015-08-30 21:04:31'),
	(273,23,1329,'09/653','54/797','2015-01-30 00:00:00','2015-02-03 21:04:31',2491.31,1941.22,906.18,340.27,'2015-08-30 21:04:31','2015-08-30 21:04:31'),
	(274,509,662,'67/313','95/444','2014-10-10 00:00:00','2014-10-18 21:04:31',1673.38,652.3,694.24,2457.58,'2015-08-30 21:04:31','2015-08-30 21:04:31'),
	(275,520,2322,'77/807','69/382','2014-12-14 00:00:00','2014-12-22 21:04:31',463.46,1735.62,1320.38,453.92,'2015-08-30 21:04:31','2015-08-30 21:04:31'),
	(276,296,1992,'51/857','96/883','2014-12-08 00:00:00','2014-12-16 21:04:31',628.74,190.98,1732.76,1820.44,'2015-08-30 21:04:31','2015-08-30 21:04:31'),
	(277,187,1740,'68/768','46/660','2014-10-04 00:00:00','2014-10-05 21:04:31',2000.65,2416.06,2347.48,188.36,'2015-08-30 21:04:31','2015-08-30 21:04:31'),
	(278,58,3313,'89/451','64/421','2015-03-31 00:00:00','2015-04-05 21:04:31',1461.04,1699.18,1370.95,143.34,'2015-08-30 21:04:31','2015-08-30 21:04:31'),
	(279,474,364,'34/297','57/324','2014-10-10 00:00:00','2014-10-16 21:04:31',438.9,119.41,1555.83,297.34,'2015-08-30 21:04:31','2015-08-30 21:04:31'),
	(280,545,1673,'72/092','94/318','2015-04-25 00:00:00','2015-05-02 21:04:31',77.96,138.63,1542.62,2428.71,'2015-08-30 21:04:31','2015-08-30 21:04:31'),
	(281,137,2156,'82/739','36/263','2015-07-26 00:00:00','2015-07-31 21:04:31',1397.82,2459.08,1175.83,300.15,'2015-08-30 21:04:31','2015-08-30 21:04:31'),
	(282,115,2405,'02/328','56/673','2015-06-09 00:00:00','2015-06-15 21:04:31',1122.41,122.97,885.77,1960.42,'2015-08-30 21:04:31','2015-08-30 21:04:31'),
	(283,185,3267,'70/782','13/424','2015-02-10 00:00:00','2015-02-10 21:04:31',791.73,680.65,2499.41,2021.09,'2015-08-30 21:04:31','2015-08-30 21:04:31'),
	(284,158,1832,'05/771','80/448','2015-07-16 00:00:00','2015-07-24 21:04:31',2181.93,945.39,1800.79,797.43,'2015-08-30 21:04:31','2015-08-30 21:04:31'),
	(285,327,2550,'60/141','73/372','2014-10-28 00:00:00','2014-11-03 21:04:31',1250.32,1825.75,157.96,2167.3,'2015-08-30 21:04:31','2015-08-30 21:04:31'),
	(286,573,845,'23/374','42/217','2014-09-12 00:00:00','2014-09-21 21:04:31',1609.36,150.68,2245.43,1386.5,'2015-08-30 21:04:31','2015-08-30 21:04:31'),
	(287,15,307,'71/075','38/883','2015-06-06 00:00:00','2015-06-14 21:04:31',400.04,3.42,263.05,1193.49,'2015-08-30 21:04:31','2015-08-30 21:04:31'),
	(288,221,2685,'69/249','12/503','2014-12-27 00:00:00','2014-12-31 21:04:31',448.39,2011.73,1235.96,2043.48,'2015-08-30 21:04:31','2015-08-30 21:04:31'),
	(289,228,2295,'34/226','96/504','2015-03-28 00:00:00','2015-03-31 21:04:31',1396.45,9.34,595.44,512.18,'2015-08-30 21:04:31','2015-08-30 21:04:31'),
	(290,61,3270,'03/420','98/301','2014-10-22 00:00:00','2014-10-25 21:04:31',1236.49,1901.6,1735.29,1982.64,'2015-08-30 21:04:31','2015-08-30 21:04:31'),
	(291,461,1897,'96/080','12/905','2015-04-13 00:00:00','2015-04-19 21:04:31',1115.74,869.28,1247.56,1416.05,'2015-08-30 21:04:31','2015-08-30 21:04:31'),
	(292,537,2847,'23/082','30/150','2015-01-11 00:00:00','2015-01-20 21:04:31',2013.08,210.18,1168.57,2008.05,'2015-08-30 21:04:31','2015-08-30 21:04:31'),
	(293,179,842,'56/659','32/991','2015-01-20 00:00:00','2015-01-27 21:04:31',2138.34,1066.09,364.51,679.43,'2015-08-30 21:04:31','2015-08-30 21:04:31'),
	(294,467,22,'21/131','49/705','2015-03-10 00:00:00','2015-03-18 21:04:31',121.05,1433.78,2307.77,2087.96,'2015-08-30 21:04:31','2015-08-30 21:04:31'),
	(295,406,2532,'83/463','68/051','2014-11-17 00:00:00','2014-11-25 21:04:31',424.98,1436.16,1006.93,600.82,'2015-08-30 21:04:31','2015-08-30 21:04:31'),
	(296,528,757,'97/666','99/801','2015-06-16 00:00:00','2015-06-21 21:04:31',1497.88,1109.03,1907.18,53.32,'2015-08-30 21:04:31','2015-08-30 21:04:31'),
	(297,139,3233,'58/253','73/408','2014-09-09 00:00:00','2014-09-18 21:04:31',1477.5,2227,2411.99,1916.15,'2015-08-30 21:04:31','2015-08-30 21:04:31'),
	(298,459,550,'45/334','21/668','2014-12-27 00:00:00','2015-01-02 21:04:31',2434.73,472.83,1513.7,1228.37,'2015-08-30 21:04:32','2015-08-30 21:04:32'),
	(299,442,1007,'70/789','50/471','2015-03-20 00:00:00','2015-03-25 21:04:32',723.36,438.64,1578.34,2021.9,'2015-08-30 21:04:32','2015-08-30 21:04:32'),
	(300,574,1458,'30/314','19/777','2015-08-12 00:00:00','2015-08-20 21:04:32',1417.58,141.97,878.73,1982.59,'2015-08-30 21:04:32','2015-08-30 21:04:32'),
	(301,41,1775,'98/751','18/603','2015-02-08 00:00:00','2015-02-12 21:04:32',1661.63,300.56,1067.89,836.93,'2015-08-30 21:04:32','2015-08-30 21:04:32'),
	(302,562,2245,'15/017','16/021','2015-06-15 00:00:00','2015-06-24 21:04:32',14.46,32.54,658.12,356.99,'2015-08-30 21:04:32','2015-08-30 21:04:32'),
	(303,120,466,'37/336','88/996','2015-03-14 00:00:00','2015-03-19 21:04:32',1673.51,1309.78,1757.38,706.79,'2015-08-30 21:04:32','2015-08-30 21:04:32'),
	(304,249,3423,'54/024','42/227','2014-11-08 00:00:00','2014-11-10 21:04:32',1860.47,1342.1,1268.01,1405.17,'2015-08-30 21:04:32','2015-08-30 21:04:32'),
	(305,91,2778,'33/560','90/380','2015-04-28 00:00:00','2015-05-04 21:04:32',583.46,1185.63,1541.6,510.77,'2015-08-30 21:04:32','2015-08-30 21:04:32'),
	(306,310,3274,'63/318','14/210','2015-04-03 00:00:00','2015-04-12 21:04:32',2215.45,2451,2107.25,2071.93,'2015-08-30 21:04:32','2015-08-30 21:04:32'),
	(307,86,703,'28/532','21/716','2015-07-01 00:00:00','2015-07-05 21:04:32',1860.49,1048.07,2331.06,1447.75,'2015-08-30 21:04:32','2015-08-30 21:04:32'),
	(308,352,1902,'48/040','10/677','2014-12-16 00:00:00','2014-12-18 21:04:32',595.42,2034.28,1066.4,1300.99,'2015-08-30 21:04:32','2015-08-30 21:04:32'),
	(309,263,1252,'88/749','87/997','2015-06-22 00:00:00','2015-06-30 21:04:32',149.28,1860.96,801.44,965.07,'2015-08-30 21:04:32','2015-08-30 21:04:32'),
	(310,17,1059,'76/002','46/486','2015-07-24 00:00:00','2015-07-26 21:04:32',2075.86,2212.52,2063.72,2386.75,'2015-08-30 21:04:32','2015-08-30 21:04:32'),
	(311,509,3320,'77/433','34/893','2014-11-06 00:00:00','2014-11-06 21:04:32',165.93,775.4,1339.35,2026.53,'2015-08-30 21:04:32','2015-08-30 21:04:32'),
	(312,242,1608,'13/603','09/653','2015-01-20 00:00:00','2015-01-26 21:04:32',1605.22,2165.64,875.71,2326.8,'2015-08-30 21:04:32','2015-08-30 21:04:32'),
	(313,268,418,'71/160','83/638','2015-03-29 00:00:00','2015-04-05 21:04:32',260.56,179.8,1023.54,630.53,'2015-08-30 21:04:32','2015-08-30 21:04:32'),
	(314,451,2754,'58/419','94/953','2014-12-29 00:00:00','2015-01-07 21:04:32',733.44,424.08,2407.42,524.29,'2015-08-30 21:04:32','2015-08-30 21:04:32'),
	(315,141,1863,'51/462','64/111','2015-04-27 00:00:00','2015-05-06 21:04:32',2437.38,31.67,1779.62,1248.13,'2015-08-30 21:04:32','2015-08-30 21:04:32'),
	(316,298,225,'84/056','77/840','2015-02-22 00:00:00','2015-02-25 21:04:32',1822.68,1304.82,530.32,5.42,'2015-08-30 21:04:32','2015-08-30 21:04:32'),
	(317,530,1879,'79/507','38/120','2014-11-17 00:00:00','2014-11-20 21:04:32',1864.78,1142.05,1622.35,568.37,'2015-08-30 21:04:32','2015-08-30 21:04:32'),
	(318,103,2554,'13/534','67/390','2015-01-01 00:00:00','2015-01-08 21:04:32',388.96,2199.83,221.86,200.48,'2015-08-30 21:04:32','2015-08-30 21:04:32'),
	(319,51,386,'64/379','46/056','2014-09-14 00:00:00','2014-09-18 21:04:32',2326.17,1232.82,1378.47,2305.34,'2015-08-30 21:04:32','2015-08-30 21:04:32'),
	(320,295,1066,'91/412','41/346','2015-05-08 00:00:00','2015-05-11 21:04:32',1745.29,700.4,2446.53,1484.43,'2015-08-30 21:04:32','2015-08-30 21:04:32'),
	(321,255,1241,'09/008','00/989','2014-10-27 00:00:00','2014-11-01 21:04:32',37.17,1764.74,122.89,2370.49,'2015-08-30 21:04:32','2015-08-30 21:04:32'),
	(322,18,698,'32/986','65/757','2015-01-01 00:00:00','2015-01-04 21:04:32',1797.43,1141.53,1730.71,1654.26,'2015-08-30 21:04:32','2015-08-30 21:04:32'),
	(323,123,2475,'56/976','51/425','2015-06-27 00:00:00','2015-06-30 21:04:32',2278.94,57.16,884.66,2009.95,'2015-08-30 21:04:32','2015-08-30 21:04:32'),
	(324,455,1152,'13/354','61/586','2015-03-30 00:00:00','2015-04-02 21:04:32',1994.19,68.98,1935.36,2063.42,'2015-08-30 21:04:32','2015-08-30 21:04:32'),
	(325,323,2267,'11/004','28/343','2015-02-01 00:00:00','2015-02-03 21:04:32',1679.87,1399.56,680.75,1848.33,'2015-08-30 21:04:32','2015-08-30 21:04:32'),
	(326,223,541,'40/035','62/408','2015-01-24 00:00:00','2015-01-25 21:04:32',327.89,888.59,2117.45,267.95,'2015-08-30 21:04:32','2015-08-30 21:04:32'),
	(327,152,461,'24/602','80/891','2015-05-21 00:00:00','2015-05-29 21:04:32',1285.67,1405.2,2028.47,1445.58,'2015-08-30 21:04:32','2015-08-30 21:04:32'),
	(328,201,3395,'64/429','76/944','2015-08-29 00:00:00','2015-09-06 21:04:32',1975.86,1908.04,255.67,212.17,'2015-08-30 21:04:32','2015-08-30 21:04:32'),
	(329,122,2423,'12/567','67/120','2015-06-03 00:00:00','2015-06-12 21:04:32',283.93,2012.77,102.96,2312.51,'2015-08-30 21:04:32','2015-08-30 21:04:32'),
	(330,198,826,'38/202','54/631','2015-06-19 00:00:00','2015-06-21 21:04:32',817.18,2003.81,1876.27,576.61,'2015-08-30 21:04:32','2015-08-30 21:04:32'),
	(331,217,3187,'17/328','84/369','2015-02-14 00:00:00','2015-02-18 21:04:32',2377,1511.38,1896.28,1024.3,'2015-08-30 21:04:32','2015-08-30 21:04:32'),
	(332,112,355,'36/513','78/058','2015-02-07 00:00:00','2015-02-08 21:04:32',2362.12,2287.87,488.02,1847.38,'2015-08-30 21:04:32','2015-08-30 21:04:32'),
	(333,499,2936,'53/077','40/686','2015-08-25 00:00:00','2015-08-29 21:04:32',749.43,2026.12,41.59,453.02,'2015-08-30 21:04:32','2015-08-30 21:04:32'),
	(334,38,1473,'59/464','89/379','2015-07-21 00:00:00','2015-07-24 21:04:32',718.16,1680.03,291.86,283.21,'2015-08-30 21:04:32','2015-08-30 21:04:32'),
	(335,3,2037,'33/862','43/795','2015-08-01 00:00:00','2015-08-06 21:04:32',834.21,359.2,1090.32,2415.1,'2015-08-30 21:04:32','2015-08-30 21:04:32'),
	(336,18,1953,'37/024','21/761','2014-09-05 00:00:00','2014-09-12 21:04:32',1080.96,1259.38,1862.18,615.17,'2015-08-30 21:04:32','2015-08-30 21:04:32'),
	(337,421,2897,'83/025','48/755','2015-08-02 00:00:00','2015-08-03 21:04:32',1319.59,97.32,1166.11,2468.43,'2015-08-30 21:04:32','2015-08-30 21:04:32'),
	(338,87,1317,'78/729','80/745','2015-01-01 00:00:00','2015-01-03 21:04:32',209.03,1777.38,1845.57,1315.61,'2015-08-30 21:04:32','2015-08-30 21:04:32'),
	(339,401,1958,'70/386','13/595','2015-07-19 00:00:00','2015-07-22 21:04:32',279.9,2097.82,1956.3,1462.56,'2015-08-30 21:04:32','2015-08-30 21:04:32'),
	(340,262,168,'26/353','02/845','2015-03-21 00:00:00','2015-03-22 21:04:32',854.77,2316.87,777.95,1546.97,'2015-08-30 21:04:32','2015-08-30 21:04:32'),
	(341,514,1478,'14/998','89/213','2014-12-02 00:00:00','2014-12-10 21:04:32',891.69,2083.11,1177.15,938.07,'2015-08-30 21:04:32','2015-08-30 21:04:32'),
	(342,275,1638,'56/146','63/676','2015-04-05 00:00:00','2015-04-05 21:04:32',1698.98,2280.37,2340.42,1052.41,'2015-08-30 21:04:32','2015-08-30 21:04:32'),
	(343,382,217,'02/485','03/033','2015-05-24 00:00:00','2015-05-26 21:04:32',1134.57,820.95,2012.25,460.18,'2015-08-30 21:04:32','2015-08-30 21:04:32'),
	(344,310,349,'79/901','48/873','2015-02-28 00:00:00','2015-03-03 21:04:32',1330.12,2004.19,2202.11,689.5,'2015-08-30 21:04:32','2015-08-30 21:04:32'),
	(345,552,167,'01/927','93/449','2015-08-12 00:00:00','2015-08-18 21:04:32',1250.88,620,2431.38,1811.12,'2015-08-30 21:04:32','2015-08-30 21:04:32'),
	(346,196,2462,'80/006','62/527','2015-07-03 00:00:00','2015-07-08 21:04:32',178.28,1626.54,46.33,1015.28,'2015-08-30 21:04:32','2015-08-30 21:04:32'),
	(347,148,1901,'46/635','29/854','2015-03-09 00:00:00','2015-03-12 21:04:32',2478.12,279.81,1919.53,118.14,'2015-08-30 21:04:32','2015-08-30 21:04:32'),
	(348,213,3154,'39/603','60/850','2014-09-24 00:00:00','2014-09-24 21:04:32',2247.22,1523.23,433.61,2238.62,'2015-08-30 21:04:32','2015-08-30 21:04:32'),
	(349,478,1816,'68/296','30/332','2015-01-23 00:00:00','2015-02-01 21:04:32',1629.13,2058.61,917.12,1185.12,'2015-08-30 21:04:32','2015-08-30 21:04:32'),
	(350,527,717,'26/398','87/562','2015-08-19 00:00:00','2015-08-19 21:04:32',1596.2,1198.35,4.16,2126.32,'2015-08-30 21:04:32','2015-08-30 21:04:32'),
	(351,309,3198,'37/553','96/829','2014-11-12 00:00:00','2014-11-12 21:04:32',1852.64,1416.49,468.49,2062.49,'2015-08-30 21:04:32','2015-08-30 21:04:32'),
	(352,90,2365,'97/588','29/591','2015-07-13 00:00:00','2015-07-19 21:04:32',1806.83,1511.94,2352.47,2150.87,'2015-08-30 21:04:32','2015-08-30 21:04:32'),
	(353,252,1983,'98/470','35/439','2015-03-08 00:00:00','2015-03-11 21:04:32',1862.27,752.84,1087.35,1102.31,'2015-08-30 21:04:32','2015-08-30 21:04:32'),
	(354,387,950,'43/856','39/444','2015-04-13 00:00:00','2015-04-20 21:04:32',500.34,1756.71,2286.78,1841.78,'2015-08-30 21:04:32','2015-08-30 21:04:32'),
	(355,253,3308,'62/724','98/981','2015-06-02 00:00:00','2015-06-05 21:04:32',583.35,1545.5,1992.75,1825.07,'2015-08-30 21:04:32','2015-08-30 21:04:32'),
	(356,134,2420,'86/619','47/226','2014-09-20 00:00:00','2014-09-22 21:04:32',261.64,2366.64,1295.82,1942.8,'2015-08-30 21:04:32','2015-08-30 21:04:32'),
	(357,365,3167,'06/602','87/497','2015-05-16 00:00:00','2015-05-19 21:04:32',1615.2,431,1738.34,1820.11,'2015-08-30 21:04:32','2015-08-30 21:04:32'),
	(358,342,1794,'72/588','62/976','2014-09-14 00:00:00','2014-09-18 21:04:32',597.66,745.74,1851.37,1338.7,'2015-08-30 21:04:32','2015-08-30 21:04:32'),
	(359,173,2608,'51/418','75/886','2014-09-13 00:00:00','2014-09-14 21:04:32',1615.72,1493.72,750.98,790.6,'2015-08-30 21:04:32','2015-08-30 21:04:32'),
	(360,279,1152,'70/139','55/895','2014-12-30 00:00:00','2015-01-07 21:04:32',2140.96,725.05,39.77,1999.28,'2015-08-30 21:04:32','2015-08-30 21:04:32'),
	(361,28,1626,'62/859','41/962','2015-02-16 00:00:00','2015-02-20 21:04:32',2468.79,1721.87,1544.78,609.78,'2015-08-30 21:04:32','2015-08-30 21:04:32'),
	(362,385,3348,'14/184','10/958','2015-03-08 00:00:00','2015-03-13 21:04:32',65.48,564.26,1329.76,728.53,'2015-08-30 21:04:32','2015-08-30 21:04:32'),
	(363,422,1016,'89/566','04/972','2014-12-21 00:00:00','2014-12-24 21:04:32',2246.63,1046.08,473.1,1615.76,'2015-08-30 21:04:32','2015-08-30 21:04:32'),
	(364,289,957,'67/452','57/196','2015-07-15 00:00:00','2015-07-18 21:04:32',604.95,1628.85,1002.99,522.96,'2015-08-30 21:04:32','2015-08-30 21:04:32'),
	(365,489,2922,'70/246','35/794','2014-12-19 00:00:00','2014-12-21 21:04:32',2476.3,2300.19,2171.1,153.76,'2015-08-30 21:04:32','2015-08-30 21:04:32'),
	(366,186,2929,'19/517','51/715','2015-03-11 00:00:00','2015-03-14 21:04:32',400.58,689.79,779.05,567.73,'2015-08-30 21:04:32','2015-08-30 21:04:32'),
	(367,510,163,'14/944','14/547','2014-12-11 00:00:00','2014-12-20 21:04:32',307.58,2309.19,1027.71,2325.8,'2015-08-30 21:04:32','2015-08-30 21:04:32'),
	(368,295,714,'09/283','60/189','2014-09-07 00:00:00','2014-09-16 21:04:32',2041.52,24.03,1855.73,659.6,'2015-08-30 21:04:32','2015-08-30 21:04:32'),
	(369,549,1955,'02/609','71/379','2015-05-16 00:00:00','2015-05-24 21:04:32',245.13,453.31,182.15,913.68,'2015-08-30 21:04:32','2015-08-30 21:04:32'),
	(370,231,148,'90/573','33/226','2015-05-23 00:00:00','2015-05-30 21:04:32',2303.07,1632.2,100.93,1761.06,'2015-08-30 21:04:33','2015-08-30 21:04:33'),
	(371,395,720,'59/399','81/858','2015-08-13 00:00:00','2015-08-14 21:04:33',866.68,629.39,2370.57,1772.18,'2015-08-30 21:04:33','2015-08-30 21:04:33'),
	(372,538,2502,'73/531','13/486','2015-04-10 00:00:00','2015-04-16 21:04:33',1033.52,2292.82,1459.4,1303.76,'2015-08-30 21:04:33','2015-08-30 21:04:33'),
	(373,462,2805,'86/073','09/154','2015-08-02 00:00:00','2015-08-03 21:04:33',1529.6,802.54,2180.21,1342.23,'2015-08-30 21:04:33','2015-08-30 21:04:33'),
	(374,120,701,'78/270','57/042','2015-05-05 00:00:00','2015-05-10 21:04:33',201.21,1654.64,2176.42,11.65,'2015-08-30 21:04:33','2015-08-30 21:04:33'),
	(375,457,2776,'50/423','06/135','2014-11-20 00:00:00','2014-11-24 21:04:33',1230.28,1864.3,805.85,409.84,'2015-08-30 21:04:33','2015-08-30 21:04:33'),
	(376,96,2,'61/794','61/224','2014-10-19 00:00:00','2014-10-20 21:04:33',2490.11,280.51,1522.54,806.54,'2015-08-30 21:04:33','2015-08-30 21:04:33'),
	(377,343,1776,'85/466','99/088','2015-03-09 00:00:00','2015-03-14 21:04:33',1331.7,1578.83,213.01,1892.96,'2015-08-30 21:04:33','2015-08-30 21:04:33'),
	(378,56,1855,'29/108','30/973','2014-12-16 00:00:00','2014-12-20 21:04:33',87,745.73,2345.95,930.67,'2015-08-30 21:04:33','2015-08-30 21:04:33'),
	(379,489,1571,'26/184','40/029','2015-07-01 00:00:00','2015-07-10 21:04:33',1482.36,467.11,1829.83,1685.47,'2015-08-30 21:04:33','2015-08-30 21:04:33'),
	(380,547,1761,'23/825','36/259','2014-09-22 00:00:00','2014-09-25 21:04:33',1161.61,1001.77,2022.28,521.08,'2015-08-30 21:04:33','2015-08-30 21:04:33'),
	(381,435,979,'49/969','20/898','2015-06-06 00:00:00','2015-06-09 21:04:33',558.8,998.88,601.81,1618.88,'2015-08-30 21:04:33','2015-08-30 21:04:33'),
	(382,509,1625,'05/637','80/571','2014-10-20 00:00:00','2014-10-27 21:04:33',1941.78,666.49,955.58,1586.15,'2015-08-30 21:04:33','2015-08-30 21:04:33'),
	(383,464,3227,'02/769','81/851','2015-05-23 00:00:00','2015-06-01 21:04:33',183.68,2490.44,1383.88,1715.99,'2015-08-30 21:04:33','2015-08-30 21:04:33'),
	(384,568,1481,'21/124','54/755','2014-10-02 00:00:00','2014-10-02 21:04:33',173.32,2236.94,1966.62,1099.07,'2015-08-30 21:04:33','2015-08-30 21:04:33'),
	(385,264,627,'29/328','86/126','2015-05-21 00:00:00','2015-05-25 21:04:33',2394.08,1221.54,1404.45,1465.48,'2015-08-30 21:04:33','2015-08-30 21:04:33'),
	(386,351,3335,'90/420','68/776','2015-01-17 00:00:00','2015-01-26 21:04:33',1354.88,1922.47,634.58,41.81,'2015-08-30 21:04:33','2015-08-30 21:04:33'),
	(387,333,2735,'04/823','41/167','2015-02-12 00:00:00','2015-02-17 21:04:33',53.08,254.17,762.48,979.52,'2015-08-30 21:04:33','2015-08-30 21:04:33'),
	(388,440,3010,'66/301','74/743','2014-09-06 00:00:00','2014-09-07 21:04:33',227.49,1274.61,1506,1139.76,'2015-08-30 21:04:33','2015-08-30 21:04:33'),
	(389,107,2657,'14/225','88/586','2015-03-23 00:00:00','2015-03-26 21:04:33',354.16,1779.13,1829.32,756.82,'2015-08-30 21:04:33','2015-08-30 21:04:33'),
	(390,229,2068,'23/836','91/611','2015-07-03 00:00:00','2015-07-08 21:04:33',2140.78,349.19,401.46,2012.13,'2015-08-30 21:04:33','2015-08-30 21:04:33'),
	(391,555,2175,'68/103','50/296','2015-06-09 00:00:00','2015-06-10 21:04:33',782.81,1269.68,458.38,1301.56,'2015-08-30 21:04:33','2015-08-30 21:04:33'),
	(392,431,1086,'81/007','66/532','2015-06-08 00:00:00','2015-06-08 21:04:33',171.35,231.99,2373.07,1833.44,'2015-08-30 21:04:33','2015-08-30 21:04:33'),
	(393,371,727,'32/722','16/978','2015-03-16 00:00:00','2015-03-25 21:04:33',1980.81,2283.48,1165.12,28.27,'2015-08-30 21:04:33','2015-08-30 21:04:33'),
	(394,464,2703,'13/254','16/833','2014-10-21 00:00:00','2014-10-29 21:04:33',1652.4,1117.22,2024.47,2262.77,'2015-08-30 21:04:33','2015-08-30 21:04:33'),
	(395,388,2640,'74/973','56/516','2015-03-24 00:00:00','2015-03-29 21:04:33',1161.94,1520.23,2438.85,1771.49,'2015-08-30 21:04:33','2015-08-30 21:04:33'),
	(396,321,800,'93/071','75/581','2014-09-25 00:00:00','2014-09-27 21:04:33',651.47,2433.8,1115.85,670.37,'2015-08-30 21:04:33','2015-08-30 21:04:33'),
	(397,548,553,'64/329','08/115','2015-03-19 00:00:00','2015-03-24 21:04:33',656.64,369.18,32,384.57,'2015-08-30 21:04:33','2015-08-30 21:04:33'),
	(398,373,1617,'04/390','27/225','2015-03-09 00:00:00','2015-03-11 21:04:33',538.04,296.34,1492.46,782.39,'2015-08-30 21:04:33','2015-08-30 21:04:33'),
	(399,406,2342,'37/738','94/614','2015-06-13 00:00:00','2015-06-14 21:04:33',2220.12,1227.3,1751.48,2476.37,'2015-08-30 21:04:33','2015-08-30 21:04:33'),
	(400,474,1133,'11/132','07/798','2014-10-03 00:00:00','2014-10-09 21:04:33',2307.93,1208.57,1440.28,574.23,'2015-08-30 21:04:33','2015-08-30 21:04:33'),
	(401,141,2925,'21/908','17/382','2015-08-21 00:00:00','2015-08-27 21:04:33',1537.15,757.05,2024.82,542.25,'2015-08-30 21:04:33','2015-08-30 21:04:33'),
	(402,506,963,'89/673','80/964','2014-12-16 00:00:00','2014-12-23 21:04:33',1585.16,2007.6,1259.14,2371.23,'2015-08-30 21:04:33','2015-08-30 21:04:33'),
	(403,333,1590,'86/519','77/395','2015-05-09 00:00:00','2015-05-13 21:04:33',2318.05,434.8,2341.43,2056.93,'2015-08-30 21:04:33','2015-08-30 21:04:33'),
	(404,290,1519,'89/420','64/048','2015-06-29 00:00:00','2015-07-04 21:04:33',2006.76,550.78,166.86,2106.87,'2015-08-30 21:04:33','2015-08-30 21:04:33'),
	(405,216,2905,'31/953','95/973','2015-02-11 00:00:00','2015-02-13 21:04:33',2249.74,772.14,1915.2,1623.57,'2015-08-30 21:04:33','2015-08-30 21:04:33'),
	(406,401,879,'25/424','73/082','2014-10-18 00:00:00','2014-10-23 21:04:33',1200.09,842.22,1362.91,790.84,'2015-08-30 21:04:33','2015-08-30 21:04:33'),
	(407,41,363,'23/291','54/331','2015-01-13 00:00:00','2015-01-15 21:04:33',1174.64,275.74,2258.34,2332.16,'2015-08-30 21:04:33','2015-08-30 21:04:33'),
	(408,179,1999,'99/887','76/732','2014-09-21 00:00:00','2014-09-29 21:04:33',727.64,8.65,344.04,1301.48,'2015-08-30 21:04:33','2015-08-30 21:04:33'),
	(409,184,1499,'92/902','06/092','2015-03-29 00:00:00','2015-04-07 21:04:33',354.29,465.36,1498.38,493.33,'2015-08-30 21:04:33','2015-08-30 21:04:33'),
	(410,319,834,'21/414','50/065','2015-06-07 00:00:00','2015-06-15 21:04:33',475.37,1703.55,192.42,2470.32,'2015-08-30 21:04:33','2015-08-30 21:04:33'),
	(411,99,3272,'25/349','15/533','2015-07-06 00:00:00','2015-07-06 21:04:33',2152.99,1823.27,414.45,1595.1,'2015-08-30 21:04:33','2015-08-30 21:04:33'),
	(412,210,3158,'01/922','91/338','2015-06-19 00:00:00','2015-06-23 21:04:33',1045.55,313.08,1244.25,1558.94,'2015-08-30 21:04:33','2015-08-30 21:04:33'),
	(413,93,1567,'03/528','94/224','2015-03-30 00:00:00','2015-04-05 21:04:33',1216.34,895.15,1356.32,759.19,'2015-08-30 21:04:33','2015-08-30 21:04:33'),
	(414,75,1330,'88/424','95/495','2015-07-10 00:00:00','2015-07-14 21:04:33',33.82,380.03,336.51,411.04,'2015-08-30 21:04:33','2015-08-30 21:04:33'),
	(415,228,1139,'71/130','63/400','2014-09-07 00:00:00','2014-09-10 21:04:33',645.55,1816.37,993.8,620.13,'2015-08-30 21:04:33','2015-08-30 21:04:33'),
	(416,266,1407,'21/539','05/079','2015-03-31 00:00:00','2015-04-07 21:04:33',368.34,2482.58,518.38,430.55,'2015-08-30 21:04:33','2015-08-30 21:04:33'),
	(417,66,815,'30/929','98/697','2015-05-20 00:00:00','2015-05-26 21:04:33',988.48,140.81,204.75,1343.3,'2015-08-30 21:04:33','2015-08-30 21:04:33'),
	(418,172,1537,'66/266','89/691','2015-07-22 00:00:00','2015-07-26 21:04:33',1335.94,1451.06,1529.05,1103.32,'2015-08-30 21:04:33','2015-08-30 21:04:33'),
	(419,237,256,'14/761','35/770','2015-07-15 00:00:00','2015-07-19 21:04:33',52.2,2324.94,1539.13,1851.77,'2015-08-30 21:04:33','2015-08-30 21:04:33'),
	(420,244,2792,'89/887','17/418','2015-01-04 00:00:00','2015-01-04 21:04:33',2286.78,1927.45,253.09,252.82,'2015-08-30 21:04:33','2015-08-30 21:04:33'),
	(421,516,761,'87/272','30/713','2015-05-02 00:00:00','2015-05-05 21:04:33',2460.67,1337.89,2275.02,1952.74,'2015-08-30 21:04:33','2015-08-30 21:04:33'),
	(422,11,75,'87/418','40/200','2014-11-13 00:00:00','2014-11-21 21:04:33',1510.81,1803.38,597.33,1535.18,'2015-08-30 21:04:33','2015-08-30 21:04:33'),
	(423,385,319,'89/298','44/177','2015-08-29 00:00:00','2015-08-31 21:04:33',1534.34,1625.11,1912.83,604.79,'2015-08-30 21:04:33','2015-08-30 21:04:33'),
	(424,237,2116,'90/300','56/586','2015-07-16 00:00:00','2015-07-17 21:04:33',72.2,508.42,731.62,686.84,'2015-08-30 21:04:33','2015-08-30 21:04:33'),
	(425,343,1618,'79/566','04/870','2015-04-27 00:00:00','2015-05-05 21:04:33',1317.26,2044.44,1205.53,2285.9,'2015-08-30 21:04:33','2015-08-30 21:04:33'),
	(426,339,690,'75/354','30/727','2015-08-19 00:00:00','2015-08-28 21:04:33',2094.98,872.96,2000.43,1294.54,'2015-08-30 21:04:33','2015-08-30 21:04:33'),
	(427,77,290,'95/581','00/012','2015-08-23 00:00:00','2015-08-28 21:04:33',441.74,2425.81,860.26,582.76,'2015-08-30 21:04:33','2015-08-30 21:04:33'),
	(428,506,2522,'91/407','60/561','2014-09-30 00:00:00','2014-10-04 21:04:33',1304.11,760.31,942.62,2243.04,'2015-08-30 21:04:33','2015-08-30 21:04:33'),
	(429,138,2170,'73/385','06/296','2015-06-21 00:00:00','2015-06-24 21:04:33',1237.96,1993.05,1444.41,493.73,'2015-08-30 21:04:33','2015-08-30 21:04:33'),
	(430,434,3150,'45/454','24/175','2015-06-28 00:00:00','2015-07-03 21:04:33',283.98,1947.74,992.27,2372.76,'2015-08-30 21:04:33','2015-08-30 21:04:33'),
	(431,176,1505,'71/120','12/036','2015-07-17 00:00:00','2015-07-20 21:04:33',1607.06,1656.44,2266.41,375.75,'2015-08-30 21:04:33','2015-08-30 21:04:33'),
	(432,255,104,'70/553','36/983','2015-07-31 00:00:00','2015-07-31 21:04:33',342.78,243.3,2000.14,1861.08,'2015-08-30 21:04:33','2015-08-30 21:04:33'),
	(433,164,2497,'49/000','60/967','2014-10-18 00:00:00','2014-10-26 21:04:33',226.73,2460.56,1573.96,1037.57,'2015-08-30 21:04:33','2015-08-30 21:04:33'),
	(434,121,1890,'33/318','50/612','2014-12-07 00:00:00','2014-12-10 21:04:33',12.88,547.24,1001.64,1159.38,'2015-08-30 21:04:33','2015-08-30 21:04:33'),
	(435,252,1961,'78/553','08/184','2015-08-28 00:00:00','2015-08-29 21:04:33',2454.21,2430.26,49.92,183.78,'2015-08-30 21:04:33','2015-08-30 21:04:33'),
	(436,186,793,'15/852','97/498','2014-12-15 00:00:00','2014-12-22 21:04:33',1.29,1989.59,1206.53,2408.8,'2015-08-30 21:04:33','2015-08-30 21:04:33'),
	(437,388,3370,'22/154','41/318','2015-02-20 00:00:00','2015-03-01 21:04:33',1130.25,1721.7,38.9,978.65,'2015-08-30 21:04:33','2015-08-30 21:04:33'),
	(438,132,2078,'93/677','21/769','2014-11-27 00:00:00','2014-11-30 21:04:33',883.36,2242.42,1690.23,1177.51,'2015-08-30 21:04:33','2015-08-30 21:04:33'),
	(439,479,1509,'41/769','09/794','2015-04-04 00:00:00','2015-04-10 21:04:33',1006.1,880.77,745.85,1408.44,'2015-08-30 21:04:33','2015-08-30 21:04:33'),
	(440,420,1140,'38/182','04/614','2015-03-01 00:00:00','2015-03-08 21:04:33',473.39,1632.33,479.22,1138.46,'2015-08-30 21:04:33','2015-08-30 21:04:33'),
	(441,131,1951,'63/959','69/905','2015-02-03 00:00:00','2015-02-08 21:04:33',1937.8,2133.11,983.2,328.39,'2015-08-30 21:04:33','2015-08-30 21:04:33'),
	(442,284,2513,'28/566','05/145','2015-06-03 00:00:00','2015-06-08 21:04:33',367.1,1623.04,810.57,2128.31,'2015-08-30 21:04:33','2015-08-30 21:04:33'),
	(443,447,1525,'75/780','47/570','2015-04-10 00:00:00','2015-04-13 21:04:33',305.99,1745.46,1277.44,1663.51,'2015-08-30 21:04:34','2015-08-30 21:04:34'),
	(444,345,316,'70/672','11/300','2015-02-17 00:00:00','2015-02-20 21:04:34',1951.05,1262.68,1314.4,890.91,'2015-08-30 21:04:34','2015-08-30 21:04:34'),
	(445,138,1951,'79/270','48/050','2015-01-24 00:00:00','2015-01-28 21:04:34',925.38,980.25,2445.51,2455.69,'2015-08-30 21:04:34','2015-08-30 21:04:34'),
	(446,154,1312,'79/164','86/079','2015-03-03 00:00:00','2015-03-12 21:04:34',2239.21,1683.87,1023.45,435.36,'2015-08-30 21:04:34','2015-08-30 21:04:34'),
	(447,127,2584,'87/420','12/246','2014-10-17 00:00:00','2014-10-20 21:04:34',1877.89,1027.61,1628.64,1565.22,'2015-08-30 21:04:34','2015-08-30 21:04:34'),
	(448,500,2559,'85/894','36/786','2015-08-28 00:00:00','2015-09-05 21:04:34',596.95,2346.92,888.35,2479.27,'2015-08-30 21:04:34','2015-08-30 21:04:34'),
	(449,297,2609,'48/100','39/644','2015-06-26 00:00:00','2015-06-30 21:04:34',2035.66,597.26,1696.26,3.76,'2015-08-30 21:04:34','2015-08-30 21:04:34'),
	(450,537,2356,'94/247','18/865','2015-04-28 00:00:00','2015-05-02 21:04:34',2141.81,2040.07,1671.42,924.13,'2015-08-30 21:04:34','2015-08-30 21:04:34'),
	(451,579,3166,'76/174','58/974','2015-02-24 00:00:00','2015-03-03 21:04:34',2396.86,1866.56,2347.46,2061.72,'2015-08-30 21:04:34','2015-08-30 21:04:34'),
	(452,153,1530,'89/268','88/108','2015-06-08 00:00:00','2015-06-10 21:04:34',2442.48,1148.93,1095.37,755.13,'2015-08-30 21:04:34','2015-08-30 21:04:34'),
	(453,36,1831,'98/853','60/618','2015-04-06 00:00:00','2015-04-07 21:04:34',2152.97,1584.32,1877.34,900.68,'2015-08-30 21:04:34','2015-08-30 21:04:34'),
	(454,254,3289,'95/355','45/950','2014-09-15 00:00:00','2014-09-21 21:04:34',1223.3,1594.04,1128.51,1969.24,'2015-08-30 21:04:34','2015-08-30 21:04:34'),
	(455,416,914,'06/705','16/396','2014-10-27 00:00:00','2014-11-05 21:04:34',1827.63,1304.29,2130.68,209.3,'2015-08-30 21:04:34','2015-08-30 21:04:34'),
	(456,6,1455,'51/308','74/947','2014-12-05 00:00:00','2014-12-12 21:04:34',2027.15,5.89,2231.01,937.93,'2015-08-30 21:04:34','2015-08-30 21:04:34'),
	(457,422,1997,'14/645','02/197','2014-09-07 00:00:00','2014-09-15 21:04:34',2036.66,2416.41,283.01,954.06,'2015-08-30 21:04:34','2015-08-30 21:04:34'),
	(458,57,266,'85/297','36/079','2015-04-01 00:00:00','2015-04-09 21:04:34',2177.52,2243.92,852.53,418.02,'2015-08-30 21:04:34','2015-08-30 21:04:34'),
	(459,300,240,'96/822','82/070','2014-09-06 00:00:00','2014-09-14 21:04:34',592.06,1057.27,2048.81,1995.15,'2015-08-30 21:04:34','2015-08-30 21:04:34'),
	(460,416,599,'57/160','86/223','2015-04-24 00:00:00','2015-04-24 21:04:34',29.74,1823.36,246.85,1524.78,'2015-08-30 21:04:34','2015-08-30 21:04:34'),
	(461,370,963,'16/178','48/295','2014-09-24 00:00:00','2014-10-01 21:04:34',1390.16,570.78,869.58,1901.04,'2015-08-30 21:04:34','2015-08-30 21:04:34'),
	(462,150,1441,'62/385','82/596','2014-11-09 00:00:00','2014-11-18 21:04:34',2377.81,1892.3,323.48,1713.73,'2015-08-30 21:04:34','2015-08-30 21:04:34'),
	(463,576,1379,'70/648','28/925','2014-12-26 00:00:00','2014-12-28 21:04:34',245.68,1540.61,1941.3,344.6,'2015-08-30 21:04:34','2015-08-30 21:04:34'),
	(464,534,1203,'37/083','36/205','2015-08-07 00:00:00','2015-08-15 21:04:34',578.11,312.38,2400.82,1015.85,'2015-08-30 21:04:34','2015-08-30 21:04:34'),
	(465,498,2742,'66/832','89/938','2015-07-28 00:00:00','2015-08-03 21:04:34',736.7,1759.68,1412.99,1022.41,'2015-08-30 21:04:34','2015-08-30 21:04:34'),
	(466,207,781,'36/342','77/858','2015-04-29 00:00:00','2015-05-05 21:04:34',739.47,1632.19,2027.22,2134.18,'2015-08-30 21:04:34','2015-08-30 21:04:34'),
	(467,91,700,'78/419','06/784','2015-01-13 00:00:00','2015-01-15 21:04:34',1912.6,1406.15,93.67,563.47,'2015-08-30 21:04:34','2015-08-30 21:04:34'),
	(468,304,1406,'63/614','42/679','2014-09-20 00:00:00','2014-09-22 21:04:34',1855.57,2486.74,2275.8,2020.6,'2015-08-30 21:04:34','2015-08-30 21:04:34'),
	(469,451,3039,'35/999','97/994','2014-09-27 00:00:00','2014-10-04 21:04:34',1634.72,2130.94,1958.63,2253.77,'2015-08-30 21:04:34','2015-08-30 21:04:34'),
	(470,464,3041,'92/691','93/873','2014-11-07 00:00:00','2014-11-08 21:04:34',24.91,2008.25,2431.25,1532.03,'2015-08-30 21:04:34','2015-08-30 21:04:34'),
	(471,9,88,'65/453','08/231','2015-03-01 00:00:00','2015-03-09 21:04:34',1782.54,2024.79,2490,99.75,'2015-08-30 21:04:34','2015-08-30 21:04:34'),
	(472,298,3057,'77/040','01/477','2015-03-27 00:00:00','2015-03-27 21:04:34',1954.15,646.4,1658.99,2475.76,'2015-08-30 21:04:34','2015-08-30 21:04:34'),
	(473,286,230,'20/104','58/140','2015-08-04 00:00:00','2015-08-10 21:04:34',2235.1,586.36,1885.67,370.26,'2015-08-30 21:04:34','2015-08-30 21:04:34'),
	(474,423,1935,'34/377','05/909','2015-03-31 00:00:00','2015-04-09 21:04:34',1690.37,1307.33,109.1,568.7,'2015-08-30 21:04:34','2015-08-30 21:04:34'),
	(475,557,2404,'71/442','77/239','2015-02-13 00:00:00','2015-02-13 21:04:34',2017.08,482.87,495.15,1084.52,'2015-08-30 21:04:34','2015-08-30 21:04:34'),
	(476,578,2498,'00/804','47/167','2015-07-06 00:00:00','2015-07-06 21:04:34',1605.26,1499.14,2067.16,241.76,'2015-08-30 21:04:34','2015-08-30 21:04:34'),
	(477,343,1746,'84/325','44/586','2015-05-04 00:00:00','2015-05-12 21:04:34',1194.05,1770.74,893.12,1264.05,'2015-08-30 21:04:34','2015-08-30 21:04:34'),
	(478,467,1332,'72/563','14/332','2014-12-29 00:00:00','2014-12-30 21:04:34',867.95,1339.22,610.22,469.24,'2015-08-30 21:04:34','2015-08-30 21:04:34'),
	(479,270,2250,'40/451','96/807','2015-07-03 00:00:00','2015-07-03 21:04:34',2206.45,1765.2,1869.7,1069.94,'2015-08-30 21:04:34','2015-08-30 21:04:34'),
	(480,188,473,'32/590','02/002','2015-04-25 00:00:00','2015-05-01 21:04:34',1164.86,2210.93,969.26,1458.93,'2015-08-30 21:04:34','2015-08-30 21:04:34'),
	(481,66,2342,'45/154','67/971','2015-01-05 00:00:00','2015-01-06 21:04:34',375.73,446.97,688.15,784.47,'2015-08-30 21:04:34','2015-08-30 21:04:34'),
	(482,68,720,'30/988','83/740','2015-08-25 00:00:00','2015-08-31 21:04:34',2113.49,1944.11,650.81,1977.67,'2015-08-30 21:04:34','2015-08-30 21:04:34'),
	(483,313,1978,'85/009','13/868','2015-07-17 00:00:00','2015-07-24 21:04:34',724.22,1412.03,1174.44,1020.77,'2015-08-30 21:04:34','2015-08-30 21:04:34'),
	(484,558,2275,'78/110','38/861','2015-01-29 00:00:00','2015-02-06 21:04:34',1431.98,540.59,1964.77,101.95,'2015-08-30 21:04:34','2015-08-30 21:04:34'),
	(485,266,1846,'05/429','28/025','2014-12-24 00:00:00','2014-12-26 21:04:34',1985.22,1355.88,593.78,1672.07,'2015-08-30 21:04:34','2015-08-30 21:04:34'),
	(486,437,2481,'36/801','91/258','2014-09-25 00:00:00','2014-10-02 21:04:34',1521.69,1659.12,1472.65,1175.66,'2015-08-30 21:04:34','2015-08-30 21:04:34'),
	(487,529,1524,'12/528','23/729','2015-02-23 00:00:00','2015-02-26 21:04:34',309.27,469.39,272.16,1021.39,'2015-08-30 21:04:34','2015-08-30 21:04:34'),
	(488,40,2894,'73/392','55/469','2015-03-13 00:00:00','2015-03-21 21:04:34',212.08,200.52,2328.93,1483.86,'2015-08-30 21:04:34','2015-08-30 21:04:34'),
	(489,420,3207,'81/500','69/647','2015-03-08 00:00:00','2015-03-13 21:04:34',1818.29,626.98,2362.62,670.36,'2015-08-30 21:04:34','2015-08-30 21:04:34'),
	(490,351,850,'89/746','68/655','2015-07-16 00:00:00','2015-07-16 21:04:34',1839.84,1803.66,417.09,1373.61,'2015-08-30 21:04:34','2015-08-30 21:04:34'),
	(491,19,64,'62/014','88/835','2014-09-14 00:00:00','2014-09-17 21:04:34',2333.12,1029.67,164.2,1656.33,'2015-08-30 21:04:34','2015-08-30 21:04:34'),
	(492,393,1109,'36/907','44/352','2015-07-10 00:00:00','2015-07-16 21:04:34',279.29,1263.06,1467.05,462.23,'2015-08-30 21:04:34','2015-08-30 21:04:34'),
	(493,507,3362,'17/458','96/834','2014-11-06 00:00:00','2014-11-10 21:04:34',924.94,563.64,512.84,1502.86,'2015-08-30 21:04:34','2015-08-30 21:04:34'),
	(494,416,1688,'73/967','17/102','2014-12-23 00:00:00','2014-12-25 21:04:34',191.26,651.42,2027.77,994.48,'2015-08-30 21:04:34','2015-08-30 21:04:34'),
	(495,274,939,'68/419','80/522','2015-06-06 00:00:00','2015-06-14 21:04:34',2390.12,2360.88,695.89,2381.49,'2015-08-30 21:04:34','2015-08-30 21:04:34'),
	(496,395,1603,'73/254','99/708','2014-09-20 00:00:00','2014-09-25 21:04:34',2148.97,1346.49,2370.07,1906.45,'2015-08-30 21:04:34','2015-08-30 21:04:34'),
	(497,69,1934,'97/607','07/902','2015-04-04 00:00:00','2015-04-07 21:04:34',289.95,1842.28,583.21,2143.58,'2015-08-30 21:04:34','2015-08-30 21:04:34'),
	(498,113,1166,'19/367','74/849','2014-11-26 00:00:00','2014-11-28 21:04:34',1678.61,2381.04,1837,2276.83,'2015-08-30 21:04:34','2015-08-30 21:04:34'),
	(499,287,2257,'76/109','27/357','2014-09-14 00:00:00','2014-09-23 21:04:34',2452.18,647.01,1286.94,566.82,'2015-08-30 21:04:34','2015-08-30 21:04:34'),
	(500,122,2343,'60/155','47/386','2014-11-25 00:00:00','2014-11-30 21:04:34',1668.3,1696.19,2362.2,515.65,'2015-08-30 21:04:34','2015-08-30 21:04:34');

/*!40000 ALTER TABLE `vessel_schedule` ENABLE KEYS */;
UNLOCK TABLES;


# Dump of table vessels
# ------------------------------------------------------------

DROP TABLE IF EXISTS `vessels`;

CREATE TABLE `vessels` (
  `id` int(10) unsigned NOT NULL AUTO_INCREMENT,
  `name` varchar(255) COLLATE utf8_unicode_ci NOT NULL,
  `created_at` timestamp NOT NULL DEFAULT '0000-00-00 00:00:00',
  `updated_at` timestamp NOT NULL DEFAULT '0000-00-00 00:00:00',
  PRIMARY KEY (`id`)
) ENGINE=InnoDB AUTO_INCREMENT=581 DEFAULT CHARSET=utf8 COLLATE=utf8_unicode_ci;

LOCK TABLES `vessels` WRITE;
/*!40000 ALTER TABLE `vessels` DISABLE KEYS */;

INSERT INTO `vessels` (`id`, `name`, `created_at`, `updated_at`)
VALUES
	(1,'CARAKA JN322','2015-08-30 21:04:26','2015-08-30 21:04:26'),
	(2,'BUILDER III','2015-08-30 21:04:26','2015-08-30 21:04:26'),
	(3,'SHOON LEE HUAT','2015-08-30 21:04:26','2015-08-30 21:04:26'),
	(4,'TUNG LIAN','2015-08-30 21:04:26','2015-08-30 21:04:26'),
	(5,'KAHING TIGA','2015-08-30 21:04:26','2015-08-30 21:04:26'),
	(6,'GIHOCK','2015-08-30 21:04:26','2015-08-30 21:04:26'),
	(7,'SELATAN MEGAH','2015-08-30 21:04:26','2015-08-30 21:04:26'),
	(8,'SENG HONG SOON','2015-08-30 21:04:26','2015-08-30 21:04:26'),
	(9,'SALAM MURNI','2015-08-30 21:04:26','2015-08-30 21:04:26'),
	(10,'LCT LIMBANG BINTANG','2015-08-30 21:04:26','2015-08-30 21:04:26'),
	(11,'JOHAN JADE','2015-08-30 21:04:26','2015-08-30 21:04:26'),
	(12,'TIGER SPRING','2015-08-30 21:04:26','2015-08-30 21:04:26'),
	(13,'JUNG SOON','2015-08-30 21:04:26','2015-08-30 21:04:26'),
	(14,'THAI LINE','2015-08-30 21:04:26','2015-08-30 21:04:26'),
	(15,'PONTIANAK CJN334','2015-08-30 21:04:26','2015-08-30 21:04:26'),
	(16,'KONG HIN II','2015-08-30 21:04:26','2015-08-30 21:04:26'),
	(17,'JENWIN II','2015-08-30 21:04:26','2015-08-30 21:04:26'),
	(18,'MERCURY RUBY','2015-08-30 21:04:26','2015-08-30 21:04:26'),
	(19,'JENWIN III','2015-08-30 21:04:26','2015-08-30 21:04:26'),
	(20,'LAWAS VENTURE','2015-08-30 21:04:26','2015-08-30 21:04:26'),
	(21,'NEW  PRIME LINE','2015-08-30 21:04:26','2015-08-30 21:04:26'),
	(22,'SOON YU','2015-08-30 21:04:26','2015-08-30 21:04:26'),
	(23,'KOTA BUANA','2015-08-30 21:04:26','2015-08-30 21:04:26'),
	(24,'S.MEGAH','2015-08-30 21:04:26','2015-08-30 21:04:26'),
	(25,'SING LEE II','2015-08-30 21:04:26','2015-08-30 21:04:26'),
	(26,'LADEN II','2015-08-30 21:04:26','2015-08-30 21:04:26'),
	(27,'JOHAN II','2015-08-30 21:04:26','2015-08-30 21:04:26'),
	(28,'GILIAN','2015-08-30 21:04:26','2015-08-30 21:04:26'),
	(29,'B. CEMPAKA II','2015-08-30 21:04:26','2015-08-30 21:04:26'),
	(30,'S LONGSATU','2015-08-30 21:04:26','2015-08-30 21:04:26'),
	(31,'SALAM MAKMUR','2015-08-30 21:04:26','2015-08-30 21:04:26'),
	(32,'KOTA MULIA','2015-08-30 21:04:26','2015-08-30 21:04:26'),
	(33,'KONG HIN II','2015-08-30 21:04:26','2015-08-30 21:04:26'),
	(34,'BUNGA MAS 12','2015-08-30 21:04:26','2015-08-30 21:04:26'),
	(35,'KIM LUN II','2015-08-30 21:04:26','2015-08-30 21:04:26'),
	(36,'SAH LIAN','2015-08-30 21:04:26','2015-08-30 21:04:26'),
	(37,'SOON HIN','2015-08-30 21:04:26','2015-08-30 21:04:26'),
	(38,'B.MAS TUJUH','2015-08-30 21:04:26','2015-08-30 21:04:26'),
	(39,'BUNGA MAS ENAM','2015-08-30 21:04:26','2015-08-30 21:04:26'),
	(40,'THAI HO NO 1','2015-08-30 21:04:26','2015-08-30 21:04:26'),
	(41,'MMM LOIRE','2015-08-30 21:04:26','2015-08-30 21:04:26'),
	(42,'BERMUDA I','2015-08-30 21:04:26','2015-08-30 21:04:26'),
	(43,'GEDUNG JAYA','2015-08-30 21:04:26','2015-08-30 21:04:26'),
	(44,'GREAT TRADER','2015-08-30 21:04:26','2015-08-30 21:04:26'),
	(45,'SIN MATU 21','2015-08-30 21:04:26','2015-08-30 21:04:26'),
	(46,'STRAITS EXPRESS','2015-08-30 21:04:26','2015-08-30 21:04:26'),
	(47,'SHINLINE 1','2015-08-30 21:04:26','2015-08-30 21:04:26'),
	(48,'KONG HIN NO 2','2015-08-30 21:04:26','2015-08-30 21:04:26'),
	(49,'SENARI JAYA','2015-08-30 21:04:26','2015-08-30 21:04:26'),
	(50,'YENG SENG','2015-08-30 21:04:26','2015-08-30 21:04:26'),
	(51,'POWER JET','2015-08-30 21:04:26','2015-08-30 21:04:26'),
	(52,'LEPIS','2015-08-30 21:04:26','2015-08-30 21:04:26'),
	(53,'STRAITS VENTURE','2015-08-30 21:04:26','2015-08-30 21:04:26'),
	(54,'YONG HUA','2015-08-30 21:04:26','2015-08-30 21:04:26'),
	(55,'HUNG LEE IV','2015-08-30 21:04:26','2015-08-30 21:04:26'),
	(56,'KAHING DUA','2015-08-30 21:04:26','2015-08-30 21:04:26'),
	(57,'MMM PARANA','2015-08-30 21:04:26','2015-08-30 21:04:26'),
	(58,'TB SIN MATU 5','2015-08-30 21:04:26','2015-08-30 21:04:26'),
	(59,'SEA BRIGHT','2015-08-30 21:04:26','2015-08-30 21:04:26'),
	(60,'KOTA MUTIARA','2015-08-30 21:04:26','2015-08-30 21:04:26'),
	(61,'JOHAN III','2015-08-30 21:04:26','2015-08-30 21:04:26'),
	(62,'PROCEEDER','2015-08-30 21:04:26','2015-08-30 21:04:26'),
	(63,'PETANI SHAMAL','2015-08-30 21:04:26','2015-08-30 21:04:26'),
	(64,'JASA AMAN','2015-08-30 21:04:26','2015-08-30 21:04:26'),
	(65,'PARTNER','2015-08-30 21:04:26','2015-08-30 21:04:26'),
	(66,'APOLLO TUJUH','2015-08-30 21:04:26','2015-08-30 21:04:26'),
	(67,'TINA','2015-08-30 21:04:26','2015-08-30 21:04:26'),
	(68,'CELTIC DOLPHIN','2015-08-30 21:04:26','2015-08-30 21:04:26'),
	(69,'THAI LUNG','2015-08-30 21:04:26','2015-08-30 21:04:26'),
	(70,'SOUTHERN ODYSSEY','2015-08-30 21:04:26','2015-08-30 21:04:26'),
	(71,'DELTIC DOLPHIN','2015-08-30 21:04:26','2015-08-30 21:04:26'),
	(72,'MALIAN JAYA 2','2015-08-30 21:04:26','2015-08-30 21:04:26'),
	(73,'TRANS EXPRESS','2015-08-30 21:04:26','2015-08-30 21:04:26'),
	(74,'BUNGA MAS TUJUH','2015-08-30 21:04:26','2015-08-30 21:04:26'),
	(75,'CEC BLUE','2015-08-30 21:04:26','2015-08-30 21:04:26'),
	(76,'JATIANOM PB','2015-08-30 21:04:26','2015-08-30 21:04:26'),
	(77,'HO TAY NO1','2015-08-30 21:04:26','2015-08-30 21:04:26'),
	(78,'SWEE LONG SATU','2015-08-30 21:04:26','2015-08-30 21:04:26'),
	(79,'PERSEUS','2015-08-30 21:04:26','2015-08-30 21:04:26'),
	(80,'BALTIMAR SIRIUS','2015-08-30 21:04:26','2015-08-30 21:04:26'),
	(81,'LCT JIN LUCK SATU','2015-08-30 21:04:26','2015-08-30 21:04:26'),
	(82,'SALAM PANJANG','2015-08-30 21:04:26','2015-08-30 21:04:26'),
	(83,'MULIA ABADI','2015-08-30 21:04:26','2015-08-30 21:04:26'),
	(84,'SUTRA','2015-08-30 21:04:26','2015-08-30 21:04:26'),
	(85,'CEC DAWN','2015-08-30 21:04:26','2015-08-30 21:04:26'),
	(86,'PERMAI 3','2015-08-30 21:04:26','2015-08-30 21:04:26'),
	(87,'WOODY ACE','2015-08-30 21:04:26','2015-08-30 21:04:26'),
	(88,'HATI BAIK','2015-08-30 21:04:26','2015-08-30 21:04:26'),
	(89,'ALICA','2015-08-30 21:04:26','2015-08-30 21:04:26'),
	(90,'BG SIN MATU21','2015-08-30 21:04:26','2015-08-30 21:04:26'),
	(91,'MIDVEST ANGELA','2015-08-30 21:04:26','2015-08-30 21:04:26'),
	(92,'PERINCESS SEIKO','2015-08-30 21:04:26','2015-08-30 21:04:26'),
	(93,'APOLLO DUA','2015-08-30 21:04:26','2015-08-30 21:04:26'),
	(94,'HEURISTIC DOLPHIN','2015-08-30 21:04:26','2015-08-30 21:04:26'),
	(95,'KARU','2015-08-30 21:04:26','2015-08-30 21:04:26'),
	(96,'TEKNIK SAMUDRA','2015-08-30 21:04:26','2015-08-30 21:04:26'),
	(97,'TEKNIK KEMBARA','2015-08-30 21:04:26','2015-08-30 21:04:26'),
	(98,'SOON HIN NO 2','2015-08-30 21:04:26','2015-08-30 21:04:26'),
	(99,'ARMADA SALMAN','2015-08-30 21:04:26','2015-08-30 21:04:26'),
	(100,'TUG SAFARI','2015-08-30 21:04:26','2015-08-30 21:04:26'),
	(101,'SANG THAI QUARTZ','2015-08-30 21:04:26','2015-08-30 21:04:26'),
	(102,'GEO EASTERN','2015-08-30 21:04:26','2015-08-30 21:04:26'),
	(103,'BINH TAN','2015-08-30 21:04:26','2015-08-30 21:04:26'),
	(104,'ALPHA MARINE','2015-08-30 21:04:26','2015-08-30 21:04:26'),
	(105,'ARTIC DOLPHIN','2015-08-30 21:04:26','2015-08-30 21:04:26'),
	(106,'OIL CLARION','2015-08-30 21:04:26','2015-08-30 21:04:26'),
	(107,'ALLIED COMMANDER','2015-08-30 21:04:26','2015-08-30 21:04:26'),
	(108,'ROYAL LIMBANG','2015-08-30 21:04:26','2015-08-30 21:04:26'),
	(109,'ARMADA TUAH 21','2015-08-30 21:04:26','2015-08-30 21:04:26'),
	(110,'WOODY HEART','2015-08-30 21:04:26','2015-08-30 21:04:26'),
	(111,'J.SHINE','2015-08-30 21:04:26','2015-08-30 21:04:26'),
	(112,'ARMADA GOODMAN','2015-08-30 21:04:26','2015-08-30 21:04:26'),
	(113,'PANDURATA','2015-08-30 21:04:26','2015-08-30 21:04:26'),
	(114,'LIMBANG BINTANG','2015-08-30 21:04:27','2015-08-30 21:04:27'),
	(115,'PULAU WEH','2015-08-30 21:04:27','2015-08-30 21:04:27'),
	(116,'APOLLO DELAPAN','2015-08-30 21:04:27','2015-08-30 21:04:27'),
	(117,'KISSIONG NO. 1','2015-08-30 21:04:27','2015-08-30 21:04:27'),
	(118,'PRIMA SAMUDRA','2015-08-30 21:04:27','2015-08-30 21:04:27'),
	(119,'KALTIM MEKAR','2015-08-30 21:04:27','2015-08-30 21:04:27'),
	(120,'SETIA DAMAI','2015-08-30 21:04:27','2015-08-30 21:04:27'),
	(121,'ALLIED CENTURION','2015-08-30 21:04:27','2015-08-30 21:04:27'),
	(122,'DANUM 9','2015-08-30 21:04:27','2015-08-30 21:04:27'),
	(123,'DAYANG PERTAMA','2015-08-30 21:04:27','2015-08-30 21:04:27'),
	(124,'BINTANG SERIA','2015-08-30 21:04:27','2015-08-30 21:04:27'),
	(125,'OCEAN BIRD','2015-08-30 21:04:27','2015-08-30 21:04:27'),
	(126,'SEABULK TAKZIM','2015-08-30 21:04:27','2015-08-30 21:04:27'),
	(127,'JINLUCK SATU','2015-08-30 21:04:27','2015-08-30 21:04:27'),
	(128,'ISRO MOTORS S/B','2015-08-30 21:04:27','2015-08-30 21:04:27'),
	(129,'WOODY QUEEN','2015-08-30 21:04:27','2015-08-30 21:04:27'),
	(130,'SITI HALIMAH','2015-08-30 21:04:27','2015-08-30 21:04:27'),
	(131,'APOLLO LIMA','2015-08-30 21:04:27','2015-08-30 21:04:27'),
	(132,'KHANH HOI 7','2015-08-30 21:04:27','2015-08-30 21:04:27'),
	(133,'JOHAN BRIGHT','2015-08-30 21:04:27','2015-08-30 21:04:27'),
	(134,'KWONG HIN','2015-08-30 21:04:27','2015-08-30 21:04:27'),
	(135,'SRI WONG','2015-08-30 21:04:27','2015-08-30 21:04:27'),
	(136,'APOLLO SARI','2015-08-30 21:04:27','2015-08-30 21:04:27'),
	(137,'FANTASTIC DOLPHIN','2015-08-30 21:04:27','2015-08-30 21:04:27'),
	(138,'FORTUNE TRADER','2015-08-30 21:04:27','2015-08-30 21:04:27'),
	(139,'WOODY KING','2015-08-30 21:04:27','2015-08-30 21:04:27'),
	(140,'BUNGA MAS 10','2015-08-30 21:04:27','2015-08-30 21:04:27'),
	(141,'SURI WONGSE','2015-08-30 21:04:27','2015-08-30 21:04:27'),
	(142,'MEKONG 04','2015-08-30 21:04:27','2015-08-30 21:04:27'),
	(143,'PRINCESS MARY','2015-08-30 21:04:27','2015-08-30 21:04:27'),
	(144,'JACARANDA ACE','2015-08-30 21:04:27','2015-08-30 21:04:27'),
	(145,'STAR TIDE NO 1','2015-08-30 21:04:27','2015-08-30 21:04:27'),
	(146,'JUNG SAN','2015-08-30 21:04:27','2015-08-30 21:04:27'),
	(147,'MALAYAN PROGRESS','2015-08-30 21:04:27','2015-08-30 21:04:27'),
	(148,'WALEA','2015-08-30 21:04:27','2015-08-30 21:04:27'),
	(149,'PELITA LUNA','2015-08-30 21:04:27','2015-08-30 21:04:27'),
	(150,'PALEMBANG CJN337','2015-08-30 21:04:27','2015-08-30 21:04:27'),
	(151,'MALAYAN EXPRESS','2015-08-30 21:04:27','2015-08-30 21:04:27'),
	(152,'MELANA 6','2015-08-30 21:04:27','2015-08-30 21:04:27'),
	(153,'KOTA BINTANG','2015-08-30 21:04:27','2015-08-30 21:04:27'),
	(154,'OCEANIA QUEEN','2015-08-30 21:04:27','2015-08-30 21:04:27'),
	(155,'HADUCO 01','2015-08-30 21:04:27','2015-08-30 21:04:27'),
	(156,'LINAU 51','2015-08-30 21:04:27','2015-08-30 21:04:27'),
	(157,'LEWEK HERON','2015-08-30 21:04:27','2015-08-30 21:04:27'),
	(158,'HUNG SING','2015-08-30 21:04:27','2015-08-30 21:04:27'),
	(159,'APOLLO LYNUX','2015-08-30 21:04:27','2015-08-30 21:04:27'),
	(160,'AN GIANG 07','2015-08-30 21:04:27','2015-08-30 21:04:27'),
	(161,'PHUONG MAI 7','2015-08-30 21:04:27','2015-08-30 21:04:27'),
	(162,'MILLENNIUM','2015-08-30 21:04:27','2015-08-30 21:04:27'),
	(163,'JUTAWAN','2015-08-30 21:04:27','2015-08-30 21:04:27'),
	(164,'MT.CHINA VENTURE','2015-08-30 21:04:27','2015-08-30 21:04:27'),
	(165,'SEA SAPPHIRE','2015-08-30 21:04:27','2015-08-30 21:04:27'),
	(166,'NADIA ADIB','2015-08-30 21:04:27','2015-08-30 21:04:27'),
	(167,'QUANG MINH','2015-08-30 21:04:27','2015-08-30 21:04:27'),
	(168,'G.H PIONEER','2015-08-30 21:04:27','2015-08-30 21:04:27'),
	(169,'PACIFIC NAVIGATOR','2015-08-30 21:04:27','2015-08-30 21:04:27'),
	(170,'TEAM SIAM','2015-08-30 21:04:27','2015-08-30 21:04:27'),
	(171,'J.EMERALD','2015-08-30 21:04:27','2015-08-30 21:04:27'),
	(172,'KOTA TEGUH','2015-08-30 21:04:27','2015-08-30 21:04:27'),
	(173,'YENG SENG 1','2015-08-30 21:04:27','2015-08-30 21:04:27'),
	(174,'GLORY SUMMIT','2015-08-30 21:04:27','2015-08-30 21:04:27'),
	(175,'PELICAN','2015-08-30 21:04:27','2015-08-30 21:04:27'),
	(176,'APOLLO BENI','2015-08-30 21:04:27','2015-08-30 21:04:27'),
	(177,'JENWIN II','2015-08-30 21:04:27','2015-08-30 21:04:27'),
	(178,'M.V.KAHING TIGA','2015-08-30 21:04:27','2015-08-30 21:04:27'),
	(179,'PENGUIN 33','2015-08-30 21:04:27','2015-08-30 21:04:27'),
	(180,'PANSY','2015-08-30 21:04:27','2015-08-30 21:04:27'),
	(181,'HUNG HAU 1','2015-08-30 21:04:27','2015-08-30 21:04:27'),
	(182,'EMERALD','2015-08-30 21:04:27','2015-08-30 21:04:27'),
	(183,'BBC ARGENTINA','2015-08-30 21:04:27','2015-08-30 21:04:27'),
	(184,'CREST NAUTIKA','2015-08-30 21:04:27','2015-08-30 21:04:27'),
	(185,'HAN SPLENDOR','2015-08-30 21:04:27','2015-08-30 21:04:27'),
	(186,'MIDWEST ANGLE II','2015-08-30 21:04:27','2015-08-30 21:04:27'),
	(187,'TOISA LEOPARD','2015-08-30 21:04:27','2015-08-30 21:04:27'),
	(188,'TOISA LEOPARD','2015-08-30 21:04:27','2015-08-30 21:04:27'),
	(189,'YONG HUA 2','2015-08-30 21:04:27','2015-08-30 21:04:27'),
	(190,'ANNETTE','2015-08-30 21:04:27','2015-08-30 21:04:27'),
	(191,'STRAITS EXPRESS','2015-08-30 21:04:27','2015-08-30 21:04:27'),
	(192,'SEA EAGLE 1','2015-08-30 21:04:27','2015-08-30 21:04:27'),
	(193,'MIDWEST ANGELA II','2015-08-30 21:04:27','2015-08-30 21:04:27'),
	(194,'MALAYAN EMPRESS','2015-08-30 21:04:27','2015-08-30 21:04:27'),
	(195,'KM LINTAS SAMUDRA NUSANTARA','2015-08-30 21:04:27','2015-08-30 21:04:27'),
	(196,'TRANS MARINE LOGISTIC','2015-08-30 21:04:27','2015-08-30 21:04:27'),
	(197,'APOLLO MIYO','2015-08-30 21:04:27','2015-08-30 21:04:27'),
	(198,'IHG LOGISTICS (M) SDN BHD.','2015-08-30 21:04:27','2015-08-30 21:04:27'),
	(199,'ACEH MAJU','2015-08-30 21:04:27','2015-08-30 21:04:27'),
	(200,'SITI KADIJA','2015-08-30 21:04:27','2015-08-30 21:04:27'),
	(201,'ZARA','2015-08-30 21:04:27','2015-08-30 21:04:27'),
	(202,'GUNUNG DAMAI 2','2015-08-30 21:04:27','2015-08-30 21:04:27'),
	(203,'JAVA CHALLENGER','2015-08-30 21:04:27','2015-08-30 21:04:27'),
	(204,'BINTANG BELAIT','2015-08-30 21:04:27','2015-08-30 21:04:27'),
	(205,'YONG TAT','2015-08-30 21:04:27','2015-08-30 21:04:27'),
	(206,'JATIPURA','2015-08-30 21:04:27','2015-08-30 21:04:27'),
	(207,'ZHEN HUA 69','2015-08-30 21:04:27','2015-08-30 21:04:27'),
	(208,'SHUN EI I','2015-08-30 21:04:27','2015-08-30 21:04:27'),
	(209,'KOTA TABAH','2015-08-30 21:04:27','2015-08-30 21:04:27'),
	(210,'CIREBON CJNIII','2015-08-30 21:04:27','2015-08-30 21:04:27'),
	(211,'BUILDER SUCCESS','2015-08-30 21:04:27','2015-08-30 21:04:27'),
	(212,'CHINA VENTURE','2015-08-30 21:04:27','2015-08-30 21:04:27'),
	(213,'LUCKY PIONEER','2015-08-30 21:04:27','2015-08-30 21:04:27'),
	(214,'TEGAR','2015-08-30 21:04:27','2015-08-30 21:04:27'),
	(215,'CIREBON CJNIII-36','2015-08-30 21:04:27','2015-08-30 21:04:27'),
	(216,'TAI CHINH II','2015-08-30 21:04:27','2015-08-30 21:04:27'),
	(217,'PAULA','2015-08-30 21:04:27','2015-08-30 21:04:27'),
	(218,'OCEAN ANGELA','2015-08-30 21:04:27','2015-08-30 21:04:27'),
	(219,'JUN 3','2015-08-30 21:04:27','2015-08-30 21:04:27'),
	(220,'AYUMAS SAMUDERA','2015-08-30 21:04:27','2015-08-30 21:04:27'),
	(221,'ALASCA ACE','2015-08-30 21:04:27','2015-08-30 21:04:27'),
	(222,'PROCEEDER','2015-08-30 21:04:27','2015-08-30 21:04:27'),
	(223,'EVER SPRING','2015-08-30 21:04:27','2015-08-30 21:04:27'),
	(224,'XING HUI 6','2015-08-30 21:04:27','2015-08-30 21:04:27'),
	(225,'PANJANG CJNIII41','2015-08-30 21:04:27','2015-08-30 21:04:27'),
	(226,'BELUGA EMOTION','2015-08-30 21:04:27','2015-08-30 21:04:27'),
	(227,'LINAU 15','2015-08-30 21:04:27','2015-08-30 21:04:27'),
	(228,'STRAITS VENTURE 4','2015-08-30 21:04:27','2015-08-30 21:04:27'),
	(229,'LINAU 16','2015-08-30 21:04:27','2015-08-30 21:04:27'),
	(230,'LONG MON 01','2015-08-30 21:04:27','2015-08-30 21:04:27'),
	(231,'SUMBER CARRIER','2015-08-30 21:04:27','2015-08-30 21:04:27'),
	(232,'CRYSTAL HEART','2015-08-30 21:04:27','2015-08-30 21:04:27'),
	(233,'JIN HWA 21','2015-08-30 21:04:27','2015-08-30 21:04:27'),
	(234,'OFFSHORE DISCOVERY','2015-08-30 21:04:27','2015-08-30 21:04:27'),
	(235,'JERUDONG JAYA','2015-08-30 21:04:27','2015-08-30 21:04:27'),
	(236,'DAISY','2015-08-30 21:04:27','2015-08-30 21:04:27'),
	(237,'TANGGUH','2015-08-30 21:04:27','2015-08-30 21:04:27'),
	(238,'JOHAN EMERALD','2015-08-30 21:04:27','2015-08-30 21:04:27'),
	(239,'APOLLO ACE','2015-08-30 21:04:27','2015-08-30 21:04:27'),
	(240,'NORMED BREMEN','2015-08-30 21:04:27','2015-08-30 21:04:27'),
	(241,'B.EVER MILLION','2015-08-30 21:04:27','2015-08-30 21:04:27'),
	(242,'BUDGET 21','2015-08-30 21:04:27','2015-08-30 21:04:27'),
	(243,'EVER CARRIER','2015-08-30 21:04:27','2015-08-30 21:04:27'),
	(244,'ATLANT TRINA','2015-08-30 21:04:27','2015-08-30 21:04:27'),
	(245,'KABANJAHE','2015-08-30 21:04:27','2015-08-30 21:04:27'),
	(246,'APOLLO RIKUYO','2015-08-30 21:04:27','2015-08-30 21:04:27'),
	(247,'KOTA DAYA','2015-08-30 21:04:27','2015-08-30 21:04:27'),
	(248,'HO TAY 8','2015-08-30 21:04:27','2015-08-30 21:04:27'),
	(249,'PACIFIC INDAH','2015-08-30 21:04:27','2015-08-30 21:04:27'),
	(250,'TB. SUPER TOP 1','2015-08-30 21:04:27','2015-08-30 21:04:27'),
	(251,'PRINCESS SEIKO','2015-08-30 21:04:27','2015-08-30 21:04:27'),
	(252,'SWISSCO SUCCESS','2015-08-30 21:04:27','2015-08-30 21:04:27'),
	(253,'FAJAR MAS','2015-08-30 21:04:27','2015-08-30 21:04:27'),
	(254,'EASTERN ACE','2015-08-30 21:04:27','2015-08-30 21:04:27'),
	(255,'THIEN TOAN','2015-08-30 21:04:27','2015-08-30 21:04:27'),
	(256,'BINTANG MAS 10','2015-08-30 21:04:27','2015-08-30 21:04:27'),
	(257,'BG. SOLID II','2015-08-30 21:04:27','2015-08-30 21:04:27'),
	(258,'BRASTAGI I','2015-08-30 21:04:27','2015-08-30 21:04:27'),
	(259,'JUARA TOWING','2015-08-30 21:04:27','2015-08-30 21:04:27'),
	(260,'PLINE 1','2015-08-30 21:04:27','2015-08-30 21:04:27'),
	(261,'POLY 7','2015-08-30 21:04:27','2015-08-30 21:04:27'),
	(262,'GIN STAR','2015-08-30 21:04:27','2015-08-30 21:04:27'),
	(263,'KARIANGAU EXPRESS','2015-08-30 21:04:27','2015-08-30 21:04:27'),
	(264,'THOR SPRING','2015-08-30 21:04:27','2015-08-30 21:04:27'),
	(265,'BONIA STAR 21','2015-08-30 21:04:27','2015-08-30 21:04:27'),
	(266,'HING SON','2015-08-30 21:04:27','2015-08-30 21:04:27'),
	(267,'ARWANA SALVAGE','2015-08-30 21:04:27','2015-08-30 21:04:27'),
	(268,'PDZ MAJU','2015-08-30 21:04:27','2015-08-30 21:04:27'),
	(269,'SIANIRI','2015-08-30 21:04:27','2015-08-30 21:04:27'),
	(270,'OCEAN GALAXY','2015-08-30 21:04:27','2015-08-30 21:04:27'),
	(271,'BISTARI','2015-08-30 21:04:27','2015-08-30 21:04:27'),
	(272,'BUNGA MAS 2','2015-08-30 21:04:27','2015-08-30 21:04:27'),
	(273,'KATINGAN EXPRESS','2015-08-30 21:04:27','2015-08-30 21:04:27'),
	(274,'KARIANGAU EXPRESS','2015-08-30 21:04:27','2015-08-30 21:04:27'),
	(275,'SOUTHERN STAR','2015-08-30 21:04:27','2015-08-30 21:04:27'),
	(276,'SAIL 16','2015-08-30 21:04:27','2015-08-30 21:04:27'),
	(277,'SINWAN','2015-08-30 21:04:27','2015-08-30 21:04:27'),
	(278,'ISLAND EXPRESS','2015-08-30 21:04:27','2015-08-30 21:04:27'),
	(279,'SABAH LIGHT II','2015-08-30 21:04:27','2015-08-30 21:04:27'),
	(280,'EVER GORGEOUS','2015-08-30 21:04:27','2015-08-30 21:04:27'),
	(281,'PETRA PIONEER','2015-08-30 21:04:27','2015-08-30 21:04:27'),
	(282,'BARGE ZARA 3','2015-08-30 21:04:27','2015-08-30 21:04:27'),
	(283,'APOLLO PROGRESS','2015-08-30 21:04:27','2015-08-30 21:04:27'),
	(284,'KOTA TEGUH','2015-08-30 21:04:27','2015-08-30 21:04:27'),
	(285,'SEIYO 18','2015-08-30 21:04:27','2015-08-30 21:04:27'),
	(286,'KOTA DELIMA','2015-08-30 21:04:27','2015-08-30 21:04:27'),
	(287,'KOTA DARJAH','2015-08-30 21:04:27','2015-08-30 21:04:27'),
	(288,'ABASA NO.1','2015-08-30 21:04:27','2015-08-30 21:04:27'),
	(289,'TIGER SPRING','2015-08-30 21:04:27','2015-08-30 21:04:27'),
	(290,'AMARA 1','2015-08-30 21:04:27','2015-08-30 21:04:27'),
	(291,'BROTHER SKY','2015-08-30 21:04:27','2015-08-30 21:04:27'),
	(292,'SELATAN MAKMUR','2015-08-30 21:04:27','2015-08-30 21:04:27'),
	(293,'ORIENTAL PEARL','2015-08-30 21:04:27','2015-08-30 21:04:27'),
	(294,'KOTA TAMPAN','2015-08-30 21:04:27','2015-08-30 21:04:27'),
	(295,'STRAIT LEADER','2015-08-30 21:04:27','2015-08-30 21:04:27'),
	(296,'INDUSTRIAL DREAM','2015-08-30 21:04:27','2015-08-30 21:04:27'),
	(297,'OSAM DAISY 1','2015-08-30 21:04:27','2015-08-30 21:04:27'),
	(298,'HIN LEONG NO 7','2015-08-30 21:04:27','2015-08-30 21:04:27'),
	(299,'MAKASSAR CJN339','2015-08-30 21:04:27','2015-08-30 21:04:27'),
	(300,'RAMPAI PESISIR','2015-08-30 21:04:27','2015-08-30 21:04:27'),
	(301,'PRINCESS ISABELLA','2015-08-30 21:04:27','2015-08-30 21:04:27'),
	(302,'TRAI THIEN 86','2015-08-30 21:04:27','2015-08-30 21:04:27'),
	(303,'LEWEK MARTIN','2015-08-30 21:04:27','2015-08-30 21:04:27'),
	(304,'M/L ARWIL','2015-08-30 21:04:27','2015-08-30 21:04:27'),
	(305,'NEW MOTION','2015-08-30 21:04:27','2015-08-30 21:04:27'),
	(306,'SRI BAHARI','2015-08-30 21:04:27','2015-08-30 21:04:27'),
	(307,'TRANSWORLDMARK 05','2015-08-30 21:04:27','2015-08-30 21:04:27'),
	(308,'BESTVIC','2015-08-30 21:04:27','2015-08-30 21:04:27'),
	(309,'URANUS 7','2015-08-30 21:04:27','2015-08-30 21:04:27'),
	(310,'OPTIMA','2015-08-30 21:04:27','2015-08-30 21:04:27'),
	(311,'KOTA RUKUN','2015-08-30 21:04:27','2015-08-30 21:04:27'),
	(312,'MV KOTA RUKUN','2015-08-30 21:04:27','2015-08-30 21:04:27'),
	(313,'ULTIMA','2015-08-30 21:04:27','2015-08-30 21:04:27'),
	(314,'KOTA RAKAN','2015-08-30 21:04:27','2015-08-30 21:04:27'),
	(315,'SIANG PING 93','2015-08-30 21:04:27','2015-08-30 21:04:27'),
	(316,'LCT SUMBER SEJAHTERA ABADI 2','2015-08-30 21:04:27','2015-08-30 21:04:27'),
	(317,'THIGAYU','2015-08-30 21:04:27','2015-08-30 21:04:27'),
	(318,'APOLLO ASAHI','2015-08-30 21:04:27','2015-08-30 21:04:27'),
	(319,'INTAN','2015-08-30 21:04:27','2015-08-30 21:04:27'),
	(320,'PUTRI ASIA','2015-08-30 21:04:27','2015-08-30 21:04:27'),
	(321,'JOHAN CRYSTAL DUA','2015-08-30 21:04:27','2015-08-30 21:04:27'),
	(322,'MV.SHENG LI','2015-08-30 21:04:27','2015-08-30 21:04:27'),
	(323,'EPONYMA','2015-08-30 21:04:27','2015-08-30 21:04:27'),
	(324,'BENEDICT','2015-08-30 21:04:27','2015-08-30 21:04:27'),
	(325,'BAYCORP KELANG','2015-08-30 21:04:27','2015-08-30 21:04:27'),
	(326,'BARGE MARA JAYA 2','2015-08-30 21:04:27','2015-08-30 21:04:27'),
	(327,'POLY 11','2015-08-30 21:04:27','2015-08-30 21:04:27'),
	(328,'ARIFAH ARYANA','2015-08-30 21:04:27','2015-08-30 21:04:27'),
	(329,'DONG MAI','2015-08-30 21:04:27','2015-08-30 21:04:27'),
	(330,'SUN FLORA','2015-08-30 21:04:27','2015-08-30 21:04:27'),
	(331,'SANG THAI LUMBER','2015-08-30 21:04:27','2015-08-30 21:04:27'),
	(332,'KOTA DAHLIA','2015-08-30 21:04:27','2015-08-30 21:04:27'),
	(333,'SINOPA','2015-08-30 21:04:27','2015-08-30 21:04:27'),
	(334,'NEE DIAK 1','2015-08-30 21:04:27','2015-08-30 21:04:27'),
	(335,'BG SINHIN 6','2015-08-30 21:04:27','2015-08-30 21:04:27'),
	(336,'BG SIN HIN','2015-08-30 21:04:27','2015-08-30 21:04:27'),
	(337,'SINHIN 6','2015-08-30 21:04:27','2015-08-30 21:04:27'),
	(338,'CHRISTINA SCAN','2015-08-30 21:04:27','2015-08-30 21:04:27'),
	(339,'PDZ MEGAH','2015-08-30 21:04:27','2015-08-30 21:04:27'),
	(340,'KOTA DAMAI','2015-08-30 21:04:27','2015-08-30 21:04:27'),
	(341,'HENG LEONG NO 7','2015-08-30 21:04:27','2015-08-30 21:04:27'),
	(342,'KOTA DESA','2015-08-30 21:04:27','2015-08-30 21:04:27'),
	(343,'STRAITS VOYAGER','2015-08-30 21:04:27','2015-08-30 21:04:27'),
	(344,'TB EVER MASTER/EVER BLOOM','2015-08-30 21:04:27','2015-08-30 21:04:27'),
	(345,'BARGE FORDECO 5','2015-08-30 21:04:27','2015-08-30 21:04:27'),
	(346,'SEA DRAGON','2015-08-30 21:04:27','2015-08-30 21:04:27'),
	(347,'LAYAR ANGUN','2015-08-30 21:04:27','2015-08-30 21:04:27'),
	(348,'BARGE JIN HWA 39','2015-08-30 21:04:27','2015-08-30 21:04:27'),
	(349,'BARGE ACHEH MAJU','2015-08-30 21:04:27','2015-08-30 21:04:27'),
	(350,'TAHA DUA','2015-08-30 21:04:27','2015-08-30 21:04:27'),
	(351,'DONG THAP 18','2015-08-30 21:04:27','2015-08-30 21:04:27'),
	(352,'HING LEONG NO 1','2015-08-30 21:04:27','2015-08-30 21:04:27'),
	(353,'TAY DO 06','2015-08-30 21:04:27','2015-08-30 21:04:27'),
	(354,'CONSISTENCE','2015-08-30 21:04:27','2015-08-30 21:04:27'),
	(355,'SEA MIRACLE','2015-08-30 21:04:27','2015-08-30 21:04:27'),
	(356,'NASICO STAR','2015-08-30 21:04:27','2015-08-30 21:04:27'),
	(357,'LCT SUMBER CARRIER II','2015-08-30 21:04:27','2015-08-30 21:04:27'),
	(358,'PACIFIC ENVOY','2015-08-30 21:04:27','2015-08-30 21:04:27'),
	(359,'SALAM MESRA','2015-08-30 21:04:27','2015-08-30 21:04:27'),
	(360,'KING HIN NO.2','2015-08-30 21:04:27','2015-08-30 21:04:27'),
	(361,'HUFA STAR','2015-08-30 21:04:27','2015-08-30 21:04:27'),
	(362,'CARAKA JN332','2015-08-30 21:04:27','2015-08-30 21:04:27'),
	(363,'THANG LONG','2015-08-30 21:04:27','2015-08-30 21:04:27'),
	(364,'EMMA','2015-08-30 21:04:27','2015-08-30 21:04:27'),
	(365,'SETIA EMAS','2015-08-30 21:04:27','2015-08-30 21:04:27'),
	(366,'VEGA TURMALIN','2015-08-30 21:04:27','2015-08-30 21:04:27'),
	(367,'PACIFIC CONDOR','2015-08-30 21:04:27','2015-08-30 21:04:27'),
	(368,'OSNABRUCK','2015-08-30 21:04:27','2015-08-30 21:04:27'),
	(369,'YUSHAN BLOSSOM','2015-08-30 21:04:27','2015-08-30 21:04:27'),
	(370,'BINGO','2015-08-30 21:04:27','2015-08-30 21:04:27'),
	(371,'LOW KIM CHUAN NO.1','2015-08-30 21:04:27','2015-08-30 21:04:27'),
	(372,'KOTA TENAGA','2015-08-30 21:04:27','2015-08-30 21:04:27'),
	(373,'CRYSTAL BAY','2015-08-30 21:04:27','2015-08-30 21:04:27'),
	(374,'YUSHO STELLA','2015-08-30 21:04:27','2015-08-30 21:04:27'),
	(375,'JASMINE ACE','2015-08-30 21:04:27','2015-08-30 21:04:27'),
	(376,'VINAKANSAI','2015-08-30 21:04:27','2015-08-30 21:04:27'),
	(377,'YAAN BYAE','2015-08-30 21:04:27','2015-08-30 21:04:27'),
	(378,'MERCURY RUBY','2015-08-30 21:04:27','2015-08-30 21:04:27'),
	(379,'PLD BRILLIANT 101','2015-08-30 21:04:27','2015-08-30 21:04:27'),
	(380,'TB MAGNA 5 FORDECO 5','2015-08-30 21:04:27','2015-08-30 21:04:27'),
	(381,'TB MAGNA 5 FORDECO 5','2015-08-30 21:04:27','2015-08-30 21:04:27'),
	(382,'HECTOR','2015-08-30 21:04:27','2015-08-30 21:04:27'),
	(383,'NOSHIRO III','2015-08-30 21:04:27','2015-08-30 21:04:27'),
	(384,'PHUONG NAM 68','2015-08-30 21:04:27','2015-08-30 21:04:27'),
	(385,'AMUR RIVE','2015-08-30 21:04:27','2015-08-30 21:04:27'),
	(386,'AMUR RIVER','2015-08-30 21:04:27','2015-08-30 21:04:27'),
	(387,'APPOLLO KITA','2015-08-30 21:04:27','2015-08-30 21:04:27'),
	(388,'APOLLO TROTH','2015-08-30 21:04:27','2015-08-30 21:04:27'),
	(389,'EVER PROSPER','2015-08-30 21:04:27','2015-08-30 21:04:27'),
	(390,'LING HAI','2015-08-30 21:04:27','2015-08-30 21:04:27'),
	(391,'QUANG MINH','2015-08-30 21:04:27','2015-08-30 21:04:27'),
	(392,'OCEAN SPIRIT','2015-08-30 21:04:27','2015-08-30 21:04:27'),
	(393,'SEA SUNNY','2015-08-30 21:04:27','2015-08-30 21:04:27'),
	(394,'OCEAN CONCORD','2015-08-30 21:04:27','2015-08-30 21:04:27'),
	(395,'PLD BRIGH 102','2015-08-30 21:04:27','2015-08-30 21:04:27'),
	(396,'MAS INDAH','2015-08-30 21:04:27','2015-08-30 21:04:27'),
	(397,'CARAKA JAYA NIAGA 32','2015-08-30 21:04:27','2015-08-30 21:04:27'),
	(398,'SINGA BESAR','2015-08-30 21:04:27','2015-08-30 21:04:27'),
	(399,'ROYAL PRIME','2015-08-30 21:04:27','2015-08-30 21:04:27'),
	(400,'YONG HUA 13','2015-08-30 21:04:27','2015-08-30 21:04:27'),
	(401,'OCEANIC UNION','2015-08-30 21:04:27','2015-08-30 21:04:27'),
	(402,'DYNAMIC OCEAN 01','2015-08-30 21:04:27','2015-08-30 21:04:27'),
	(403,'UNICORN BRAVO','2015-08-30 21:04:27','2015-08-30 21:04:27'),
	(404,'NAM VIET','2015-08-30 21:04:27','2015-08-30 21:04:27'),
	(405,'APOLLO STELLA ','2015-08-30 21:04:27','2015-08-30 21:04:27'),
	(406,'NAM SON 16','2015-08-30 21:04:27','2015-08-30 21:04:27'),
	(407,'ACE STAR','2015-08-30 21:04:27','2015-08-30 21:04:27'),
	(408,'SITI HALIMAH','2015-08-30 21:04:27','2015-08-30 21:04:27'),
	(409,'JINDAL VARUNA','2015-08-30 21:04:27','2015-08-30 21:04:27'),
	(410,'LONG VAN ','2015-08-30 21:04:27','2015-08-30 21:04:27'),
	(411,'GENIUS STAR II','2015-08-30 21:04:27','2015-08-30 21:04:27'),
	(412,'RED ROCK','2015-08-30 21:04:27','2015-08-30 21:04:27'),
	(413,'DANUM','2015-08-30 21:04:27','2015-08-30 21:04:27'),
	(414,'MUTIARA 5','2015-08-30 21:04:27','2015-08-30 21:04:27'),
	(415,'ML BABY AINA','2015-08-30 21:04:27','2015-08-30 21:04:27'),
	(416,'ML BABY AINA','2015-08-30 21:04:27','2015-08-30 21:04:27'),
	(417,'OCEAN SPEED','2015-08-30 21:04:27','2015-08-30 21:04:27'),
	(418,'SAO KIM','2015-08-30 21:04:27','2015-08-30 21:04:27'),
	(419,'DAYANG NILAM','2015-08-30 21:04:27','2015-08-30 21:04:27'),
	(420,'NAUTICA PONTIAN','2015-08-30 21:04:27','2015-08-30 21:04:27'),
	(421,'FOREMOST 21','2015-08-30 21:04:27','2015-08-30 21:04:27'),
	(422,'MUNSTER ','2015-08-30 21:04:27','2015-08-30 21:04:27'),
	(423,'PHUONG NAM 69','2015-08-30 21:04:27','2015-08-30 21:04:27'),
	(424,'SEISMIC SUPPORTER','2015-08-30 21:04:27','2015-08-30 21:04:27'),
	(425,'ELNUSA FINDER','2015-08-30 21:04:27','2015-08-30 21:04:27'),
	(426,'JAYA CORAL','2015-08-30 21:04:27','2015-08-30 21:04:27'),
	(427,'KOTA RATNA','2015-08-30 21:04:27','2015-08-30 21:04:27'),
	(428,'DANUM 119','2015-08-30 21:04:27','2015-08-30 21:04:27'),
	(429,'PS PEARL','2015-08-30 21:04:27','2015-08-30 21:04:27'),
	(430,'MERMAID ACHIEVER','2015-08-30 21:04:27','2015-08-30 21:04:27'),
	(431,'BABY MYKIE ','2015-08-30 21:04:27','2015-08-30 21:04:27'),
	(432,'KOTA RAJA','2015-08-30 21:04:27','2015-08-30 21:04:27'),
	(433,'CALLAIS TIDE','2015-08-30 21:04:27','2015-08-30 21:04:27'),
	(434,'CALIFORNIA','2015-08-30 21:04:27','2015-08-30 21:04:27'),
	(435,'CALIFORNIA PRINCESS','2015-08-30 21:04:27','2015-08-30 21:04:27'),
	(436,'SIN MATU','2015-08-30 21:04:27','2015-08-30 21:04:27'),
	(437,'ANJANG HIRA','2015-08-30 21:04:27','2015-08-30 21:04:27'),
	(438,'BATAM TIGA','2015-08-30 21:04:27','2015-08-30 21:04:27'),
	(439,'SWISSCO 48','2015-08-30 21:04:27','2015-08-30 21:04:27'),
	(440,'HO TAY','2015-08-30 21:04:27','2015-08-30 21:04:27'),
	(441,'APOLLO STELLA','2015-08-30 21:04:27','2015-08-30 21:04:27'),
	(442,'JAYA PEARL','2015-08-30 21:04:27','2015-08-30 21:04:27'),
	(443,'DOLPHIN','2015-08-30 21:04:27','2015-08-30 21:04:27'),
	(444,'BBC ADRIATIC','2015-08-30 21:04:27','2015-08-30 21:04:27'),
	(445,'PASCO 98','2015-08-30 21:04:27','2015-08-30 21:04:27'),
	(446,'AJANG KIN SHIP','2015-08-30 21:04:27','2015-08-30 21:04:27'),
	(447,'PDZ MEWAH','2015-08-30 21:04:27','2015-08-30 21:04:27'),
	(448,'SC GLORY','2015-08-30 21:04:27','2015-08-30 21:04:27'),
	(449,'HOANG PHUONG VIGOR','2015-08-30 21:04:27','2015-08-30 21:04:27'),
	(450,'SETEGAP VENTURES PETROLEUM SDN BHD','2015-08-30 21:04:27','2015-08-30 21:04:27'),
	(451,'AMARCO TIGER','2015-08-30 21:04:27','2015-08-30 21:04:27'),
	(452,'ORIENTAL WALTZ','2015-08-30 21:04:27','2015-08-30 21:04:27'),
	(453,'FENG ZHI BAD','2015-08-30 21:04:27','2015-08-30 21:04:27'),
	(454,'PETROTECHNICAL INSPECTION (M) S/B','2015-08-30 21:04:27','2015-08-30 21:04:27'),
	(455,'BBC BERGEN','2015-08-30 21:04:27','2015-08-30 21:04:27'),
	(456,'BISTARI 8','2015-08-30 21:04:27','2015-08-30 21:04:27'),
	(457,'MIMASAKA','2015-08-30 21:04:27','2015-08-30 21:04:27'),
	(458,'HAN ZHANG','2015-08-30 21:04:27','2015-08-30 21:04:27'),
	(459,'AN TRUNG 168','2015-08-30 21:04:27','2015-08-30 21:04:27'),
	(460,'ARIKUN','2015-08-30 21:04:27','2015-08-30 21:04:27'),
	(461,'SHELL PHILIPINES EXPLORATION B.V','2015-08-30 21:04:27','2015-08-30 21:04:27'),
	(462,'FLEVODIJK','2015-08-30 21:04:27','2015-08-30 21:04:27'),
	(463,'SUN FLORA','2015-08-30 21:04:27','2015-08-30 21:04:27'),
	(464,'GENIUS MARINER','2015-08-30 21:04:27','2015-08-30 21:04:27'),
	(465,'SUNRISE ORIENT','2015-08-30 21:04:27','2015-08-30 21:04:27'),
	(466,'SHENANDOAH HIGHWAY 1','2015-08-30 21:04:27','2015-08-30 21:04:27'),
	(467,'BG SUPER TOP 8','2015-08-30 21:04:27','2015-08-30 21:04:27'),
	(468,'GW BEYCHEVELLE','2015-08-30 21:04:27','2015-08-30 21:04:27'),
	(469,'KOTA RATU','2015-08-30 21:04:27','2015-08-30 21:04:27'),
	(470,'HAI PHONG 45','2015-08-30 21:04:27','2015-08-30 21:04:27'),
	(471,'BEAGLE VII','2015-08-30 21:04:27','2015-08-30 21:04:27'),
	(472,'SHENANDOA HIGHWAY','2015-08-30 21:04:27','2015-08-30 21:04:27'),
	(473,'LEMIN','2015-08-30 21:04:27','2015-08-30 21:04:27'),
	(474,'KOTA RUKUN','2015-08-30 21:04:27','2015-08-30 21:04:27'),
	(475,'CB NAUTICA TG PUTERI IV','2015-08-30 21:04:27','2015-08-30 21:04:27'),
	(476,'RED RESOURCES','2015-08-30 21:04:27','2015-08-30 21:04:27'),
	(477,'EASTERN JADE','2015-08-30 21:04:27','2015-08-30 21:04:27'),
	(478,'ORIENTAL XANADU','2015-08-30 21:04:27','2015-08-30 21:04:27'),
	(479,'HO TAY 2','2015-08-30 21:04:27','2015-08-30 21:04:27'),
	(480,'PRIMA DORA','2015-08-30 21:04:27','2015-08-30 21:04:27'),
	(481,'DYNAMIC OCEAN 09','2015-08-30 21:04:27','2015-08-30 21:04:27'),
	(482,'THANH CONG 45','2015-08-30 21:04:27','2015-08-30 21:04:27'),
	(483,'DONG PHONG','2015-08-30 21:04:27','2015-08-30 21:04:27'),
	(484,'JINDAL TARINI','2015-08-30 21:04:27','2015-08-30 21:04:27'),
	(485,'YUUKI','2015-08-30 21:04:27','2015-08-30 21:04:27'),
	(486,'APOLLO LEADER','2015-08-30 21:04:27','2015-08-30 21:04:27'),
	(487,'SK DEEP SEA','2015-08-30 21:04:27','2015-08-30 21:04:27'),
	(488,'ALLCARGO LAXMI','2015-08-30 21:04:27','2015-08-30 21:04:27'),
	(489,'GRACE CASABLANCA','2015-08-30 21:04:27','2015-08-30 21:04:27'),
	(490,'KOTA RAKYAT','2015-08-30 21:04:27','2015-08-30 21:04:27'),
	(491,'AN YUE JIANG ','2015-08-30 21:04:27','2015-08-30 21:04:27'),
	(492,'ASIAN TRADER','2015-08-30 21:04:27','2015-08-30 21:04:27'),
	(493,'STELLA BEAUTY','2015-08-30 21:04:27','2015-08-30 21:04:27'),
	(494,'JASA BAKTI 7','2015-08-30 21:04:27','2015-08-30 21:04:27'),
	(495,'HAI NAM STAR','2015-08-30 21:04:27','2015-08-30 21:04:27'),
	(496,'KOTA RAKYAT','2015-08-30 21:04:27','2015-08-30 21:04:27'),
	(497,'NIKITA SCAN','2015-08-30 21:04:27','2015-08-30 21:04:27'),
	(498,'JASA BAKTI','2015-08-30 21:04:27','2015-08-30 21:04:27'),
	(499,'TAN BINH','2015-08-30 21:04:27','2015-08-30 21:04:27'),
	(500,'SINAR BUT','2015-08-30 21:04:27','2015-08-30 21:04:27'),
	(501,'SINAR BUTUN','2015-08-30 21:04:27','2015-08-30 21:04:27'),
	(502,'ORIENTAL RUBY','2015-08-30 21:04:27','2015-08-30 21:04:27'),
	(503,'CAPE SANTIAGO','2015-08-30 21:04:27','2015-08-30 21:04:27'),
	(504,'MERMAID STAR','2015-08-30 21:04:27','2015-08-30 21:04:27'),
	(505,'RED ROVER','2015-08-30 21:04:27','2015-08-30 21:04:27'),
	(506,'OSLO CARRIER 2','2015-08-30 21:04:27','2015-08-30 21:04:27'),
	(507,'APPOLO NEO','2015-08-30 21:04:27','2015-08-30 21:04:27'),
	(508,'MV. SUN BRIGHT','2015-08-30 21:04:27','2015-08-30 21:04:27'),
	(509,'MV ZHONG YU','2015-08-30 21:04:27','2015-08-30 21:04:27'),
	(510,'HONG PHUONG STAR','2015-08-30 21:04:27','2015-08-30 21:04:27'),
	(511,'HOANG PHUONG STAR','2015-08-30 21:04:27','2015-08-30 21:04:27'),
	(512,'APOLLO OAK','2015-08-30 21:04:27','2015-08-30 21:04:27'),
	(513,'THUAN PHUOC','2015-08-30 21:04:27','2015-08-30 21:04:27'),
	(514,'MAXTUBE LIMITED','2015-08-30 21:04:27','2015-08-30 21:04:27'),
	(515,'STRAITS CHALLENGER','2015-08-30 21:04:27','2015-08-30 21:04:27'),
	(516,'PIONEER A','2015-08-30 21:04:27','2015-08-30 21:04:27'),
	(517,'PIONEER','2015-08-30 21:04:27','2015-08-30 21:04:27'),
	(518,'DYNAMIC OCEAN','2015-08-30 21:04:27','2015-08-30 21:04:27'),
	(519,'AQUAMARINE','2015-08-30 21:04:27','2015-08-30 21:04:27'),
	(520,'RIJN TRADER','2015-08-30 21:04:27','2015-08-30 21:04:27'),
	(521,'REECON EMRE','2015-08-30 21:04:27','2015-08-30 21:04:27'),
	(522,'ALDERNEY','2015-08-30 21:04:27','2015-08-30 21:04:27'),
	(523,'FRIDDY FU MING KONG KN','2015-08-30 21:04:27','2015-08-30 21:04:27'),
	(524,'SHINLINE 6','2015-08-30 21:04:27','2015-08-30 21:04:27'),
	(525,'RED RELIANCE','2015-08-30 21:04:27','2015-08-30 21:04:27'),
	(526,'ORIENTAL PHOENIX','2015-08-30 21:04:27','2015-08-30 21:04:27'),
	(527,'HO TAY 2','2015-08-30 21:04:27','2015-08-30 21:04:27'),
	(528,'TRUONG PHAT 02','2015-08-30 21:04:27','2015-08-30 21:04:27'),
	(529,'LCT DAYANG MAJU','2015-08-30 21:04:27','2015-08-30 21:04:27'),
	(530,'BISTARI 8','2015-08-30 21:04:27','2015-08-30 21:04:27'),
	(531,'MINH CONG 68','2015-08-30 21:04:27','2015-08-30 21:04:27'),
	(532,'NEW BLESSING','2015-08-30 21:04:27','2015-08-30 21:04:27'),
	(533,'KAMO','2015-08-30 21:04:27','2015-08-30 21:04:27'),
	(534,'SONG NGAN','2015-08-30 21:04:27','2015-08-30 21:04:27'),
	(535,'ROYAL 06','2015-08-30 21:04:27','2015-08-30 21:04:27'),
	(536,'XUAN HIEU GROUP 76','2015-08-30 21:04:27','2015-08-30 21:04:27'),
	(537,'ORIENTAL TOPAZ','2015-08-30 21:04:27','2015-08-30 21:04:27'),
	(538,'KARIN RAMBOW','2015-08-30 21:04:27','2015-08-30 21:04:27'),
	(539,'INLE STAR','2015-08-30 21:04:27','2015-08-30 21:04:27'),
	(540,'ATAYAL ACE','2015-08-30 21:04:27','2015-08-30 21:04:27'),
	(541,'THAI BINH 35','2015-08-30 21:04:27','2015-08-30 21:04:27'),
	(542,'GOLD MENAM','2015-08-30 21:04:27','2015-08-30 21:04:27'),
	(543,'ADINESIA','2015-08-30 21:04:27','2015-08-30 21:04:27'),
	(544,'JONAS','2015-08-30 21:04:27','2015-08-30 21:04:27'),
	(545,'LIMCO ASIA','2015-08-30 21:04:27','2015-08-30 21:04:27'),
	(546,'KIEN HUNG','2015-08-30 21:04:27','2015-08-30 21:04:27'),
	(547,'ATAYAL MARINER','2015-08-30 21:04:27','2015-08-30 21:04:27'),
	(548,'AN TRUNG','2015-08-30 21:04:27','2015-08-30 21:04:27'),
	(549,'LIMCO ACE','2015-08-30 21:04:27','2015-08-30 21:04:27'),
	(550,'ROYAL','2015-08-30 21:04:27','2015-08-30 21:04:27'),
	(551,'LENA','2015-08-30 21:04:27','2015-08-30 21:04:27'),
	(552,'ELINE ENTERPRISE','2015-08-30 21:04:27','2015-08-30 21:04:27'),
	(553,'BG LINAU 108','2015-08-30 21:04:27','2015-08-30 21:04:27'),
	(554,'PHU AN 268','2015-08-30 21:04:27','2015-08-30 21:04:27'),
	(555,'RICH HONOR','2015-08-30 21:04:27','2015-08-30 21:04:27'),
	(556,'RICH HONOR ','2015-08-30 21:04:27','2015-08-30 21:04:27'),
	(557,'MCP BILBAO','2015-08-30 21:04:27','2015-08-30 21:04:27'),
	(558,'EAST SUNNY','2015-08-30 21:04:27','2015-08-30 21:04:27'),
	(559,'EAST SUNNY','2015-08-30 21:04:27','2015-08-30 21:04:27'),
	(560,'GRAND VISION','2015-08-30 21:04:27','2015-08-30 21:04:27'),
	(561,'HAI PHONG 05','2015-08-30 21:04:27','2015-08-30 21:04:27'),
	(562,'TRUONG MINH SUN','2015-08-30 21:04:27','2015-08-30 21:04:27'),
	(563,'DONG THIEN PHU STAR','2015-08-30 21:04:27','2015-08-30 21:04:27'),
	(564,'AMP PRINCESS','2015-08-30 21:04:27','2015-08-30 21:04:27'),
	(565,'DAGAT','2015-08-30 21:04:27','2015-08-30 21:04:27'),
	(566,'KOTA HARUM','2015-08-30 21:04:27','2015-08-30 21:04:27'),
	(567,'PHU DAT 18','2015-08-30 21:04:27','2015-08-30 21:04:27'),
	(568,'SENTOSA TRADER','2015-08-30 21:04:27','2015-08-30 21:04:27'),
	(569,'BBC TENNESSE','2015-08-30 21:04:27','2015-08-30 21:04:27'),
	(570,'OCEAN STAR','2015-08-30 21:04:27','2015-08-30 21:04:27'),
	(571,'HAI PHONG 27','2015-08-30 21:04:27','2015-08-30 21:04:27'),
	(572,'SMOOTH 1','2015-08-30 21:04:27','2015-08-30 21:04:27'),
	(573,'BANDAR BARU','2015-08-30 21:04:27','2015-08-30 21:04:27'),
	(574,'SPRING SHINE','2015-08-30 21:04:27','2015-08-30 21:04:27'),
	(575,'QUANG MINH 18','2015-08-30 21:04:27','2015-08-30 21:04:27'),
	(576,'BBC PEARL','2015-08-30 21:04:27','2015-08-30 21:04:27'),
	(577,'PHU AN 36','2015-08-30 21:04:27','2015-08-30 21:04:27'),
	(578,'DOROTHY TRADER','2015-08-30 21:04:27','2015-08-30 21:04:27'),
	(579,'SK LINE 11','2015-08-30 21:04:27','2015-08-30 21:04:27'),
	(580,'SK LINE 79','2015-08-30 21:04:27','2015-08-30 21:04:27');

/*!40000 ALTER TABLE `vessels` ENABLE KEYS */;
UNLOCK TABLES;


# Dump of table workorders
# ------------------------------------------------------------

DROP TABLE IF EXISTS `workorders`;

CREATE TABLE `workorders` (
  `id` int(10) unsigned NOT NULL AUTO_INCREMENT,
  `workorder_no` int(10) unsigned NOT NULL,
  `movement` varchar(255) COLLATE utf8_unicode_ci NOT NULL,
  `date` timestamp NOT NULL DEFAULT '0000-00-00 00:00:00',
  `carrier_id` int(11) NOT NULL,
  `handler_id` int(11) NOT NULL,
  `vessel_schedule_id` int(11) NOT NULL,
  `container_location` int(11) NOT NULL,
  `container_status` int(11) NOT NULL,
  `who_is_involved` varchar(255) COLLATE utf8_unicode_ci NOT NULL,
  `created_at` timestamp NOT NULL DEFAULT '0000-00-00 00:00:00',
  `updated_at` timestamp NOT NULL DEFAULT '0000-00-00 00:00:00',
  PRIMARY KEY (`id`)
) ENGINE=InnoDB AUTO_INCREMENT=10 DEFAULT CHARSET=utf8 COLLATE=utf8_unicode_ci;

LOCK TABLES `workorders` WRITE;
/*!40000 ALTER TABLE `workorders` DISABLE KEYS */;

INSERT INTO `workorders` (`id`, `workorder_no`, `movement`, `date`, `carrier_id`, `handler_id`, `vessel_schedule_id`, `container_location`, `container_status`, `who_is_involved`, `created_at`, `updated_at`)
VALUES
	(1,124569,'HI','2015-08-31 07:15:22',0,138,12,1,3,'[\"WF\",\"CY1\"]','2015-08-31 07:15:22','2015-08-31 07:15:22'),
	(2,124570,'TF-1-3','2015-08-31 18:29:56',138,138,0,3,3,'[\"CY1\",\"MG\",\"PB\",\"CY3\"]','2015-08-31 18:29:56','2015-08-31 18:29:56'),
	(3,124571,'TF-3-1','2015-09-01 05:06:44',138,138,0,1,3,'[\"CY3\",\"PB\",\"MG\",\"CY1\"]','2015-09-01 05:06:44','2015-09-01 05:06:44'),
	(4,124572,'RI-1','2015-09-01 05:10:16',138,138,0,1,3,'[\"MG\",\"CY1\"]','2015-09-01 05:10:16','2015-09-01 05:10:16'),
	(5,124573,'RI-3','2015-09-01 05:13:55',138,138,0,3,3,'[\"PB\",\"CY3\"]','2015-09-01 05:13:55','2015-09-01 05:13:55'),
	(6,124574,'HI','2015-09-01 05:30:59',0,138,12,1,3,'[\"WF\",\"CY1\"]','2015-09-01 05:30:59','2015-09-01 05:30:59'),
	(7,124575,'RI-3','2015-09-01 05:42:04',138,138,0,3,3,'[\"PB\",\"CY3\"]','2015-09-01 05:42:04','2015-09-01 05:42:04'),
	(8,124576,'RI-1','2015-09-01 05:43:40',138,138,0,1,3,'[\"MG\",\"CY1\"]','2015-09-01 05:43:40','2015-09-01 05:43:40'),
	(9,124577,'ST','2015-09-01 05:54:27',138,138,0,1,3,'[\"CY1\"]','2015-09-01 05:54:27','2015-09-01 05:54:27');

/*!40000 ALTER TABLE `workorders` ENABLE KEYS */;
UNLOCK TABLES;



/*!40111 SET SQL_NOTES=@OLD_SQL_NOTES */;
/*!40101 SET SQL_MODE=@OLD_SQL_MODE */;
/*!40014 SET FOREIGN_KEY_CHECKS=@OLD_FOREIGN_KEY_CHECKS */;
/*!40101 SET CHARACTER_SET_CLIENT=@OLD_CHARACTER_SET_CLIENT */;
/*!40101 SET CHARACTER_SET_RESULTS=@OLD_CHARACTER_SET_RESULTS */;
/*!40101 SET COLLATION_CONNECTION=@OLD_COLLATION_CONNECTION */;
